<!--
	Author:	Mr GRiM
-->
<stylescript>
	<add>
		<class name="Taskbar2Composited::TaskBar"/>
		<class name="StartMenuComposited::Link"/>
		<class name="StartMenuComposited::EmptyMarkup"/>
		<class name="StartMenuComposited::ListView"/>
		<class name="StartMenuCompositedMFU::ListView"/>
		<class name="StartMenuPlaceListComposited::ListView"/>
		<class name="TaskbarJumpList::ListView"/>
		<class name="StartPanelComposited::StartPanelPriv"/>
		<class name="StartMenuKeyBoardComposited::TreeView"/>
		<class name="StartMenuHoverComposited::TreeView"/>
		<class name="StartMenuKeyBoard::TreeView"/>
		<class name="StartMenuHover::TreeView"/>
		<class name="ShowDesktop::Button"/>
		<class name="VerticalShowDesktop::Button"/>
		<class name="DarkMode::Status"/>
		<class name="StartPanelCompositedBottom::StartPanelPriv"/>
	</add>
	<remove>
		<class class="Navigation"/>	
		<class class="CopyClose"/>
		<class class="Pause"/>		
		<class class="TaskbandExtendedUI"/>		
		<class class="TrayNotifyHoriz::Button"/>
		<class class="TrayNotifyHorizHCWhite::Button"/>
		<class class="TrayNotifyHoriz::TrayNotify"/>
		<class class="TrayNotifyHorizOpen::Button"/>
		<class class="TrayNotifyHorizOpenHCWhite::Button"/>
		<class class="TrayNotifyVert::Button"/>
		<class class="TrayNotifyVertHCWhite::Button"/>
		<class class="TrayNotifyVert::TrayNotify"/>
		<class class="TrayNotifyVertOpen::Button"/>
		<class class="TrayNotifyVertOpenHCWhite::Button"/>
		<class class="StartPanelCompositedBottom::StartPanelPriv"/>
		<class class="StartMenuComposited::Link"/>
		<class class="StartMenuComposited::EmptyMarkup"/>
		<class class="StartMenuComposited::ListView"/>
		<class class="StartMenuCompositedMFU::ListView"/>
		<class class="StartMenuPlaceListComposited::ListView"/>
		<class class="TaskbarJumpList::ListView"/>
		<class class="StartPanelComposited::StartPanelPriv"/>
		<class class="StartMenuKeyBoardComposited::TreeView"/>
		<class class="StartMenuHoverComposited::TreeView"/>
		<class class="StartMenuKeyBoard::TreeView"/>
		<class class="StartMenuHover::TreeView"/>
		
		<class class="DarkMode_AddressComposited::ComboBox"/>
		<class class="DarkMode_InactiveAddressComposited::ComboBox"/>
		<class class="DarkMode_MaxAddressComposited::ComboBox"/>
		<class class="DarkMode_MaxInactiveAddressComposited::ComboBox"/>
	</remove>
</stylescript>