<!--
	Author:	Mr GRiM
-->
<stylescript>
	<copy>
	<!-- Windows 10 Light Mode > Taskbar & System Tray -->

		<property sourceClass="TaskBand2Composited::TaskBand2" sourcePart="0" sourceState="0" name="TEXTCOLOR:COLOR" destClass="TaskBand2" destPart="0" destState="0"/>
		<property sourceClass="TaskBand2Composited::TaskBand2" sourcePart="0" sourceState="0" name="FONT:FONT" destClass="TaskBand2" destPart="0" destState="0"/>
		<property sourceClass="TrayNotify::Clock" sourcePart="0" sourceState="0" name="FONT:FONT" destClass="TaskBand2" destPart="0" destState="0"/>
		<property sourceClass="TrayNotify::Clock" sourcePart="0" sourceState="0" name="TEXTCOLOR:COLOR" destClass="TaskBand2" destPart="0" destState="0"/>
		<property sourceClass="TaskBand2" sourcePart="0" sourceState="0" name="FONT:FONT" destClass="TaskBand2CompositedLight::TaskBand2" destPart="5" destState="0"/>
		<property sourceClass="TaskBand2" sourcePart="0" sourceState="0" name="FONT:FONT" destClass="TaskBand2CompositedSmallIconsLight::TaskBand2" destPart="5" destState="0"/>
		<property sourceClass="TaskBand2" sourcePart="0" sourceState="0" name="FONT:FONT" destClass="TaskBand2CompositedVertical8Light::TaskBand2" destPart="5" destState="0"/>
		<property sourceClass="TaskBand2" sourcePart="0" sourceState="0" name="FONT:FONT" destClass="TaskBand2CompositedSmallIconsVertical8Light::TaskBand2" destPart="5" destState="0"/>
		<property sourceClass="TaskBand2" sourcePart="0" sourceState="0" name="FONT:FONT" destClass="TaskBand2Light::TaskBand2" destPart="5" destState="0"/>
		<property sourceClass="TaskBand2" sourcePart="0" sourceState="0" name="FONT:FONT" destClass="TaskBand2SmallIconsLight::TaskBand2" destPart="5" destState="0"/>
		<property sourceClass="TaskBand2" sourcePart="0" sourceState="0" name="FONT:FONT" destClass="TaskBand2VerticalLight::TaskBand2" destPart="5" destState="0"/>
		<property sourceClass="TaskBand2" sourcePart="0" sourceState="0" name="FONT:FONT" destClass="TaskBand2SmallIconsVerticalLight::TaskBand2" destPart="5" destState="0"/>
		<property sourceClass="TaskBand2" sourcePart="0" sourceState="0" name="TEXTCOLOR:COLOR" destClass="TaskBand2CompositedLight::TaskBand2" destPart="5" destState="0"/>
		<property sourceClass="TaskBand2" sourcePart="0" sourceState="0" name="TEXTCOLOR:COLOR" destClass="TaskBand2CompositedSmallIconsLight::TaskBand2" destPart="5" destState="0"/>
		<property sourceClass="TaskBand2" sourcePart="0" sourceState="0" name="TEXTCOLOR:COLOR" destClass="TaskBand2CompositedVertical8Light::TaskBand2" destPart="5" destState="0"/>
		<property sourceClass="TaskBand2" sourcePart="0" sourceState="0" name="TEXTCOLOR:COLOR" destClass="TaskBand2CompositedSmallIconsVertical8Light::TaskBand2" destPart="5" destState="0"/>
		<property sourceClass="TaskBand2" sourcePart="0" sourceState="0" name="TEXTCOLOR:COLOR" destClass="TaskBand2Light::TaskBand2" destPart="5" destState="0"/>
		<property sourceClass="TaskBand2" sourcePart="0" sourceState="0" name="TEXTCOLOR:COLOR" destClass="TaskBand2SmallIconsLight::TaskBand2" destPart="5" destState="0"/>
		<property sourceClass="TaskBand2" sourcePart="0" sourceState="0" name="TEXTCOLOR:COLOR" destClass="TaskBand2VerticalLight::TaskBand2" destPart="5" destState="0"/>
		<property sourceClass="TaskBand2" sourcePart="0" sourceState="0" name="TEXTCOLOR:COLOR" destClass="TaskBand2SmallIconsVerticalLight::TaskBand2" destPart="5" destState="0"/>
		<property sourceClass="TaskBand2Composited::TaskBand2" sourcePart="1" sourceState="0" name="CONTENTMARGINS:MARGINS" destClass="TaskBand2CompositedLight::TaskBand2" destPart="1" destState="0"/>
		<property sourceClass="TaskBand2Composited::TaskBand2" sourcePart="2" sourceState="0" name="CONTENTMARGINS:MARGINS" destClass="TaskBand2CompositedLight::TaskBand2" destPart="2" destState="0"/>
		<property sourceClass="TaskBand2Composited::TaskBand2" sourcePart="3" sourceState="0" name="CONTENTMARGINS:MARGINS" destClass="TaskBand2CompositedLight::TaskBand2" destPart="3" destState="0"/>
		<property sourceClass="TaskBand2Composited::TaskBand2" sourcePart="4" sourceState="0" name="CONTENTMARGINS:MARGINS" destClass="TaskBand2CompositedLight::TaskBand2" destPart="4" destState="0"/>
		<property sourceClass="TaskBand2CompositedSmallIcons::TaskBand2" sourcePart="1" sourceState="0" name="CONTENTMARGINS:MARGINS" destClass="TaskBand2CompositedSmallIconsLight::TaskBand2" destPart="1" destState="0"/>
		<property sourceClass="TaskBand2CompositedSmallIcons::TaskBand2" sourcePart="2" sourceState="0" name="CONTENTMARGINS:MARGINS" destClass="TaskBand2CompositedSmallIconsLight::TaskBand2" destPart="2" destState="0"/>
		<property sourceClass="TaskBand2CompositedVertical::TaskBand2" sourcePart="3" sourceState="0" name="CONTENTMARGINS:MARGINS" destClass="TaskBand2CompositedVertical8Light::TaskBand2" destPart="3" destState="0"/>
		<property sourceClass="TaskBand2CompositedVertical::TaskBand2" sourcePart="4" sourceState="0" name="CONTENTMARGINS:MARGINS" destClass="TaskBand2CompositedVertical8Light::TaskBand2" destPart="4" destState="0"/>
		<property sourceClass="TaskBand2CompositedSmallIconsVertical::TaskBand2" sourcePart="3" sourceState="0" name="CONTENTMARGINS:MARGINS" destClass="TaskBand2CompositedSmallIconsVertical8Light::TaskBand2" destPart="3" destState="0"/>
		<property sourceClass="TaskBand2CompositedSmallIconsVertical::TaskBand2" sourcePart="4" sourceState="0" name="CONTENTMARGINS:MARGINS" destClass="TaskBand2CompositedSmallIconsVertical8Light::TaskBand2" destPart="4" destState="0"/>
		<property sourceClass="TaskBand2" sourcePart="5" sourceState="0" name="CONTENTMARGINS:MARGINS" destClass="TaskBand2CompositedLight::TaskBand2" destPart="5" destState="0"/>
		<property sourceClass="TaskBand2SmallIcons::TaskBand2" sourcePart="5" sourceState="0" name="CONTENTMARGINS:MARGINS" destClass="TaskBand2CompositedSmallIconsLight::TaskBand2" destPart="5" destState="0"/>
		<property sourceClass="TaskBand2Vertical::TaskBand2" sourcePart="5" sourceState="0" name="CONTENTMARGINS:MARGINS" destClass="TaskBand2CompositedVertical8Light::TaskBand2" destPart="5" destState="0"/>
		<property sourceClass="TaskBand2SmallIconsVertical::TaskBand2" sourcePart="5" sourceState="0" name="CONTENTMARGINS:MARGINS" destClass="TaskBand2CompositedSmallIconsVertical8Light::TaskBand2" destPart="5" destState="0"/>
		<property sourceClass="TaskBand2" sourcePart="5" sourceState="0" name="SIZINGMARGINS:MARGINS" destClass="TaskBand2CompositedLight::TaskBand2" destPart="5" destState="0"/>
		<property sourceClass="TaskBand2SmallIcons::TaskBand2" sourcePart="5" sourceState="0" name="SIZINGMARGINS:MARGINS" destClass="TaskBand2CompositedSmallIconsLight::TaskBand2" destPart="5" destState="0"/>
		<property sourceClass="TaskBand2Vertical::TaskBand2" sourcePart="5" sourceState="0" name="SIZINGMARGINS:MARGINS" destClass="TaskBand2CompositedVertical8Light::TaskBand2" destPart="5" destState="0"/>
		<property sourceClass="TaskBand2SmallIconsVertical::TaskBand2" sourcePart="5" sourceState="0" name="SIZINGMARGINS:MARGINS" destClass="TaskBand2CompositedSmallIconsVertical8Light::TaskBand2" destPart="5" destState="0"/>
		<property sourceClass="ItemsView" sourcePart="4" sourceState="1" name="TEXTCOLOR:COLOR" destClass="ItemsView::ListView" destPart="1" destState="1"/>
		<property sourceClass="ItemsView" sourcePart="4" sourceState="3" name="TEXTCOLOR:COLOR" destClass="ItemsView::ListView" destPart="1" destState="2"/>
		<property sourceClass="ItemsView" sourcePart="4" sourceState="3" name="TEXTCOLOR:COLOR" destClass="ItemsView::ListView" destPart="1" destState="3"/>
		<property sourceClass="ListView" sourcePart="6" sourceState="0" name="HEADING1TEXTCOLOR:COLOR" destClass="Explorer::ListView" destPart="6" destState="0"/>
		<property sourceClass="ItemsView" sourcePart="4" sourceState="9" name="TEXTCOLOR:COLOR" destClass="ItemsView" destPart="4" destState="11"/>
		<property sourceClass="ItemsView" sourcePart="4" sourceState="10" name="TEXTCOLOR:COLOR" destClass="ItemsView" destPart="4" destState="12"/>
		<property sourceClass="ItemsView" sourcePart="4" sourceState="9" name="TEXTCOLOR:COLOR" destClass="DarkMode::ItemsView" destPart="4" destState="11"/>
		<property sourceClass="ItemsView" sourcePart="4" sourceState="10" name="TEXTCOLOR:COLOR" destClass="DarkMode::ItemsView" destPart="4" destState="12"/>
	</copy>
	<!--Fix Import-->
	<remove>
		<property class="DarkMode_AddressComposited::ComboBox" part="0" state="0" name="BORDERCOLOR:COLOR"/>
		<property class="DarkMode_AddressComposited::ComboBox" part="0" state="0" name="BORDERSIZE:INT"/>
		<property class="DarkMode_MaxAddressComposited::ComboBox" part="0" state="0" name="BORDERCOLOR:COLOR"/>
		<property class="DarkMode_MaxAddressComposited::ComboBox" part="0" state="0" name="BORDERSIZE:INT"/>
		
		<property class="DWMWindow" part="0" state="0" name="BGTYPE:ENUM"/>
		<property class="DWMWindow" part="0" state="0" name="COLOR:COLOR"/>
		<property class="DWMWindow" part="0" state="0" name="FILLCOLOR:COLOR"/>
		<property class="DWMWindow" part="0" state="0" name="TEXTCOLOR:COLOR"/>
		<property class="DWMWindow" part="0" state="0" name="ATLASRECT:RECT"/>
		<property class="DWMWindow" part="0" state="0" name="IMAGECOUNT:INT"/>
		<property class="DWMWindow" part="0" state="0" name="CONTENTMARGINS:MARGINS"/>
		<property class="DWMWindow" part="33" state="3" name="OPACITY:INT"/>
		<property class="DWMWindow" part="33" state="4" name="OPACITY:INT"/>
		<property class="DWMWindow" part="36" state="1" name="TEXTCOLOR:COLOR"/>
		<property class="DWMWindow" part="36" state="1" name="GLOWCOLOR:COLOR"/>
		<property class="DWMWindow" part="36" state="2" name="TEXTCOLOR:COLOR"/>
		<property class="DWMWindow" part="36" state="2" name="GLOWCOLOR:COLOR"/>
		<property class="DWMWindow" part="37" state="1" name="TEXTCOLOR:COLOR"/>
		<property class="DWMWindow" part="37" state="1" name="GLOWCOLOR:COLOR"/>
		<property class="DWMWindow" part="37" state="2" name="TEXTCOLOR:COLOR"/>
		<property class="DWMWindow" part="37" state="2" name="GLOWCOLOR:COLOR"/>
		<property class="DWMWindow" part="38" state="1" name="TEXTCOLOR:COLOR"/>
		<property class="DWMWindow" part="38" state="1" name="GLOWCOLOR:COLOR"/>
		<property class="DWMWindow" part="38" state="2" name="TEXTCOLOR:COLOR"/>
		<property class="DWMWindow" part="38" state="2" name="GLOWCOLOR:COLOR"/>
		<property class="DWMWindow" part="38" state="3" name="TEXTCOLOR:COLOR"/>
		<property class="DWMWindow" part="38" state="3" name="GLOWCOLOR:COLOR"/>
		<property class="DWMWindow" part="38" state="4" name="TEXTCOLOR:COLOR"/>
		<property class="DWMWindow" part="38" state="4" name="GLOWCOLOR:COLOR"/>
		<property class="DWMWindow" part="46" state="0" name="BORDERCOLOR:COLOR"/>
		<property class="DWMWindow" part="54" state="0" name="BORDERCOLOR:COLOR"/>
		<property class="DWMWindow" part="55" state="0" name="BORDERCOLOR:COLOR"/>
		<property class="DWMWindow" part="62" state="1" name="OPACITY:INT"/>
		<property class="DWMWindow" part="62" state="2" name="OPACITY:INT"/>
		<property class="DWMWindow" part="62" state="3" name="OPACITY:INT"/>
		<property class="DWMWindow" part="62" state="4" name="OPACITY:INT"/>
		<property class="DWMWindow" part="46" state="0" name="CAPTIONMARGINS:MARGINS"/>
		<property class="DWMWindow" part="84" state="1" name="GLOWCOLOR:COLOR"/>
		<property class="DWMWindow" part="84" state="2" name="GLOWCOLOR:COLOR"/>
	</remove>
</stylescript>