<!--
	Author:	Mr GRiM
-->
<stylescript>
	<add>
		<class name="Taskbar2Composited::TaskBar"/>
		<class name="StartPanelCompositedBottom::StartPanelPriv"/>
		<class name="StartMenuComposited::Link"/>
		<class name="StartMenuComposited::EmptyMarkup"/>
		<class name="StartMenuComposited::ListView"/>
		<class name="StartMenuCompositedMFU::ListView"/>
		<class name="StartMenuPlaceListComposited::ListView"/>
		<class name="TaskbarJumpList::ListView"/>
		<class name="StartPanelComposited::StartPanelPriv"/>
		<class name="StartMenuKeyBoardComposited::TreeView"/>
		<class name="StartMenuHoverComposited::TreeView"/>
		<class name="StartMenuKeyBoard::TreeView"/>
		<class name="StartMenuHover::TreeView"/>
	</add>
	<remove>
		<class class="StartPanel"/>
		<class class="StartPanelPriv"/>
	</remove>
	<add>
		<property class="StartPanel" part="0" state="0" name="BGTYPE:ENUM" value="NONE"/>
		<property class="StartPanelPriv" part="0" state="0" name="BGTYPE:ENUM" value="NONE"/>
	</add>
</stylescript>