<!--
	Author:	Mr GRiM
-->
<stylescript>
	<remove>
	<class class="Link"/>
	<class class="EmptyMarkup"/>
	<class class="Button"/>
	<class class="InfoPaneButton::Button"/>
	<class class="InfoPaneStatic::Static"/>
	<class class="Combobox"/>
	<class class="Edit"/>
	<class class="EditComposited::Edit"/>
	<class class="TaskBar::Edit"/>
	<class class="GenericPreviewPaneControl::Edit"/>
	<class class="Explorer::Edit"/>
	<class class="DocumentsPreviewPaneControl::Edit"/>
	<class class="MusicPreviewPaneControl::Edit"/>
	<class class="PhotoPreviewPaneControl::Edit"/>
	<class class="CommonItemDialogPreviewPaneControl::Edit"/>
	<class class="ExplorerBar"/>
	<class class="Header"/>
	<class class="ItemsView::Header"/>
	<class class="MonthCal"/>
	<class class="DatePicker"/>
	<class class="DropListControl"/>
	<class class="Communications::Combobox"/>
	<class class="ListView"/>
	<class class="Explorer::ListView"/>
	<class class="Desktop::ListView"/>
	<class class="ItemsView::ListView"/>
	<class class="ItemsView"/>
	<class class="ShellStatusBarSeparator"/>
	<class class="StartMenu::ListView"/>
	<class class="Progress"/>
	<class class="Indeterminate::Progress"/>
	<class class="Rebar"/>
	<class class="BrowserTabBar::Rebar"/>
	<class class="AlternateRebar::Rebar"/>
	<class class="ITBarBase::Rebar"/>
	<class class="Communications::Rebar"/>
	<class class="Media::Rebar"/>
	<class class="Default::Rebar"/>
	<class class="ExplorerBar::Rebar"/>
	<class class="Help::Rebar"/>
	<class class="NavbarBase::Rebar"/>
	<class class="Navbar::Rebar"/>
	<class class="NavbarComposited::Rebar"/>
	<class class="InactiveNavbar::Rebar"/>
	<class class="InactiveNavbarComposited::Rebar"/>
	<class class="MaxInactiveNavbar::Rebar"/>
	<class class="MaxInactiveNavbarComposited::Rebar"/>
	<class class="MaxNavbar::Rebar"/>
	<class class="MaxNavbarComposited::Rebar"/>
	<class class="NavbarNonTopmost::Rebar"/>
	<class class="ControlPanel"/>
	<class class="AeroWizard"/>
	<class class="TaskDialog"/>
	<class class="Listbox"/>
	<class class="ScrollBar"/>
	<class class="Spin"/>
	<class class="StartPanel"/>
	<class class="StartPanelPriv"/>
	<class class="Status"/>
	<class class="Tab"/>
	<class class="BrowserTab::Tab"/>
	<class class="TaskBand"/>
	<class class="TaskBar"/>
	<class class="Toolbar"/>
	<class class="InfoPaneToolbar::Toolbar"/>
	<class class="Alternate::Toolbar"/>
	<class class="Media::Toolbar"/>
	<class class="Communications::Toolbar"/>
	<class class="ListViewPopup"/>
	<class class="LVPopup::Toolbar"/>
	<class class="LVPopupBottom::Toolbar"/>
	<class class="AB::AddressBand"/>
	<class class="ABComposited::AddressBand"/>
	<class class="ABRed::AddressBand"/>
	<class class="ABRedComposited::AddressBand"/>
	<class class="ABYellow::AddressBand"/>
	<class class="ABYellowComposited::AddressBand"/>
	<class class="ABGreen::AddressBand"/>
	<class class="ABGreenComposited::AddressBand"/>
	<class class="SearchBox"/>
	<class class="MaxSearchBox::SearchBox"/>
	<class class="InactiveSearchBox::SearchBox"/>
	<class class="MaxInactiveSearchBox::SearchBox"/>
	<class class="SearchBoxComposited::SearchBox"/>
	<class class="MaxSearchBoxComposited::SearchBox"/>
	<class class="InactiveSearchBoxComposited::SearchBox"/>
	<class class="MaxInactiveSearchBoxComposited::SearchBox"/>
	<class class="HelpSearchBox"/>
	<class class="SearchBoxEdit::Edit"/>
	<class class="SearchEditBox"/>
	<class class="MaxSearchBoxEdit::Edit"/>
	<class class="InactiveSearchBoxEdit::Edit"/>
	<class class="MaxInactiveSearchBoxEdit::Edit"/>
	<class class="SearchBoxEditComposited::Edit"/>
	<class class="MaxSearchBoxEditComposited::Edit"/>
	<class class="InactiveSearchBoxEditComposited::Edit"/>
	<class class="MaxInactiveSearchBoxEditComposited::Edit"/>
	<class class="Help::Edit"/>
	<class class="BreadcrumbBar"/>
	<class class="BreadcrumbBarComposited::BreadcrumbBar"/>
	<class class="InactiveBreadcrumbBar::BreadcrumbBar"/>
	<class class="InactiveBreadcrumbBarComposited::BreadcrumbBar"/>
	<class class="MaxBreadcrumbBar::BreadcrumbBar"/>
	<class class="MaxBreadcrumbBarComposited::BreadcrumbBar"/>
	<class class="MaxInactiveBreadcrumbBar::BreadcrumbBar"/>
	<class class="MaxInactiveBreadcrumbBarComposited::BreadcrumbBar"/>
	<class class="Go::Toolbar"/>
	<class class="GoComposited::Toolbar"/>
	<class class="MaxGo::Toolbar"/>
	<class class="MaxGoComposited::Toolbar"/>
	<class class="InactiveGo::Toolbar"/>
	<class class="InactiveGoComposited::Toolbar"/>
	<class class="MaxInactiveGo::Toolbar"/>
	<class class="MaxInactiveGoComposited::Toolbar"/>
	<class class="BB::Toolbar"/>
	<class class="BBComposited::Toolbar"/>
	<class class="InactiveBB::Toolbar"/>
	<class class="InactiveBBComposited::Toolbar"/>
	<class class="MaxInactiveBB::Toolbar"/>
	<class class="MaxInactiveBBComposited::Toolbar"/>
	<class class="MaxBB::Toolbar"/>
	<class class="MaxBBComposited::Toolbar"/>
	<class class="Address::Edit"/>
	<class class="AddressComposited::Edit"/>
	<class class="Address::ComboBox"/>
	<class class="AddressComposited::ComboBox"/>
	<class class="TaskBar::ComboBox"/>
	<class class="InactiveAddress::ComboBox"/>
	<class class="InactiveAddressComposited::ComboBox"/>
	<class class="InactiveAddress::Edit"/>
	<class class="InactiveAddressComposited::Edit"/>
	<class class="MaxAddress::Edit"/>
	<class class="MaxAddress::ComboBox"/>
	<class class="MaxAddressComposited::Edit"/>
	<class class="MaxAddressComposited::ComboBox"/>
	<class class="MaxInactiveAddress::Edit"/>
	<class class="MaxInactiveAddressComposited::Edit"/>
	<class class="MaxInactiveAddress::ComboBox"/>
	<class class="MaxInactiveAddressComposited::ComboBox"/>
	<class class="SearchButton::Toolbar"/>
	<class class="SearchButtonComposited::Toolbar"/>
	<class class="Tooltip"/>
	<class class="TryHarder"/>
	<class class="CommandModule"/>
	<class class="CPLCommandModule::CommandModule"/>
	<class class="InfoBar"/>
	<class class="PreviewPane"/>
	<class class="BarrierPage"/>
	<class class="CopyClose"/>
	<class class="Pause"/>
	<class class="ReadingPane"/>
	<class class="SearchHome"/>
	<class class="TrackBar"/>
	<class class="TreeView"/>
	<class class="Explorer::TreeView"/>
	<class class="Window"/>
	<class class="CompositedWindow::Window"/>
	<class class="Menu"/>
	<class class="ImmersiveStart::Menu"/>
	<class class="ImmersiveStartDark::Menu"/>
	<class class="Media::Menu"/>
	<class class="Communications::Menu"/>
	<class class="Placesbar::Toolbar"/>
	<class class="StartMenu::MenuBand"/>
	<class class="StartMenu::Toolbar"/>
	<class class="ProperTree"/>
	<class class="ExplorerMenu::MenuBand"/>
	<class class="ExplorerMenu::Toolbar"/>
	<class class="TaskBand2::ScrollBar"/>
	<class class="TaskBand2Composited8::ScrollBar"/>
	<class class="TaskBand2"/>
	<class class="TaskBand2Vertical::Taskband2"/>
	<class class="TaskBand2SmallIcons::Taskband2"/>
	<class class="TaskBand2SmallIconsVertical::Taskband2"/>
	<class class="TaskBand2Composited::TaskBand2"/>
	<class class="TaskBand2CompositedSmallIcons::TaskBand2"/>
	<class class="TaskBand2CompositedVertical::TaskBand2"/>
	<class class="TaskBand2CompositedVertical8::TaskBand2"/>
	<class class="TaskBand2CompositedSmallIconsVertical::TaskBand2"/>
	<class class="TaskbandExtendedUI"/>
	<class class="TaskBand2CompositedSmallIconsVertical8::TaskBand2"/>
	<class class="TrayNotifyFlyout"/>
	<class class="TaskBar::Rebar"/>
	<class class="TaskBarHCBlack::Rebar"/>
	<class class="TaskBarHCWhite::Rebar"/>
	<class class="TaskBarSmallIcons::Rebar"/>
	<class class="TaskBarSmallIconsHCBlack::Rebar"/>
	<class class="TaskBarSmallIconsHCWhite::Rebar"/>
	<class class="TaskBar::Toolbar"/>
	<class class="TaskBarVert::Toolbar"/>
	<class class="TrayNotify::Clock"/>
	<class class="TrayNotify::Toolbar"/>
	<class class="TrayNotify::UserTile"/>
	<class class="TrayNotifyHoriz::Button"/>
	<class class="TrayNotifyHorizHCWhite::Button"/>
	<class class="TrayNotifyHoriz::TrayNotify"/>
	<class class="TrayNotifyHorizOpen::Button"/>
	<class class="TrayNotifyHorizOpenHCWhite::Button"/>
	<class class="TrayNotifyVert::Button"/>
	<class class="TrayNotifyVertHCWhite::Button"/>
	<class class="TrayNotifyVert::TrayNotify"/>
	<class class="TrayNotifyVertOpen::Button"/>
	<class class="TrayNotifyVertOpenHCWhite::Button"/>
	<class class="TextGlow"/>
	<class class="Flyout"/>
	<class class="DragDrop"/>
	<class class="Navigation"/>
	<class class="TaskbarShowDesktop"/>
	<class class="Static"/>
	<class class="ChartView"/>
	<class class="TaskManager"/>
	<class class="TextSelectionGripper"/>
	<class class="TaskbarPearl"/>
	<class class="timingfunction"/>
	<class class="animations"/>
	<class class="StartPanelCompositedBottom::StartPanelPriv"/>
	<class class="Taskbar2Composited::TaskBar"/>
	<class class="StartMenuComposited::Link"/>
	<class class="StartMenuComposited::EmptyMarkup"/>
	<class class="StartMenuComposited::ListView"/>
	<class class="StartMenuCompositedMFU::ListView"/>
	<class class="StartMenuPlaceListComposited::ListView"/>
	<class class="TaskbarJumpList::ListView"/>
	<class class="StartPanelComposited::StartPanelPriv"/>
	<class class="StartMenuKeyBoardComposited::TreeView"/>
	<class class="StartMenuHoverComposited::TreeView"/>
	<class class="StartMenuKeyBoard::TreeView"/>
	<class class="StartMenuHover::TreeView"/>
	<class class="SIB_StartPanelComposited::StartPanelPriv"/>
	<class class="TrayNotifyComposited::Clock"/>
	<class class="VerticalShowDesktop::Button"/>
	<class class="ShowDesktop::Button"/>
	<class class="DarkModeNavbarComposited::Rebar"/>
	<class class="DarkModeInactiveNavbarComposited::Rebar"/>
	<class class="DarkModeMaxNavbarComposited::Rebar"/>
	<class class="DarkModeMaxInactiveNavbarComposited::Rebar"/>
	<class class="DarkModeNavbarBase::Rebar"/>
	<class class="DarkModeNavbarNonTopmost::Rebar"/>
	<class class="DarkModeNavbar::Rebar"/>
	<class class="DarkModeInactiveNavbar::Rebar"/>
	<class class="DarkModeMaxNavbar::Rebar"/>
	<class class="DarkModeMaxInactiveNavbar::Rebar"/>
	<class class="DarkMode::Toolbar"/>
	<class class="DarkMode_ItemsView::Header"/>
	<class class="DarkMode_ABComposited::AddressBand"/>
	<class class="DarkMode_AddressComposited::ComboBox"/>
	<class class="DarkMode_InactiveAddressComposited::ComboBox"/>
	<class class="DarkMode_MaxAddressComposited::ComboBox"/>
	<class class="DarkMode_MaxInactiveAddressComposited::ComboBox"/>
	<class class="DarkMode_AddressComposited::Edit"/>
	<class class="DarkMode_InactiveAddressComposited::Edit"/>
	<class class="DarkMode_MaxAddressComposited::Edit"/>
	<class class="DarkMode_MaxInactiveAddressComposited::Edit"/>
	<class class="DarkMode_BBComposited::Toolbar"/>
	<class class="DarkMode_InactiveBBComposited::Toolbar"/>
	<class class="DarkMode_MaxBBComposited::Toolbar"/>
	<class class="DarkMode_MaxInactiveBBComposited::Toolbar"/>
	<class class="DarkMode::TryHarder"/>
	<class class="DarkMode_SearchBoxEditComposited::Edit"/>
	<class class="DarkMode_InactiveSearchBoxEditComposited::Edit"/>
	<class class="DarkMode_MaxSearchBoxEditComposited::Edit"/>
	<class class="DarkMode_MaxInactiveSearchBoxEditComposited::Edit"/>
	<class class="DarkMode_SearchBoxComposited::SearchBox"/>
	<class class="DarkMode_InactiveSearchBoxComposited::SearchBox"/>
	<class class="DarkMode_MaxSearchBoxComposited::SearchBox"/>
	<class class="DarkMode_MaxInactiveSearchBoxComposited::SearchBox"/>
	<class class="DarkMode::SearchBox"/>
	<class class="Explorer::Button"/>
	<class class="DarkMode_Explorer::Button"/>
	<class class="DarkMode::Navigation"/>
	<class class="CFD::Combobox"/>
	<class class="DarkMode_CFD::Combobox"/>
	<class class="Explorer::ScrollBar"/>
	<class class="DarkMode_Explorer::ScrollBar"/>
	<class class="DarkMode::Menu"/>
	<class class="DarkMode_ImmersiveStart::Menu"/>
	<class class="DarkMode_Explorer::TreeView"/>
	<class class="DarkMode::CommandModule"/>
	<class class="Explorer::CommandModule"/>
	<class class="DarkMode_Explorer::CommandModule"/>
	<class class="DarkMode_Explorer::Tooltip"/>
	<class class="DarkMode::ReadingPane"/>
	<class class="DarkMode::PreviewPane"/>
	<class class="DarkMode::ProperTree"/>
	<class class="ExplorerNavPane"/>
	<class class="DarkMode::ExplorerNavPane"/>
	<class class="DarkMode::ItemsView"/>
	<class class="DarkMode_CFD::Edit"/>
	<class class="DarkMode_Explorer::Edit"/>
	<class class="DarkMode_ItemsView::ListView"/>
	<class class="ExplorerStatusBar"/>
	<class class="DarkMode::ExplorerStatusBar"/>
	<class class="DarkMode_InfoPaneToolbar::Toolbar"/>
	<class class="CommonItemsDialog"/>
	<class class="DarkMode::CommonItemsDialog"/>
	<class class="FileExplorerBannerContainer"/>
	<class class="DarkMode::FileExplorerBannerContainer"/>
	<class class="LightMode_ImmersiveStart::Menu"/>
	<class class="TaskBarLight::Rebar"/>
	<class class="TaskBarSmallIconsLight::Rebar"/>
	<class class="TaskBarLight::Toolbar"/>
	<class class="TaskBarVertLight::Toolbar"/>
	<class class="TaskBandExtendedUILight::TaskBandExtendedUI"/>
	<class class="TaskBand2CompositedLight::TaskBand2"/>
	<class class="TaskBand2CompositedSmallIconsLight::TaskBand2"/>
	<class class="TaskBand2CompositedVertical8Light::TaskBand2"/>
	<class class="TaskBand2CompositedSmallIconsVertical8Light::TaskBand2"/>
	<class class="TaskBand2Light::TaskBand2"/>
	<class class="TaskBand2VerticalLight::TaskBand2"/>
	<class class="TaskBand2SmallIconsLight::TaskBand2"/>
	<class class="TaskBand2SmallIconsVerticalLight::TaskBand2"/>
	</remove>
</stylescript>