<!--
	Author:	Mr GRiM
-->
<stylescript>
	<remove>
	<!-- Windows 10 Dark Mode > Toolbars, Headers, & Rebar -->
		<class class="DarkModeNavbarComposited::Rebar"/>
		<class class="DarkModeInactiveNavbarComposited::Rebar"/>
		<class class="DarkModeMaxNavbarComposited::Rebar"/>
		<class class="DarkModeMaxInactiveNavbarComposited::Rebar"/>
		<class class="DarkModeNavbarBase::Rebar"/>
		<class class="DarkModeNavbarNonTopmost::Rebar"/>
		<class class="DarkModeNavbar::Rebar"/>
		<class class="DarkModeInactiveNavbar::Rebar"/>
		<class class="DarkModeMaxNavbar::Rebar"/>
		<class class="DarkModeMaxInactiveNavbar::Rebar"/>
		<class class="DarkMode::Toolbar"/>
		<class class="DarkMode_ItemsView::Header"/>
	<!-- Windows 10 Dark Mode > Address, Breadcrumb, & Search -->
		<class class="DarkMode_ABComposited::AddressBand"/>
		<class class="DarkMode_AddressComposited::ComboBox"/>
		<class class="DarkMode_InactiveAddressComposited::ComboBox"/>
		<class class="DarkMode_MaxAddressComposited::ComboBox"/>
		<class class="DarkMode_MaxInactiveAddressComposited::ComboBox"/>
		<class class="DarkMode_AddressComposited::Edit"/>
		<class class="DarkMode_InactiveAddressComposited::Edit"/>
		<class class="DarkMode_MaxAddressComposited::Edit"/>
		<class class="DarkMode_MaxInactiveAddressComposited::Edit"/>
		<class class="DarkMode_BBComposited::Toolbar"/>
		<class class="DarkMode_InactiveBBComposited::Toolbar"/>
		<class class="DarkMode_MaxBBComposited::Toolbar"/>
		<class class="DarkMode_MaxInactiveBBComposited::Toolbar"/>
		<class class="DarkMode::TryHarder"/>
		<class class="DarkMode_SearchBoxEditComposited::Edit"/>
		<class class="DarkMode_InactiveSearchBoxEditComposited::Edit"/>
		<class class="DarkMode_MaxSearchBoxEditComposited::Edit"/>
		<class class="DarkMode_MaxInactiveSearchBoxEditComposited::Edit"/>
		<class class="DarkMode_SearchBoxComposited::SearchBox"/>
		<class class="DarkMode_InactiveSearchBoxComposited::SearchBox"/>
		<class class="DarkMode_MaxSearchBoxComposited::SearchBox"/>
		<class class="DarkMode_MaxInactiveSearchBoxComposited::SearchBox"/>
		<class class="DarkMode::SearchBox"/>
	<!-- Windows 10 Dark Mode > Buttons, Boxes, & Controls -->
		<class class="Explorer::Button"/>
		<class class="DarkMode_Explorer::Button"/>
		<class class="DarkMode::Navigation"/>
		<class class="CFD::Combobox"/>
		<class class="DarkMode_CFD::Combobox"/>
		<class class="Explorer::ScrollBar"/>
		<class class="DarkMode_Explorer::ScrollBar"/>
	<!-- Windows 10 Dark Mode > Lists, Menus, & Tabs -->
		<class class="DarkMode::Menu"/>
		<class class="DarkMode_ImmersiveStart::Menu"/>
	<!-- Windows 10 Dark Mode > Explorer & Shell -->
		<class class="DarkMode_Explorer::TreeView"/>
		<class class="DarkMode::CommandModule"/>
		<class class="Explorer::CommandModule"/>
		<class class="DarkMode_Explorer::CommandModule"/>
		<class class="DarkMode_Explorer::Tooltip"/>
		<class class="DarkMode::ReadingPane"/>
		<class class="DarkMode::PreviewPane"/>
		<class class="DarkMode::ProperTree"/>
		<class class="ExplorerNavPane"/>
		<class class="DarkMode::ExplorerNavPane"/>
		<class class="DarkMode::ItemsView"/>
		<class class="DarkMode_CFD::Edit"/>
		<class class="DarkMode_Explorer::Edit"/>
		<class class="DarkMode_ItemsView::ListView"/>
		<class class="ExplorerStatusBar"/>
		<class class="DarkMode::ExplorerStatusBar"/>
		<class class="DarkMode_InfoPaneToolbar::Toolbar"/>
		<class class="CommonItemsDialog"/>
		<class class="DarkMode::CommonItemsDialog"/>
		<class class="DarkMode::FileExplorerBannerContainer"/>

		<class class="FileExplorerBannerContainer"/>
		<class class="LightMode_ImmersiveStart::Menu"/>
		<class class="TaskBarLight::Rebar"/>
		<class class="TaskBarSmallIconsLight::Rebar"/>
		<class class="TaskBarLight::Toolbar"/>
		<class class="TaskBarVertLight::Toolbar"/>
		<class class="LightMode_ImmersiveStart::Menu"/>
		<class class="TaskBandExtendedUILight::TaskBandExtendedUI"/>
		<class class="TaskBand2CompositedLight::TaskBand2"/>
		<class class="TaskBand2CompositedSmallIconsLight::TaskBand2"/>
		<class class="TaskBand2CompositedVertical8Light::TaskBand2"/>
		<class class="TaskBand2CompositedSmallIconsVertical8Light::TaskBand2"/>
		<class class="TaskBand2Light::TaskBand2"/>
		<class class="TaskBand2VerticalLight::TaskBand2"/>
		<class class="TaskBand2SmallIconsLight::TaskBand2"/>
		<class class="TaskBand2SmallIconsVerticalLight::TaskBand2"/>
		<class class="Taskbar2CompositedLight::TaskBar"/>
		<class class="ShowDesktopLight::Button"/>
		<class class="VerticalShowDesktopLight::Button"/>
	</remove>
	<add>
	<!-- Windows 10 Dark Mode > Toolbars, Headers, & Rebar -->
		<class name="DarkModeNavbarComposited::Rebar"/>
		<class name="DarkModeInactiveNavbarComposited::Rebar"/>
		<class name="DarkModeMaxNavbarComposited::Rebar"/>
		<class name="DarkModeMaxInactiveNavbarComposited::Rebar"/>
		<class name="DarkModeNavbar::Rebar"/>
		<class name="DarkModeInactiveNavbar::Rebar"/>
		<class name="DarkModeMaxNavbar::Rebar"/>
		<class name="DarkModeMaxInactiveNavbar::Rebar"/>
		<class name="DarkMode::Toolbar"/>
		<class name="DarkMode_ItemsView::Header"/>
		<class name="DarkMode::Status"/>
	<!-- Windows 10 Dark Mode > Address, Breadcrumb, & Search -->
		<class name="DarkMode_ABComposited::AddressBand"/>
		<class name="DarkMode_AddressComposited::ComboBox"/>
		<class name="DarkMode_InactiveAddressComposited::ComboBox"/>
		<class name="DarkMode_MaxAddressComposited::ComboBox"/>
		<class name="DarkMode_MaxInactiveAddressComposited::ComboBox"/>
		<class name="DarkMode_AddressComposited::Edit"/>
		<class name="DarkMode_InactiveAddressComposited::Edit"/>
		<class name="DarkMode_MaxAddressComposited::Edit"/>
		<class name="DarkMode_MaxInactiveAddressComposited::Edit"/>
		<class name="DarkMode_BBComposited::Toolbar"/>
		<class name="DarkMode_InactiveBBComposited::Toolbar"/>
		<class name="DarkMode_MaxBBComposited::Toolbar"/>
		<class name="DarkMode_MaxInactiveBBComposited::Toolbar"/>
		<class name="DarkMode::TryHarder"/>
		<class name="DarkMode_SearchBoxEditComposited::Edit"/>
		<class name="DarkMode_InactiveSearchBoxEditComposited::Edit"/>
		<class name="DarkMode_MaxSearchBoxEditComposited::Edit"/>
		<class name="DarkMode_MaxInactiveSearchBoxEditComposited::Edit"/>
		<class name="DarkMode_SearchBoxComposited::SearchBox"/>
		<class name="DarkMode_InactiveSearchBoxComposited::SearchBox"/>
		<class name="DarkMode_MaxSearchBoxComposited::SearchBox"/>
		<class name="DarkMode_MaxInactiveSearchBoxComposited::SearchBox"/>
		<class name="DarkMode::SearchBox"/>
	<!-- Windows 10 Dark Mode > Buttons, Boxes, & Controls -->
		<class name="Explorer::Button"/>
		<class name="DarkMode_Explorer::Button"/>
		<class name="DarkMode::Navigation"/>
		<class name="CFD::Combobox"/>
		<class name="DarkMode_CFD::Combobox"/>
		<class name="Explorer::ScrollBar"/>
		<class name="DarkMode_Explorer::ScrollBar"/>
	<!-- Windows 10 Dark Mode > Lists, Menus, & Tabs -->
		<class name="DarkMode::Menu"/>
		<class name="DarkMode_ImmersiveStart::Menu"/>
	<!-- Windows 10 Dark Mode > Explorer & Shell -->
		<class name="DarkMode::FileExplorerBannerContainer"/>
		<class name="DarkMode_Explorer::TreeView"/>
		<class name="DarkMode::CommandModule"/>
		<class name="Explorer::CommandModule"/>
		<class name="DarkMode_Explorer::CommandModule"/>
		<class name="DarkMode_Explorer::Tooltip"/>
		<class name="DarkMode::ReadingPane"/>
		<class name="DarkMode::PreviewPane"/>
		<class name="DarkMode::ProperTree"/>
		<class name="ExplorerNavPane"/>
		<class name="DarkMode::ExplorerNavPane"/>
		<class name="DarkMode::ItemsView"/>
		<class name="DarkMode_CFD::Edit"/>
		<class name="DarkMode_Explorer::Edit"/>
		<class name="DarkMode_ItemsView::ListView"/>
		<class name="ExplorerStatusBar"/>
		<class name="DarkMode::ExplorerStatusBar"/>
		<class name="DarkMode_InfoPaneToolbar::Toolbar"/>
		<class name="CommonItemsDialog"/>
		<class name="DarkMode::CommonItemsDialog"/>

		<class name="FileExplorerBannerContainer"/>
		<class name="LightMode_ImmersiveStart::Menu"/>
		<class name="TaskBarLight::Rebar"/>
		<class name="TaskBarSmallIconsLight::Rebar"/>
		<class name="TaskBarLight::Toolbar"/>
		<class name="TaskBarVertLight::Toolbar"/>
		<class name="LightMode_ImmersiveStart::Menu"/>
		<class name="TaskBandExtendedUILight::TaskBandExtendedUI"/>
		<class name="TaskBand2CompositedLight::TaskBand2"/>
		<class name="TaskBand2CompositedSmallIconsLight::TaskBand2"/>
		<class name="TaskBand2CompositedVertical8Light::TaskBand2"/>
		<class name="TaskBand2CompositedSmallIconsVertical8Light::TaskBand2"/>
		<class name="TaskBand2Light::TaskBand2"/>
		<class name="TaskBand2VerticalLight::TaskBand2"/>
		<class name="TaskBand2SmallIconsLight::TaskBand2"/>
		<class name="TaskBand2SmallIconsVerticalLight::TaskBand2"/>
		<class name="StartPanelLight::StartPanelPriv"/>
	</add>
	
	<copy>
	<!-- Windows 10 Dark Mode > Toolbars, Headers, & Rebar -->

		<properties sourceClass="NavbarComposited::Rebar" sourcePart="0" sourceState="0" destClass="DarkModeNavbarComposited::Rebar" destPart="0" destState="0"/>
		<properties sourceClass="InactiveNavbarComposited::Rebar" sourcePart="0" sourceState="0" destClass="DarkModeInactiveNavbarComposited::Rebar" destPart="0" destState="0"/>
		<properties sourceClass="MaxNavbarComposited::Rebar" sourcePart="0" sourceState="0" destClass="DarkModeMaxNavbarComposited::Rebar" destPart="0" destState="0"/>
		<properties sourceClass="MaxInactiveNavbarComposited::Rebar" sourcePart="0" sourceState="0" destClass="DarkModeMaxInactiveNavbarComposited::Rebar" destPart="0" destState="0"/>
		<properties sourceClass="Navbar::Rebar" sourcePart="0" sourceState="0" destClass="DarkModeNavbar::Rebar" destPart="0" destState="0"/>
		<properties sourceClass="InactiveNavbar::Rebar" sourcePart="0" sourceState="0" destClass="DarkModeInactiveNavbar::Rebar" destPart="0" destState="0"/>
		<properties sourceClass="MaxNavbar::Rebar" sourcePart="0" sourceState="0" destClass="DarkModeMaxNavbar::Rebar" destPart="0" destState="0"/>
		<properties sourceClass="MaxInactiveNavbar::Rebar" sourcePart="0" sourceState="0" destClass="DarkModeMaxInactiveNavbar::Rebar" destPart="0" destState="0"/>
		
		<properties sourceClass="Toolbar" sourcePart="0" sourceState="0" destClass="DarkMode::Toolbar" destPart="0" destState="0"/>
		<properties sourceClass="Toolbar" sourcePart="1" sourceState="0" destClass="DarkMode::Toolbar" destPart="1" destState="0"/>
		<properties sourceClass="Toolbar" sourcePart="2" sourceState="0" destClass="DarkMode::Toolbar" destPart="2" destState="0"/>
		<properties sourceClass="Toolbar" sourcePart="3" sourceState="0" destClass="DarkMode::Toolbar" destPart="3" destState="0"/>
		<properties sourceClass="Toolbar" sourcePart="5" sourceState="0" destClass="DarkMode::Toolbar" destPart="5" destState="0"/>
		<properties sourceClass="Toolbar" sourcePart="7" sourceState="0" destClass="DarkMode::Toolbar" destPart="7" destState="0"/>
		
		<properties sourceClass="ItemsView::Header" sourcePart="0" sourceState="0" destClass="DarkMode_ItemsView::Header" destPart="0" destState="0"/>
		<properties sourceClass="ItemsView::Header" sourcePart="1" sourceState="0" destClass="DarkMode_ItemsView::Header" destPart="1" destState="0"/>
		<properties sourceClass="ItemsView::Header" sourcePart="4" sourceState="0" destClass="DarkMode_ItemsView::Header" destPart="4" destState="0"/>
		<properties sourceClass="ItemsView::Header" sourcePart="5" sourceState="0" destClass="DarkMode_ItemsView::Header" destPart="5" destState="0"/>
		
		<properties sourceClass="Status" sourcePart="0" sourceState="0" destClass="DarkMode::Status" destPart="0" destState="0"/>
		<properties sourceClass="Status" sourcePart="1" sourceState="0" destClass="DarkMode::Status" destPart="1" destState="0"/>
		<properties sourceClass="Status" sourcePart="2" sourceState="0" destClass="DarkMode::Status" destPart="2" destState="0"/>
		<properties sourceClass="Status" sourcePart="3" sourceState="0" destClass="DarkMode::Status" destPart="3" destState="0"/>

	<!-- Windows 10 Dark Mode > Address, Breadcrumb, & Search -->

		<properties sourceClass="AB::AddressBand" sourcePart="0" sourceState="0" destClass="DarkMode_ABComposited::AddressBand" destPart="0" destState="0"/>
		<properties sourceClass="AB::AddressBand" sourcePart="1" sourceState="0" destClass="DarkMode_ABComposited::AddressBand" destPart="1" destState="0"/>
		
		<properties sourceClass="AddressComposited::ComboBox" sourcePart="0" sourceState="0" destClass="DarkMode_AddressComposited::ComboBox" destPart="0" destState="0"/>
		<properties sourceClass="ComboBox" sourcePart="4" sourceState="0" destClass="DarkMode_AddressComposited::ComboBox" destPart="0" destState="0"/>
		<properties sourceClass="ComboBox" sourcePart="6" sourceState="0" destClass="DarkMode_AddressComposited::ComboBox" destPart="6" destState="0"/>
		<properties sourceClass="ComboBox" sourcePart="7" sourceState="0" destClass="DarkMode_AddressComposited::ComboBox" destPart="7" destState="0"/>
		<properties sourceClass="InactiveAddressComposited::ComboBox" sourcePart="0" sourceState="0" destClass="DarkMode_InactiveAddressComposited::ComboBox" destPart="0" destState="0"/>
		<properties sourceClass="ComboBox" sourcePart="4" sourceState="0" destClass="DarkMode_InactiveAddressComposited::ComboBox" destPart="0" destState="0"/>
		<properties sourceClass="ComboBox" sourcePart="6" sourceState="0" destClass="DarkMode_InactiveAddressComposited::ComboBox" destPart="6" destState="0"/>
		<properties sourceClass="ComboBox" sourcePart="7" sourceState="0" destClass="DarkMode_InactiveAddressComposited::ComboBox" destPart="7" destState="0"/>
		<properties sourceClass="MaxAddressComposited::ComboBox" sourcePart="0" sourceState="0" destClass="DarkMode_MaxAddressComposited::ComboBox" destPart="0" destState="0"/>
		<properties sourceClass="ComboBox" sourcePart="4" sourceState="0" destClass="DarkMode_MaxAddressComposited::ComboBox" destPart="0" destState="0"/>
		<properties sourceClass="ComboBox" sourcePart="6" sourceState="0" destClass="DarkMode_MaxAddressComposited::ComboBox" destPart="6" destState="0"/>
		<properties sourceClass="ComboBox" sourcePart="7" sourceState="0" destClass="DarkMode_MaxAddressComposited::ComboBox" destPart="7" destState="0"/>
		<properties sourceClass="MaxInactiveAddressComposited::ComboBox" sourcePart="0" sourceState="0" destClass="DarkMode_MaxInactiveAddressComposited::ComboBox" destPart="0" destState="0"/>
		<properties sourceClass="ComboBox" sourcePart="4" sourceState="0" destClass="DarkMode_MaxInactiveAddressComposited::ComboBox" destPart="0" destState="0"/>
		<properties sourceClass="ComboBox" sourcePart="6" sourceState="0" destClass="DarkMode_MaxInactiveAddressComposited::ComboBox" destPart="6" destState="0"/>
		<properties sourceClass="ComboBox" sourcePart="7" sourceState="0" destClass="DarkMode_MaxInactiveAddressComposited::ComboBox" destPart="7" destState="0"/>
		
		<properties sourceClass="AddressComposited::Edit" sourcePart="0" sourceState="0" destClass="DarkMode_AddressComposited::Edit" destPart="0" destState="0"/>
		<properties sourceClass="Address::Edit" sourcePart="5" sourceState="0" destClass="DarkMode_AddressComposited::Edit" destPart="5" destState="0"/>
		<properties sourceClass="AddressComposited::Edit" sourcePart="0" sourceState="0" destClass="DarkMode_InactiveAddressComposited::Edit" destPart="0" destState="0"/>
		<properties sourceClass="Address::Edit" sourcePart="5" sourceState="0" destClass="DarkMode_InactiveAddressComposited::Edit" destPart="5" destState="0"/>
		<properties sourceClass="AddressComposited::Edit" sourcePart="0" sourceState="0" destClass="DarkMode_MaxAddressComposited::Edit" destPart="0" destState="0"/>
		<properties sourceClass="Address::Edit" sourcePart="5" sourceState="0" destClass="DarkMode_MaxAddressComposited::Edit" destPart="5" destState="0"/>
		<properties sourceClass="AddressComposited::Edit" sourcePart="0" sourceState="0" destClass="DarkMode_MaxInactiveAddressComposited::Edit" destPart="0" destState="0"/>
		<properties sourceClass="Address::Edit" sourcePart="5" sourceState="0" destClass="DarkMode_MaxInactiveAddressComposited::Edit" destPart="5" destState="0"/>
		
		<properties sourceClass="TryHarder" sourcePart="0" sourceState="0" destClass="DarkMode::TryHarder" destPart="0" destState="0"/>
		<properties sourceClass="TryHarder" sourcePart="1" sourceState="0" destClass="DarkMode::TryHarder" destPart="1" destState="0"/>
		<properties sourceClass="TryHarder" sourcePart="1" sourceState="1" destClass="DarkMode::TryHarder" destPart="1" destState="1"/>
		<properties sourceClass="TryHarder" sourcePart="1" sourceState="2" destClass="DarkMode::TryHarder" destPart="1" destState="2"/>
		<properties sourceClass="TryHarder" sourcePart="2" sourceState="0" destClass="DarkMode::TryHarder" destPart="2" destState="0"/>
		
		<properties sourceClass="SearchBoxEditComposited::Edit" sourcePart="0" sourceState="0" destClass="DarkMode_SearchBoxEditComposited::Edit" destPart="0" destState="0"/>
		<properties sourceClass="InactiveSearchBoxEditComposited::Edit" sourcePart="0" sourceState="0" destClass="DarkMode_InactiveSearchBoxEditComposited::Edit" destPart="0" destState="0"/>
		<properties sourceClass="MaxSearchBoxEditComposited::Edit" sourcePart="0" sourceState="0" destClass="DarkMode_MaxSearchBoxEditComposited::Edit" destPart="0" destState="0"/>
		<properties sourceClass="MaxInactiveSearchBoxEditComposited::Edit" sourcePart="0" sourceState="0" destClass="DarkMode_MaxInactiveSearchBoxEditComposited::Edit" destPart="0" destState="0"/>
		
		<properties sourceClass="SearchBox" sourcePart="0" sourceState="0" destClass="DarkMode_SearchBoxComposited::SearchBox" destPart="0" destState="0"/>
		<properties sourceClass="SearchBox" sourcePart="1" sourceState="0" destClass="DarkMode_SearchBoxComposited::SearchBox" destPart="1" destState="0"/>
		<properties sourceClass="SearchBox" sourcePart="2" sourceState="0" destClass="DarkMode_SearchBoxComposited::SearchBox" destPart="2" destState="0"/>
		<properties sourceClass="SearchBox" sourcePart="3" sourceState="0" destClass="DarkMode_SearchBoxComposited::SearchBox" destPart="3" destState="0"/>
		<properties sourceClass="SearchBox" sourcePart="0" sourceState="0" destClass="DarkMode_InactiveSearchBoxComposited::SearchBox" destPart="0" destState="0"/>
		<properties sourceClass="SearchBox" sourcePart="1" sourceState="0" destClass="DarkMode_InactiveSearchBoxComposited::SearchBox" destPart="1" destState="0"/>
		<properties sourceClass="SearchBox" sourcePart="2" sourceState="0" destClass="DarkMode_InactiveSearchBoxComposited::SearchBox" destPart="2" destState="0"/>
		<properties sourceClass="SearchBox" sourcePart="3" sourceState="0" destClass="DarkMode_InactiveSearchBoxComposited::SearchBox" destPart="3" destState="0"/>
		<properties sourceClass="SearchBox" sourcePart="0" sourceState="0" destClass="DarkMode_MaxSearchBoxComposited::SearchBox" destPart="0" destState="0"/>
		<properties sourceClass="SearchBox" sourcePart="1" sourceState="0" destClass="DarkMode_MaxSearchBoxComposited::SearchBox" destPart="1" destState="0"/>
		<properties sourceClass="SearchBox" sourcePart="2" sourceState="0" destClass="DarkMode_MaxSearchBoxComposited::SearchBox" destPart="2" destState="0"/>
		<properties sourceClass="SearchBox" sourcePart="3" sourceState="0" destClass="DarkMode_MaxSearchBoxComposited::SearchBox" destPart="3" destState="0"/>
		<properties sourceClass="SearchBox" sourcePart="0" sourceState="0" destClass="DarkMode_MaxInactiveSearchBoxComposited::SearchBox" destPart="0" destState="0"/>
		<properties sourceClass="SearchBox" sourcePart="1" sourceState="0" destClass="DarkMode_MaxInactiveSearchBoxComposited::SearchBox" destPart="1" destState="0"/>
		<properties sourceClass="SearchBox" sourcePart="2" sourceState="0" destClass="DarkMode_MaxInactiveSearchBoxComposited::SearchBox" destPart="2" destState="0"/>
		<properties sourceClass="SearchBox" sourcePart="3" sourceState="0" destClass="DarkMode_MaxInactiveSearchBoxComposited::SearchBox" destPart="3" destState="0"/>
		<properties sourceClass="SearchBox" sourcePart="0" sourceState="0" destClass="DarkMode::SearchBox" destPart="0" destState="0"/>
		<properties sourceClass="SearchBox" sourcePart="1" sourceState="0" destClass="DarkMode::SearchBox" destPart="1" destState="0"/>
		<properties sourceClass="SearchBox" sourcePart="2" sourceState="0" destClass="DarkMode::SearchBox" destPart="2" destState="0"/>
		<properties sourceClass="SearchBox" sourcePart="3" sourceState="0" destClass="DarkMode::SearchBox" destPart="3" destState="0"/>

	<!-- Windows 10 Dark Mode > Buttons, Boxes, & Controls -->
	
		<properties sourceClass="Button" sourcePart="1" sourceState="0" destClass="Explorer::Button" destPart="1" destState="0"/>
		<properties sourceClass="Button" sourcePart="1" sourceState="1" destClass="Explorer::Button" destPart="1" destState="1"/>
		<properties sourceClass="Button" sourcePart="1" sourceState="2" destClass="Explorer::Button" destPart="1" destState="2"/>
		<properties sourceClass="Button" sourcePart="1" sourceState="3" destClass="Explorer::Button" destPart="1" destState="3"/>
		<properties sourceClass="Button" sourcePart="1" sourceState="4" destClass="Explorer::Button" destPart="1" destState="4"/>
		<properties sourceClass="Button" sourcePart="1" sourceState="5" destClass="Explorer::Button" destPart="1" destState="5"/>
		<properties sourceClass="Button" sourcePart="1" sourceState="6" destClass="Explorer::Button" destPart="1" destState="6"/>
		<properties sourceClass="Button" sourcePart="1" sourceState="0" destClass="DarkMode_Explorer::Button" destPart="1" destState="0"/>
		<properties sourceClass="Button" sourcePart="1" sourceState="1" destClass="DarkMode_Explorer::Button" destPart="1" destState="1"/>
		<properties sourceClass="Button" sourcePart="1" sourceState="2" destClass="DarkMode_Explorer::Button" destPart="1" destState="2"/>
		<properties sourceClass="Button" sourcePart="1" sourceState="3" destClass="DarkMode_Explorer::Button" destPart="1" destState="3"/>
		<properties sourceClass="Button" sourcePart="1" sourceState="4" destClass="DarkMode_Explorer::Button" destPart="1" destState="4"/>
		<properties sourceClass="Button" sourcePart="1" sourceState="5" destClass="DarkMode_Explorer::Button" destPart="1" destState="5"/>
		<properties sourceClass="Button" sourcePart="1" sourceState="6" destClass="DarkMode_Explorer::Button" destPart="1" destState="6"/>
		
		<properties sourceClass="Button" sourcePart="6" sourceState="0" destClass="Explorer::Button" destPart="6" destState="0"/>
		<properties sourceClass="Button" sourcePart="6" sourceState="1" destClass="Explorer::Button" destPart="6" destState="1"/>
		<properties sourceClass="Button" sourcePart="6" sourceState="2" destClass="Explorer::Button" destPart="6" destState="2"/>
		<properties sourceClass="Button" sourcePart="6" sourceState="3" destClass="Explorer::Button" destPart="6" destState="3"/>
		<properties sourceClass="Button" sourcePart="6" sourceState="4" destClass="Explorer::Button" destPart="6" destState="4"/>
		<properties sourceClass="Button" sourcePart="6" sourceState="5" destClass="Explorer::Button" destPart="6" destState="5"/>
		<properties sourceClass="Button" sourcePart="6" sourceState="6" destClass="Explorer::Button" destPart="6" destState="6"/>
		<properties sourceClass="Button" sourcePart="6" sourceState="0" destClass="DarkMode_Explorer::Button" destPart="6" destState="0"/>
		<properties sourceClass="Button" sourcePart="6" sourceState="1" destClass="DarkMode_Explorer::Button" destPart="6" destState="1"/>
		<properties sourceClass="Button" sourcePart="6" sourceState="2" destClass="DarkMode_Explorer::Button" destPart="6" destState="2"/>
		<properties sourceClass="Button" sourcePart="6" sourceState="3" destClass="DarkMode_Explorer::Button" destPart="6" destState="3"/>
		<properties sourceClass="Button" sourcePart="6" sourceState="4" destClass="DarkMode_Explorer::Button" destPart="6" destState="4"/>
		<properties sourceClass="Button" sourcePart="6" sourceState="5" destClass="DarkMode_Explorer::Button" destPart="6" destState="5"/>
		<properties sourceClass="Button" sourcePart="6" sourceState="6" destClass="DarkMode_Explorer::Button" destPart="6" destState="6"/>
		
		<properties sourceClass="Button" sourcePart="7" sourceState="0" destClass="Explorer::Button" destPart="7" destState="0"/>
		<properties sourceClass="Button" sourcePart="7" sourceState="0" destClass="DarkMode_Explorer::Button" destPart="7" destState="0"/>

		
		<properties sourceClass="Navigation" sourcePart="1" sourceState="0" destClass="DarkMode::Navigation" destPart="1" destState="0"/>
		<properties sourceClass="Navigation" sourcePart="2" sourceState="0" destClass="DarkMode::Navigation" destPart="2" destState="0"/>
		<properties sourceClass="Navigation" sourcePart="3" sourceState="0" destClass="DarkMode::Navigation" destPart="3" destState="0"/>
		
		<properties sourceClass="ComboBox" sourcePart="9" sourceState="1" destClass="CFD::Combobox" destPart="9" destState="1"/>
		<properties sourceClass="ComboBox" sourcePart="9" sourceState="2" destClass="CFD::ComboBox" destPart="9" destState="2"/>
		
		<properties sourceClass="ComboBox" sourcePart="0" sourceState="0" destClass="DarkMode_CFD::ComboBox" destPart="0" destState="0"/>
		<properties sourceClass="ComboBox" sourcePart="1" sourceState="0" destClass="DarkMode_CFD::ComboBox" destPart="1" destState="0"/>
		<properties sourceClass="ComboBox" sourcePart="4" sourceState="0" destClass="DarkMode_CFD::ComboBox" destPart="4" destState="0"/>
		<properties sourceClass="ComboBox" sourcePart="5" sourceState="0" destClass="DarkMode_CFD::ComboBox" destPart="5" destState="0"/>
		<properties sourceClass="ComboBox" sourcePart="6" sourceState="0" destClass="DarkMode_CFD::ComboBox" destPart="6" destState="0"/>
		<properties sourceClass="ComboBox" sourcePart="7" sourceState="0" destClass="DarkMode_CFD::ComboBox" destPart="7" destState="0"/>
		<properties sourceClass="ComboBox" sourcePart="8" sourceState="0" destClass="DarkMode_CFD::ComboBox" destPart="8" destState="0"/>
		<properties sourceClass="ComboBox" sourcePart="9" sourceState="1" destClass="DarkMode_CFD::ComboBox" destPart="9" destState="1"/>
		<properties sourceClass="ComboBox" sourcePart="9" sourceState="2" destClass="DarkMode_CFD::ComboBox" destPart="9" destState="2"/>
		
		<properties sourceClass="ScrollBar" sourcePart="1" sourceState="0" destClass="DarkMode_Explorer::ScrollBar" destPart="1" destState="0"/>
		<properties sourceClass="ScrollBar" sourcePart="2" sourceState="0" destClass="DarkMode_Explorer::ScrollBar" destPart="2" destState="0"/>
		<properties sourceClass="ScrollBar" sourcePart="3" sourceState="0" destClass="DarkMode_Explorer::ScrollBar" destPart="3" destState="0"/>
		<properties sourceClass="ScrollBar" sourcePart="4" sourceState="0" destClass="DarkMode_Explorer::ScrollBar" destPart="4" destState="0"/>
		<properties sourceClass="ScrollBar" sourcePart="5" sourceState="0" destClass="DarkMode_Explorer::ScrollBar" destPart="5" destState="0"/>
		<properties sourceClass="ScrollBar" sourcePart="6" sourceState="0" destClass="DarkMode_Explorer::ScrollBar" destPart="6" destState="0"/>
		<properties sourceClass="ScrollBar" sourcePart="7" sourceState="0" destClass="DarkMode_Explorer::ScrollBar" destPart="7" destState="0"/>
		<properties sourceClass="ScrollBar" sourcePart="8" sourceState="0" destClass="DarkMode_Explorer::ScrollBar" destPart="8" destState="0"/>
		<properties sourceClass="ScrollBar" sourcePart="9" sourceState="0" destClass="DarkMode_Explorer::ScrollBar" destPart="9" destState="0"/>
		<properties sourceClass="ScrollBar" sourcePart="10" sourceState="0" destClass="DarkMode_Explorer::ScrollBar" destPart="10" destState="0"/>
		<properties sourceClass="ScrollBar" sourcePart="11" sourceState="0" destClass="DarkMode_Explorer::ScrollBar" destPart="11" destState="0"/>
		
	
	<!-- Windows 10 Dark Mode > Lists, Menus, & Tabs -->
	
		<properties sourceClass="Menu" sourcePart="9" sourceState="0" destClass="DarkMode::Menu" destPart="9" destState="0"/>
		<properties sourceClass="Menu" sourcePart="10" sourceState="0" destClass="DarkMode::Menu" destPart="10" destState="0"/>
		<properties sourceClass="Menu" sourcePart="11" sourceState="0" destClass="DarkMode::Menu" destPart="11" destState="0"/>
		<properties sourceClass="Menu" sourcePart="12" sourceState="0" destClass="DarkMode::Menu" destPart="12" destState="0"/>
		<properties sourceClass="Menu" sourcePart="13" sourceState="0" destClass="DarkMode::Menu" destPart="13" destState="0"/>
		<properties sourceClass="Menu" sourcePart="14" sourceState="0" destClass="DarkMode::Menu" destPart="14" destState="0"/>
		<properties sourceClass="Menu" sourcePart="14" sourceState="1" destClass="DarkMode::Menu" destPart="14" destState="1"/>
		<properties sourceClass="Menu" sourcePart="14" sourceState="2" destClass="DarkMode::Menu" destPart="14" destState="2"/>
		<properties sourceClass="Menu" sourcePart="14" sourceState="3" destClass="DarkMode::Menu" destPart="14" destState="3"/>
		<properties sourceClass="Menu" sourcePart="14" sourceState="4" destClass="DarkMode::Menu" destPart="14" destState="4"/>
		<properties sourceClass="Menu" sourcePart="15" sourceState="0" destClass="DarkMode::Menu" destPart="15" destState="0"/>
		<properties sourceClass="Menu" sourcePart="16" sourceState="0" destClass="DarkMode::Menu" destPart="16" destState="0"/>
		<properties sourceClass="Menu" sourcePart="17" sourceState="0" destClass="DarkMode::Menu" destPart="17" destState="0"/>
		<properties sourceClass="Menu" sourcePart="18" sourceState="0" destClass="DarkMode::Menu" destPart="18" destState="0"/>
		<properties sourceClass="Menu" sourcePart="19" sourceState="0" destClass="DarkMode::Menu" destPart="19" destState="0"/>
		<properties sourceClass="Menu" sourcePart="20" sourceState="0" destClass="DarkMode::Menu" destPart="20" destState="0"/>
		<properties sourceClass="ImmersiveStart::Menu" sourcePart="9" sourceState="0" destClass="DarkMode_ImmersiveStart::Menu" destPart="9" destState="0"/>
		<properties sourceClass="ImmersiveStart::Menu" sourcePart="14" sourceState="0" destClass="DarkMode_ImmersiveStart::Menu" destPart="14" destState="0"/>
		<properties sourceClass="ImmersiveStart::Menu" sourcePart="14" sourceState="1" destClass="DarkMode_ImmersiveStart::Menu" destPart="14" destState="1"/>
		<properties sourceClass="ImmersiveStart::Menu" sourcePart="14" sourceState="2" destClass="DarkMode_ImmersiveStart::Menu" destPart="14" destState="2"/>
		<properties sourceClass="ImmersiveStart::Menu" sourcePart="14" sourceState="3" destClass="DarkMode_ImmersiveStart::Menu" destPart="14" destState="3"/>
		<properties sourceClass="ImmersiveStart::Menu" sourcePart="14" sourceState="4" destClass="DarkMode_ImmersiveStart::Menu" destPart="14" destState="4"/>
		<properties sourceClass="ImmersiveStart::Menu" sourcePart="15" sourceState="0" destClass="DarkMode_ImmersiveStart::Menu" destPart="15" destState="0"/>

		<!-- Windows 10 Dark Mode > Explorer & Shell -->

		<properties sourceClass="Explorer::Edit" sourcePart="1" sourceState="1" destClass="DarkMode_Explorer::Edit" destPart="1" destState="1"/>
		<properties sourceClass="Explorer::Edit" sourcePart="3" sourceState="1" destClass="DarkMode_Explorer::Edit" destPart="3" destState="1"/>
		<properties sourceClass="Explorer::Edit" sourcePart="1" sourceState="1" destClass="DarkMode_CFD::Edit" destPart="1" destState="1"/>
		<properties sourceClass="Explorer::Edit" sourcePart="3" sourceState="1" destClass="DarkMode_CFD::Edit" destPart="3" destState="1"/>
		
		<properties sourceClass="ItemsView" sourcePart="0" sourceState="0" destClass="DarkMode::ItemsView" destPart="0" destState="0"/>
		<properties sourceClass="ItemsView" sourcePart="1" sourceState="1" destClass="DarkMode::ItemsView" destPart="1" destState="1"/>
		<properties sourceClass="ItemsView" sourcePart="1" sourceState="2" destClass="DarkMode::ItemsView" destPart="1" destState="2"/>
		<properties sourceClass="ItemsView" sourcePart="1" sourceState="1" destClass="DarkMode::ItemsView" destPart="1" destState="3"/>
		<properties sourceClass="ItemsView" sourcePart="1" sourceState="2" destClass="DarkMode::ItemsView" destPart="1" destState="4"/>
		<properties sourceClass="ItemsView" sourcePart="2" sourceState="0" destClass="DarkMode::ItemsView" destPart="2" destState="0"/>
		<properties sourceClass="ItemsView" sourcePart="3" sourceState="1" destClass="DarkMode::ItemsView" destPart="3" destState="1"/>
		<properties sourceClass="ItemsView" sourcePart="3" sourceState="2" destClass="DarkMode::ItemsView" destPart="3" destState="2"/>
		<properties sourceClass="ItemsView" sourcePart="4" sourceState="1" destClass="DarkMode::ItemsView" destPart="4" destState="1"/>
		<properties sourceClass="ItemsView" sourcePart="4" sourceState="2" destClass="DarkMode::ItemsView" destPart="4" destState="2"/>
		<properties sourceClass="ItemsView" sourcePart="4" sourceState="3" destClass="DarkMode::ItemsView" destPart="4" destState="3"/>
		<properties sourceClass="ItemsView" sourcePart="4" sourceState="4" destClass="DarkMode::ItemsView" destPart="4" destState="4"/>
		<properties sourceClass="ItemsView" sourcePart="4" sourceState="5" destClass="DarkMode::ItemsView" destPart="4" destState="5"/>
		<properties sourceClass="ItemsView" sourcePart="4" sourceState="6" destClass="DarkMode::ItemsView" destPart="4" destState="6"/>
		<properties sourceClass="ItemsView" sourcePart="4" sourceState="7" destClass="DarkMode::ItemsView" destPart="4" destState="7"/>
		<properties sourceClass="ItemsView" sourcePart="4" sourceState="8" destClass="DarkMode::ItemsView" destPart="4" destState="8"/>
		<properties sourceClass="ItemsView" sourcePart="4" sourceState="9" destClass="DarkMode::ItemsView" destPart="4" destState="9"/>
		<properties sourceClass="ItemsView" sourcePart="4" sourceState="10" destClass="DarkMode::ItemsView" destPart="4" destState="10"/>
		<properties sourceClass="ItemsView" sourcePart="4" sourceState="10" destClass="DarkMode::ItemsView" destPart="4" destState="11"/>
		<properties sourceClass="ItemsView" sourcePart="4" sourceState="10" destClass="DarkMode::ItemsView" destPart="4" destState="12"/>
		<properties sourceClass="ItemsView" sourcePart="4" sourceState="10" destClass="DarkMode::ItemsView" destPart="4" destState="13"/>
		<properties sourceClass="ItemsView" sourcePart="5" sourceState="0" destClass="DarkMode::ItemsView" destPart="5" destState="0"/>
		<properties sourceClass="ItemsView" sourcePart="6" sourceState="1" destClass="DarkMode::ItemsView" destPart="6" destState="1"/>
		<properties sourceClass="ItemsView" sourcePart="7" sourceState="0" destClass="DarkMode::ItemsView" destPart="7" destState="0"/>
		
		<properties sourceClass="ItemsView::ListView" sourcePart="0" sourceState="0" destClass="DarkMode_ItemsView::ListView" destPart="0" destState="0"/>
		<properties sourceClass="ItemsView::ListView" sourcePart="1" sourceState="2" destClass="DarkMode_ItemsView::ListView" destPart="1" destState="2"/>
		<properties sourceClass="ItemsView::ListView" sourcePart="1" sourceState="3" destClass="DarkMode_ItemsView::ListView" destPart="1" destState="3"/>
		<properties sourceClass="ItemsView::ListView" sourcePart="1" sourceState="5" destClass="DarkMode_ItemsView::ListView" destPart="1" destState="5"/>
		<properties sourceClass="ItemsView::ListView" sourcePart="1" sourceState="6" destClass="DarkMode_ItemsView::ListView" destPart="1" destState="6"/>
		<properties sourceClass="Explorer::TreeView" sourcePart="1" sourceState="1" destClass="DarkMode_ItemsView::ListView" destPart="1" destState="1"/>
		<properties sourceClass="Explorer::TreeView" sourcePart="1" sourceState="4" destClass="DarkMode_ItemsView::ListView" destPart="1" destState="4"/>
		
		<properties sourceClass="ItemsView::ListView" sourcePart="6" sourceState="0" destClass="DarkMode_ItemsView::ListView" destPart="6" destState="0"/>
		<properties sourceClass="ItemsView::ListView" sourcePart="6" sourceState="2" destClass="DarkMode_ItemsView::ListView" destPart="6" destState="2"/>
		<properties sourceClass="ItemsView::ListView" sourcePart="6" sourceState="4" destClass="DarkMode_ItemsView::ListView" destPart="6" destState="4"/>
		<properties sourceClass="ItemsView::ListView" sourcePart="6" sourceState="6" destClass="DarkMode_ItemsView::ListView" destPart="6" destState="6"/>
		<properties sourceClass="ItemsView::ListView" sourcePart="6" sourceState="8" destClass="DarkMode_ItemsView::ListView" destPart="6" destState="8"/>
		<properties sourceClass="ItemsView::ListView" sourcePart="6" sourceState="10" destClass="DarkMode_ItemsView::ListView" destPart="6" destState="10"/>
		<properties sourceClass="ItemsView::ListView" sourcePart="6" sourceState="11" destClass="DarkMode_ItemsView::ListView" destPart="6" destState="11"/>
		<properties sourceClass="ItemsView::ListView" sourcePart="6" sourceState="12" destClass="DarkMode_ItemsView::ListView" destPart="6" destState="12"/>
		<properties sourceClass="ItemsView::ListView" sourcePart="6" sourceState="13" destClass="DarkMode_ItemsView::ListView" destPart="6" destState="13"/>
		<properties sourceClass="ItemsView::ListView" sourcePart="6" sourceState="14" destClass="DarkMode_ItemsView::ListView" destPart="6" destState="14"/>
		<properties sourceClass="ItemsView::ListView" sourcePart="6" sourceState="15" destClass="DarkMode_ItemsView::ListView" destPart="6" destState="15"/>
		<properties sourceClass="ItemsView::ListView" sourcePart="6" sourceState="16" destClass="DarkMode_ItemsView::ListView" destPart="6" destState="16"/>
		
		<properties sourceClass="ItemsView::ListView" sourcePart="7" sourceState="0" destClass="DarkMode_ItemsView::ListView" destPart="7" destState="0"/>
		<properties sourceClass="ItemsView::ListView" sourcePart="8" sourceState="0" destClass="DarkMode_ItemsView::ListView" destPart="8" destState="0"/>
		<properties sourceClass="ItemsView::ListView" sourcePart="9" sourceState="0" destClass="DarkMode_ItemsView::ListView" destPart="9" destState="0"/>
		
		<properties sourceClass="ItemsView" sourcePart="0" sourceState="0" destClass="ExplorerStatusBar" destPart="0" destState="0"/>
		<properties sourceClass="ItemsView" sourcePart="0" sourceState="0" destClass="DarkMode::ExplorerStatusBar" destPart="0" destState="0"/>
		
		<properties sourceClass="Explorer::TreeView" sourcePart="0" sourceState="0" destClass="DarkMode_Explorer::TreeView" destPart="0" destState="0"/>
		<properties sourceClass="Explorer::TreeView" sourcePart="1" sourceState="0" destClass="DarkMode_Explorer::TreeView" destPart="1" destState="0"/>
		<properties sourceClass="Explorer::TreeView" sourcePart="1" sourceState="1" destClass="DarkMode_Explorer::TreeView" destPart="1" destState="1"/>
		<properties sourceClass="Explorer::TreeView" sourcePart="1" sourceState="2" destClass="DarkMode_Explorer::TreeView" destPart="1" destState="2"/>
		<properties sourceClass="Explorer::TreeView" sourcePart="1" sourceState="3" destClass="DarkMode_Explorer::TreeView" destPart="1" destState="3"/>
		<properties sourceClass="Explorer::TreeView" sourcePart="1" sourceState="4" destClass="DarkMode_Explorer::TreeView" destPart="1" destState="4"/>
		<properties sourceClass="Explorer::TreeView" sourcePart="1" sourceState="5" destClass="DarkMode_Explorer::TreeView" destPart="1" destState="5"/>
		<properties sourceClass="Explorer::TreeView" sourcePart="1" sourceState="6" destClass="DarkMode_Explorer::TreeView" destPart="1" destState="6"/>
		<properties sourceClass="Explorer::TreeView" sourcePart="2" sourceState="0" destClass="DarkMode_Explorer::TreeView" destPart="2" destState="0"/>
		<properties sourceClass="Explorer::TreeView" sourcePart="4" sourceState="0" destClass="DarkMode_Explorer::TreeView" destPart="4" destState="0"/>
		
		<properties sourceClass="CommandModule" sourcePart="2" sourceState="0" destClass="Explorer::CommandModule" destPart="2" destState="0"/>
		<properties sourceClass="CommandModule" sourcePart="3" sourceState="0" destClass="DarkMode_Explorer::CommandModule" destPart="3" destState="0"/>
		
		<properties sourceClass="Tooltip" sourcePart="0" sourceState="0" destClass="DarkMode_Explorer::Tooltip" destPart="0" destState="0"/>
		<property sourceClass="TooltipStyle" sourcePart="1" sourceState="0" name="FONT:FONT" destClass="DarkMode_Explorer::Tooltip" destPart="1" destState="0"/>
		<properties sourceClass="Tooltip" sourcePart="1" sourceState="0" destClass="DarkMode_Explorer::Tooltip" destPart="1" destState="0"/>
		<properties sourceClass="Tooltip" sourcePart="2" sourceState="0" destClass="DarkMode_Explorer::Tooltip" destPart="2" destState="0"/>
		<properties sourceClass="Tooltip" sourcePart="3" sourceState="0" destClass="DarkMode_Explorer::Tooltip" destPart="3" destState="0"/>
		
		<properties sourceClass="ReadingPane" sourcePart="1" sourceState="0" destClass="DarkMode::ReadingPane" destPart="1" destState="0"/>
		<properties sourceClass="ReadingPane" sourcePart="2" sourceState="0" destClass="DarkMode::ReadingPane" destPart="2" destState="0"/>
		
		<properties sourceClass="PreviewPane" sourcePart="1" sourceState="1" destClass="DarkMode::PreviewPane" destPart="1" destState="1"/>
		<!--properties sourceClass="PreviewPane" sourcePart="1" sourceState="2" destClass="DarkMode::PreviewPane" destPart="1" destState="2"/-->
		<properties sourceClass="PreviewPane" sourcePart="2" sourceState="0" destClass="DarkMode::PreviewPane" destPart="2" destState="0"/>
		<properties sourceClass="PreviewPane" sourcePart="3" sourceState="0" destClass="DarkMode::PreviewPane" destPart="3" destState="0"/>
		<properties sourceClass="PreviewPane" sourcePart="4" sourceState="0" destClass="DarkMode::PreviewPane" destPart="4" destState="0"/>
		<properties sourceClass="PreviewPane" sourcePart="5" sourceState="0" destClass="DarkMode::PreviewPane" destPart="5" destState="0"/>
		<properties sourceClass="PreviewPane" sourcePart="6" sourceState="0" destClass="DarkMode::PreviewPane" destPart="6" destState="0"/>
		<properties sourceClass="PreviewPane" sourcePart="7" sourceState="1" destClass="DarkMode::PreviewPane" destPart="7" destState="1"/>
		<properties sourceClass="PreviewPane" sourcePart="7" sourceState="2" destClass="DarkMode::PreviewPane" destPart="7" destState="2"/>
		<properties sourceClass="PreviewPane" sourcePart="8" sourceState="0" destClass="DarkMode::PreviewPane" destPart="8" destState="0"/>
		<properties sourceClass="PreviewPane" sourcePart="9" sourceState="1" destClass="DarkMode::PreviewPane" destPart="9" destState="1"/>
		<properties sourceClass="PreviewPane" sourcePart="9" sourceState="2" destClass="DarkMode::PreviewPane" destPart="9" destState="2"/>
		
		<properties sourceClass="ProperTree" sourcePart="1" sourceState="1" destClass="DarkMode::ProperTree" destPart="1" destState="1"/>
		<properties sourceClass="ProperTree" sourcePart="2" sourceState="0" destClass="DarkMode::ProperTree" destPart="2" destState="0"/>
		<properties sourceClass="ProperTree" sourcePart="3" sourceState="0" destClass="DarkMode::ProperTree" destPart="3" destState="0"/>
		
		<properties sourceClass="ItemsView" sourcePart="0" sourceState="0" destClass="ExplorerNavPane" destPart="0" destState="0"/>
		<property sourceClass="ProperTree" sourcePart="2" sourceState="0" name="FILLCOLOR:COLOR" destClass="ExplorerNavPane" destPart="0" destState="0"/>
		<properties sourceClass="ItemsView" sourcePart="0" sourceState="0" destClass="DarkMode::ExplorerNavPane" destPart="0" destState="0"/>
		<property sourceClass="ProperTree" sourcePart="2" sourceState="0" name="FILLCOLOR:COLOR" destClass="DarkMode::ExplorerNavPane" destPart="0" destState="0"/>
		
		<properties sourceClass="InfoPaneToolbar::Toolbar" sourcePart="0" sourceState="0" destClass="DarkMode_InfoPaneToolbar::Toolbar" destPart="0" destState="0"/>
		<properties sourceClass="InfoPaneToolbar::Toolbar" sourcePart="0" sourceState="4" destClass="DarkMode_InfoPaneToolbar::Toolbar" destPart="0" destState="4"/>
		<properties sourceClass="InfoPaneToolbar::Toolbar" sourcePart="3" sourceState="0" destClass="DarkMode_InfoPaneToolbar::Toolbar" destPart="3" destState="0"/>
		
		<properties sourceClass="Toolbar" sourcePart="1" sourceState="0" destClass="DarkMode_InfoPaneToolbar::Toolbar" destPart="1" destState="0"/>
		<properties sourceClass="Toolbar" sourcePart="2" sourceState="0" destClass="DarkMode_InfoPaneToolbar::Toolbar" destPart="2" destState="0"/>
		<properties sourceClass="Toolbar" sourcePart="3" sourceState="0" destClass="DarkMode_InfoPaneToolbar::Toolbar" destPart="3" destState="0"/>
		<properties sourceClass="Toolbar" sourcePart="7" sourceState="0" destClass="DarkMode_InfoPaneToolbar::Toolbar" destPart="7" destState="0"/>
		
	<!-- Windows 10 Light Mode > Taskbar & System Tray -->

		<properties sourceClass="TaskBar::Rebar" sourcePart="0" sourceState="0" destClass="TaskBarLight::Rebar" destPart="0" destState="0"/>
		<properties sourceClass="TaskBar::Rebar" sourcePart="1" sourceState="0" destClass="TaskBarLight::Rebar" destPart="1" destState="0"/>
		<properties sourceClass="TaskBar::Rebar" sourcePart="2" sourceState="0" destClass="TaskBarLight::Rebar" destPart="2" destState="0"/>
		<properties sourceClass="TaskBar::Rebar" sourcePart="4" sourceState="0" destClass="TaskBarLight::Rebar" destPart="4" destState="0"/>
		<properties sourceClass="TaskBar::Rebar" sourcePart="5" sourceState="0" destClass="TaskBarLight::Rebar" destPart="5" destState="0"/>

		<properties sourceClass="TaskBarSmallIcons::Rebar" sourcePart="0" sourceState="0" destClass="TaskBarSmallIconsLight::Rebar" destPart="0" destState="0"/>
		<properties sourceClass="TaskBarSmallIcons::Rebar" sourcePart="1" sourceState="0" destClass="TaskBarSmallIconsLight::Rebar" destPart="1" destState="0"/>
		<properties sourceClass="TaskBarSmallIcons::Rebar" sourcePart="2" sourceState="0" destClass="TaskBarSmallIconsLight::Rebar" destPart="2" destState="0"/>
		<properties sourceClass="TaskBarSmallIcons::Rebar" sourcePart="4" sourceState="0" destClass="TaskBarSmallIconsLight::Rebar" destPart="4" destState="0"/>
		<properties sourceClass="TaskBarSmallIcons::Rebar" sourcePart="5" sourceState="0" destClass="TaskBarSmallIconsLight::Rebar" destPart="5" destState="0"/>

		<properties sourceClass="TaskBar::Toolbar" sourcePart="0" sourceState="0" destClass="TaskBarLight::Toolbar" destPart="0" destState="0"/>
		<properties sourceClass="TaskBar::Toolbar" sourcePart="1" sourceState="0" destClass="TaskBarLight::Toolbar" destPart="1" destState="0"/>
		<properties sourceClass="TaskBar::Toolbar" sourcePart="2" sourceState="0" destClass="TaskBarLight::Toolbar" destPart="2" destState="0"/>

		<properties sourceClass="TaskBarVert::Toolbar" sourcePart="0" sourceState="0" destClass="TaskBarVertLight::Toolbar" destPart="0" destState="0"/>
		<properties sourceClass="TaskBarVert::Toolbar" sourcePart="1" sourceState="0" destClass="TaskBarVertLight::Toolbar" destPart="1" destState="0"/>
		<properties sourceClass="TaskBarVert::Toolbar" sourcePart="2" sourceState="0" destClass="TaskBarVertLight::Toolbar" destPart="2" destState="0"/>
		
		<property sourceClass="TaskBandExtendedUI" sourcePart="0" sourceState="0" name="TEXTCOLOR:COLOR" destClass="TaskBandExtendedUILight::TaskBandExtendedUI" destPart="0" destState="0"/>

		<properties sourceClass="TaskBand2Composited::TaskBand2" sourcePart="0" sourceState="0" destClass="TaskBand2" destPart="0" destState="0"/>
		<property sourceClass="TrayNotify::Clock" sourcePart="0" sourceState="0" name="FONT:FONT" destClass="TaskBand2" destPart="0" destState="0"/>
		<property sourceClass="TrayNotify::Clock" sourcePart="0" sourceState="0" name="TEXTCOLOR:COLOR" destClass="TaskBand2" destPart="0" destState="0"/>
		
		<property sourceClass="TaskBand2" sourcePart="0" sourceState="0" name="FONT:FONT" destClass="TaskBand2CompositedLight::TaskBand2" destPart="5" destState="0"/>
		<property sourceClass="TaskBand2" sourcePart="0" sourceState="0" name="FONT:FONT" destClass="TaskBand2CompositedSmallIconsLight::TaskBand2" destPart="5" destState="0"/>
		<property sourceClass="TaskBand2" sourcePart="0" sourceState="0" name="FONT:FONT" destClass="TaskBand2CompositedVertical8Light::TaskBand2" destPart="5" destState="0"/>
		<property sourceClass="TaskBand2" sourcePart="0" sourceState="0" name="FONT:FONT" destClass="TaskBand2CompositedSmallIconsVertical8Light::TaskBand2" destPart="5" destState="0"/>
		<property sourceClass="TaskBand2" sourcePart="0" sourceState="0" name="FONT:FONT" destClass="TaskBand2Light::TaskBand2" destPart="5" destState="0"/>
		<property sourceClass="TaskBand2" sourcePart="0" sourceState="0" name="FONT:FONT" destClass="TaskBand2SmallIconsLight::TaskBand2" destPart="5" destState="0"/>
		<property sourceClass="TaskBand2" sourcePart="0" sourceState="0" name="FONT:FONT" destClass="TaskBand2VerticalLight::TaskBand2" destPart="5" destState="0"/>
		<property sourceClass="TaskBand2" sourcePart="0" sourceState="0" name="FONT:FONT" destClass="TaskBand2SmallIconsVerticalLight::TaskBand2" destPart="5" destState="0"/>
		
		<property sourceClass="TaskBand2" sourcePart="0" sourceState="0" name="TEXTCOLOR:COLOR" destClass="TaskBand2CompositedLight::TaskBand2" destPart="5" destState="0"/>
		<property sourceClass="TaskBand2" sourcePart="0" sourceState="0" name="TEXTCOLOR:COLOR" destClass="TaskBand2CompositedSmallIconsLight::TaskBand2" destPart="5" destState="0"/>
		<property sourceClass="TaskBand2" sourcePart="0" sourceState="0" name="TEXTCOLOR:COLOR" destClass="TaskBand2CompositedVertical8Light::TaskBand2" destPart="5" destState="0"/>
		<property sourceClass="TaskBand2" sourcePart="0" sourceState="0" name="TEXTCOLOR:COLOR" destClass="TaskBand2CompositedSmallIconsVertical8Light::TaskBand2" destPart="5" destState="0"/>
		<property sourceClass="TaskBand2" sourcePart="0" sourceState="0" name="TEXTCOLOR:COLOR" destClass="TaskBand2Light::TaskBand2" destPart="5" destState="0"/>
		<property sourceClass="TaskBand2" sourcePart="0" sourceState="0" name="TEXTCOLOR:COLOR" destClass="TaskBand2SmallIconsLight::TaskBand2" destPart="5" destState="0"/>
		<property sourceClass="TaskBand2" sourcePart="0" sourceState="0" name="TEXTCOLOR:COLOR" destClass="TaskBand2VerticalLight::TaskBand2" destPart="5" destState="0"/>
		<property sourceClass="TaskBand2" sourcePart="0" sourceState="0" name="TEXTCOLOR:COLOR" destClass="TaskBand2SmallIconsVerticalLight::TaskBand2" destPart="5" destState="0"/>
		
		<property sourceClass="TaskBand2Composited::TaskBand2" sourcePart="1" sourceState="0" name="CONTENTMARGINS:MARGINS" destClass="TaskBand2CompositedLight::TaskBand2" destPart="1" destState="0"/>
		<property sourceClass="TaskBand2Composited::TaskBand2" sourcePart="2" sourceState="0" name="CONTENTMARGINS:MARGINS" destClass="TaskBand2CompositedLight::TaskBand2" destPart="2" destState="0"/>
		<property sourceClass="TaskBand2Composited::TaskBand2" sourcePart="3" sourceState="0" name="CONTENTMARGINS:MARGINS" destClass="TaskBand2CompositedLight::TaskBand2" destPart="3" destState="0"/>
		<property sourceClass="TaskBand2Composited::TaskBand2" sourcePart="4" sourceState="0" name="CONTENTMARGINS:MARGINS" destClass="TaskBand2CompositedLight::TaskBand2" destPart="4" destState="0"/>
		<property sourceClass="TaskBand2CompositedSmallIcons::TaskBand2" sourcePart="1" sourceState="0" name="CONTENTMARGINS:MARGINS" destClass="TaskBand2CompositedSmallIconsLight::TaskBand2" destPart="1" destState="0"/>
		<property sourceClass="TaskBand2CompositedSmallIcons::TaskBand2" sourcePart="2" sourceState="0" name="CONTENTMARGINS:MARGINS" destClass="TaskBand2CompositedSmallIconsLight::TaskBand2" destPart="2" destState="0"/>
		
		<property sourceClass="TaskBand2CompositedVertical::TaskBand2" sourcePart="3" sourceState="0" name="CONTENTMARGINS:MARGINS" destClass="TaskBand2CompositedVertical8Light::TaskBand2" destPart="3" destState="0"/>
		<property sourceClass="TaskBand2CompositedVertical::TaskBand2" sourcePart="4" sourceState="0" name="CONTENTMARGINS:MARGINS" destClass="TaskBand2CompositedVertical8Light::TaskBand2" destPart="4" destState="0"/>
		<property sourceClass="TaskBand2CompositedSmallIconsVertical::TaskBand2" sourcePart="3" sourceState="0" name="CONTENTMARGINS:MARGINS" destClass="TaskBand2CompositedSmallIconsVertical8Light::TaskBand2" destPart="3" destState="0"/>
		<property sourceClass="TaskBand2CompositedSmallIconsVertical::TaskBand2" sourcePart="4" sourceState="0" name="CONTENTMARGINS:MARGINS" destClass="TaskBand2CompositedSmallIconsVertical8Light::TaskBand2" destPart="4" destState="0"/>

		<property sourceClass="TaskBand2" sourcePart="5" sourceState="0" name="CONTENTMARGINS:MARGINS" destClass="TaskBand2CompositedLight::TaskBand2" destPart="5" destState="0"/>
		<property sourceClass="TaskBand2SmallIcons::TaskBand2" sourcePart="5" sourceState="0" name="CONTENTMARGINS:MARGINS" destClass="TaskBand2CompositedSmallIconsLight::TaskBand2" destPart="5" destState="0"/>
		<property sourceClass="TaskBand2Vertical::TaskBand2" sourcePart="5" sourceState="0" name="CONTENTMARGINS:MARGINS" destClass="TaskBand2CompositedVertical8Light::TaskBand2" destPart="5" destState="0"/>
		<property sourceClass="TaskBand2SmallIconsVertical::TaskBand2" sourcePart="5" sourceState="0" name="CONTENTMARGINS:MARGINS" destClass="TaskBand2CompositedSmallIconsVertical8Light::TaskBand2" destPart="5" destState="0"/>
		
		<property sourceClass="TaskBand2" sourcePart="5" sourceState="0" name="SIZINGMARGINS:MARGINS" destClass="TaskBand2CompositedLight::TaskBand2" destPart="5" destState="0"/>
		<property sourceClass="TaskBand2SmallIcons::TaskBand2" sourcePart="5" sourceState="0" name="SIZINGMARGINS:MARGINS" destClass="TaskBand2CompositedSmallIconsLight::TaskBand2" destPart="5" destState="0"/>
		<property sourceClass="TaskBand2Vertical::TaskBand2" sourcePart="5" sourceState="0" name="SIZINGMARGINS:MARGINS" destClass="TaskBand2CompositedVertical8Light::TaskBand2" destPart="5" destState="0"/>
		<property sourceClass="TaskBand2SmallIconsVertical::TaskBand2" sourcePart="5" sourceState="0" name="SIZINGMARGINS:MARGINS" destClass="TaskBand2CompositedSmallIconsVertical8Light::TaskBand2" destPart="5" destState="0"/>

	<!-- Windows 10 Light Mode > Lists, Menus, & Tabs -->
	
		<properties sourceClass="ImmersiveStartDark::Menu" sourcePart="9" sourceState="0" destClass="LightMode_ImmersiveStart::Menu" destPart="9" destState="0"/>
		<properties sourceClass="ImmersiveStartDark::Menu" sourcePart="14" sourceState="0" destClass="LightMode_ImmersiveStart::Menu" destPart="14" destState="0"/>
		<properties sourceClass="ImmersiveStartDark::Menu" sourcePart="14" sourceState="1" destClass="LightMode_ImmersiveStart::Menu" destPart="14" destState="1"/>
		<properties sourceClass="ImmersiveStartDark::Menu" sourcePart="14" sourceState="2" destClass="LightMode_ImmersiveStart::Menu" destPart="14" destState="2"/>
		<properties sourceClass="ImmersiveStartDark::Menu" sourcePart="14" sourceState="3" destClass="LightMode_ImmersiveStart::Menu" destPart="14" destState="3"/>
		<properties sourceClass="ImmersiveStartDark::Menu" sourcePart="14" sourceState="4" destClass="LightMode_ImmersiveStart::Menu" destPart="14" destState="4"/>
		<properties sourceClass="ImmersiveStartDark::Menu" sourcePart="15" sourceState="0" destClass="LightMode_ImmersiveStart::Menu" destPart="15" destState="0"/>
		
		<properties sourceClass="TrayNotifyHorizOpen::Button" sourcePart="0" sourceState="0" destClass="TrayNotifyHorizOpenHCWhite::Button" destPart="0" destState="0"/>
		<properties sourceClass="TrayNotifyHoriz::Button" sourcePart="0" sourceState="0" destClass="TrayNotifyHorizHCWhite::Button" destPart="0" destState="0"/>
		
		<properties sourceClass="TooltipStyle" sourcePart="1" sourceState="0" destClass="DarkMode_Explorer::Tooltip" destPart="1" destState="0"/>
	</copy>
	
	<add>
		<property class="DarkModeNavbarComposited::Rebar" part="0" state="0" name="BGTYPE:ENUM" value="NONE"/>
		<property class="DarkModeInactiveNavbarComposited::Rebar" part="0" state="0" name="BGTYPE:ENUM" value="NONE"/>
		<property class="DarkModeMaxNavbarComposited::Rebar" part="0" state="0" name="BGTYPE:ENUM" value="NONE"/>
		<property class="DarkModeMaxInactiveNavbarComposited::Rebar" part="0" state="0" name="BGTYPE:ENUM" value="NONE"/>
		<property class="DarkModeNavbar::Rebar" part="0" state="0" name="BGTYPE:ENUM" value="NONE"/>
		<property class="DarkModeInactiveNavbar::Rebar" part="0" state="0" name="BGTYPE:ENUM" value="NONE"/>
		<property class="DarkModeMaxNavbar::Rebar" part="0" state="0" name="BGTYPE:ENUM" value="NONE"/>
		<property class="DarkModeMaxInactiveNavbar::Rebar" part="0" state="0" name="BGTYPE:ENUM" value="NONE"/>
		
		<property class="DarkMode_AddressComposited::ComboBox" part="9" state="1" name="FILLCOLOR:COLOR" value="252525"/>
		<property class="DarkMode_AddressComposited::ComboBox" part="9" state="1" name="TEXTCOLOR:COLOR" value="ffffff"/>
		<property class="DarkMode_AddressComposited::ComboBox" part="9" state="2" name="FILLCOLOR:COLOR" value="d77800"/>
		<property class="DarkMode_AddressComposited::ComboBox" part="9" state="2" name="TEXTCOLOR:COLOR" value="ffffff"/>
		<property class="DarkMode_InactiveAddressComposited::ComboBox" part="9" state="1" name="FILLCOLOR:COLOR" value="252525"/>
		<property class="DarkMode_InactiveAddressComposited::ComboBox" part="9" state="1" name="TEXTCOLOR:COLOR" value="ffffff"/>
		<property class="DarkMode_InactiveAddressComposited::ComboBox" part="9" state="2" name="FILLCOLOR:COLOR" value="d77800"/>
		<property class="DarkMode_InactiveAddressComposited::ComboBox" part="9" state="2" name="TEXTCOLOR:COLOR" value="ffffff"/>
		<property class="DarkMode_MaxAddressComposited::ComboBox" part="9" state="1" name="FILLCOLOR:COLOR" value="252525"/>
		<property class="DarkMode_MaxAddressComposited::ComboBox" part="9" state="1" name="TEXTCOLOR:COLOR" value="ffffff"/>
		<property class="DarkMode_MaxAddressComposited::ComboBox" part="9" state="2" name="FILLCOLOR:COLOR" value="d77800"/>
		<property class="DarkMode_MaxAddressComposited::ComboBox" part="9" state="2" name="TEXTCOLOR:COLOR" value="ffffff"/>
		<property class="DarkMode_MaxInactiveAddressComposited::ComboBox" part="9" state="1" name="FILLCOLOR:COLOR" value="252525"/>
		<property class="DarkMode_MaxInactiveAddressComposited::ComboBox" part="9" state="1" name="TEXTCOLOR:COLOR" value="ffffff"/>
		<property class="DarkMode_MaxInactiveAddressComposited::ComboBox" part="9" state="2" name="FILLCOLOR:COLOR" value="d77800"/>
		<property class="DarkMode_MaxInactiveAddressComposited::ComboBox" part="9" state="2" name="TEXTCOLOR:COLOR" value="ffffff"/>
		
		<property class="AddressComposited::ComboBox" part="9" state="1" name="FILLCOLOR:COLOR" value="ffffff"/>
		<property class="AddressComposited::ComboBox" part="9" state="1" name="TEXTCOLOR:COLOR" value="000000"/>
		<property class="AddressComposited::ComboBox" part="9" state="2" name="FILLCOLOR:COLOR" value="d77800"/>
		<property class="AddressComposited::ComboBox" part="9" state="2" name="TEXTCOLOR:COLOR" value="ffffff"/>
		<property class="InactiveAddressComposited::ComboBox" part="9" state="1" name="FILLCOLOR:COLOR" value="ffffff"/>
		<property class="InactiveAddressComposited::ComboBox" part="9" state="1" name="TEXTCOLOR:COLOR" value="000000"/>
		<property class="InactiveAddressComposited::ComboBox" part="9" state="2" name="FILLCOLOR:COLOR" value="d77800"/>
		<property class="InactiveAddressComposited::ComboBox" part="9" state="2" name="TEXTCOLOR:COLOR" value="ffffff"/>
		<property class="MaxAddressComposited::ComboBox" part="9" state="1" name="FILLCOLOR:COLOR" value="ffffff"/>
		<property class="MaxAddressComposited::ComboBox" part="9" state="1" name="TEXTCOLOR:COLOR" value="000000"/>
		<property class="MaxAddressComposited::ComboBox" part="9" state="2" name="FILLCOLOR:COLOR" value="d77800"/>
		<property class="MaxAddressComposited::ComboBox" part="9" state="2" name="TEXTCOLOR:COLOR" value="ffffff"/>
		<property class="MaxInactiveAddressComposited::ComboBox" part="9" state="1" name="FILLCOLOR:COLOR" value="ffffff"/>
		<property class="MaxInactiveAddressComposited::ComboBox" part="9" state="1" name="TEXTCOLOR:COLOR" value="000000"/>
		<property class="MaxInactiveAddressComposited::ComboBox" part="9" state="2" name="FILLCOLOR:COLOR" value="d77800"/>
		<property class="MaxInactiveAddressComposited::ComboBox" part="9" state="2" name="TEXTCOLOR:COLOR" value="ffffff"/>

		<property class="DarkMode_Explorer::ScrollBar" part="11" state="0" name="FILLCOLOR:COLOR" value="383838"/>
		<property class="ScrollBar" part="11" state="0" name="FILLCOLOR:COLOR" value="383838"/>
		<property class="DarkMode_Explorer::Edit" part="3" state="1" name="BGTYPE:ENUM" value="BORDERFILL"/>
		<property class="DarkMode_Explorer::Edit" part="3" state="1" name="FILLCOLOR:COLOR" value="212121"/>
		<property class="DarkMode_CFD::Edit" part="3" state="1" name="BGTYPE:ENUM" value="BORDERFILL"/>
		<property class="DarkMode_CFD::Edit" part="3" state="1" name="FILLCOLOR:COLOR" value="212121"/>
		
		<property class="DarkMode_InfoPaneToolbar::Toolbar" part="0" state="0" name="BGTYPE:ENUM" value="BORDERFILL"/>
		<property class="DarkMode_InfoPaneToolbar::Toolbar" part="0" state="0" name="BORDERSIZE:INT" value="0"/>
		<property class="DarkMode_InfoPaneToolbar::Toolbar" part="0" state="0" name="FILLCOLOR:COLOR" value="383838"/>
		<property class="DarkMode_InfoPaneToolbar::Toolbar" part="0" state="2" name="TEXTCOLOR:COLOR" value="ffffff"/>
		<property class="DarkMode_InfoPaneToolbar::Toolbar" part="0" state="3" name="TEXTCOLOR:COLOR" value="ffffff"/>
		<property class="DarkMode_InfoPaneToolbar::Toolbar" part="0" state="5" name="TEXTCOLOR:COLOR" value="ffffff"/>
		<property class="DarkMode_InfoPaneToolbar::Toolbar" part="0" state="6" name="TEXTCOLOR:COLOR" value="ffffff"/>
		<property class="DarkMode_InfoPaneToolbar::Toolbar" part="0" state="8" name="TEXTCOLOR:COLOR" value="ffffff"/>
		
		<property class="CommonItemsDialog" part="1" state="0" name="BGTYPE:ENUM" value="BORDERFILL"/>
		<property class="CommonItemsDialog" part="1" state="0" name="FILLCOLOR:COLOR" value="f0f0f0"/>
		<property class="CommonItemsDialog" part="1" state="0" name="BORDERSIZE:INT" value="0"/>
		
		<property class="DarkMode::CommonItemsDialog" part="1" state="0" name="BGTYPE:ENUM" value="BORDERFILL"/>
		<property class="DarkMode::CommonItemsDialog" part="1" state="0" name="FILLCOLOR:COLOR" value="383838"/>
		<property class="DarkMode::CommonItemsDialog" part="1" state="0" name="BORDERSIZE:INT" value="0"/>
		
		<property class="ItemsView" part="4" state="13" name="FILLCOLOR:COLOR" value="f0f0f0"/>
		<property class="DarkMode::ItemsView" part="4" state="13" name="FILLCOLOR:COLOR" value="f0f0f0"/>

	<!-- Windows 10 Light Mode > Explorer & Shell -->
	
		<property class="FileExplorerBannerContainer" part="0" state="0" name="FILLCOLOR:COLOR" value="f4f4f4"/>
		<property class="FileExplorerBannerContainer" part="0" state="0" name="TEXTCOLOR:COLOR" value="000000"/>
		<property class="FileExplorerBannerContainer" part="1" state="1" name="FILLCOLOR:COLOR" value="f4f4f4"/>
		<property class="FileExplorerBannerContainer" part="1" state="1" name="TEXTCOLOR:COLOR" value="000000"/>
		<property class="FileExplorerBannerContainer" part="1" state="2" name="FILLCOLOR:COLOR" value="f4f4f4"/>
		<property class="FileExplorerBannerContainer" part="1" state="2" name="TEXTCOLOR:COLOR" value="b3b3b3"/>
		
		<property class="DarkMode::FileExplorerBannerContainer" part="0" state="0" name="FILLCOLOR:COLOR" value="333333"/>
		<property class="DarkMode::FileExplorerBannerContainer" part="0" state="0" name="TEXTCOLOR:COLOR" value="dedede"/>
		<property class="DarkMode::FileExplorerBannerContainer" part="1" state="1" name="FILLCOLOR:COLOR" value="333333"/>
		<property class="DarkMode::FileExplorerBannerContainer" part="1" state="1" name="TEXTCOLOR:COLOR" value="ffffff"/>
		<property class="DarkMode::FileExplorerBannerContainer" part="1" state="2" name="FILLCOLOR:COLOR" value="333333"/>
		<property class="DarkMode::FileExplorerBannerContainer" part="1" state="2" name="TEXTCOLOR:COLOR" value="6a6a6a"/>
	
	<!-- Stupid fix for removing the TaskBar height adjust on my themes -->
	
		<property class="TaskBar" part="0" state="0" name="HEIGHT:INT" value="4"/>
	</add>
	<remove>
		<class class="ShowDesktopLight::Button"/>
		<class class="VerticalShowDesktopLight::Button"/>
		<class class="LightMode::FileExplorerBannerContainer"/>
	</remove>
</stylescript>