<!--
	Author:	Mr GRiM
-->
<stylescript>
	<remove>
		<property class="TaskbandExtendedUI" part="6" state="0" name="BGTYPE:ENUM"/>
		<property class="TaskbandExtendedUI" part="6" state="0" name="SIZINGTYPE:ENUM"/>
		<property class="TaskbandExtendedUI" part="6" state="0" name="IMAGELAYOUT:ENUM"/>
		<property class="TaskbandExtendedUI" part="6" state="0" name="IMAGECOUNT:INT"/>
		<property class="TaskbandExtendedUI" part="6" state="0" name="TRANSPARENT:BOOL"/>
		<property class="TaskbandExtendedUI" part="6" state="0" name="CONTENTMARGINS:MARGINS"/>
		<property class="TaskbandExtendedUI" part="6" state="0" name="SIZINGMARGINS:MARGINS"/>
		<property class="TaskbandExtendedUI" part="6" state="0" name="IMAGEFILE:FILENAME"/>
		<property class="TaskbandExtendedUI" part="7" state="0" name="BGTYPE:ENUM"/>
		<property class="TaskbandExtendedUI" part="7" state="0" name="SIZINGTYPE:ENUM"/>
		<property class="TaskbandExtendedUI" part="7" state="0" name="IMAGELAYOUT:ENUM"/>
		<property class="TaskbandExtendedUI" part="7" state="0" name="IMAGECOUNT:INT"/>
		<property class="TaskbandExtendedUI" part="7" state="0" name="TRANSPARENT:BOOL"/>
		<property class="TaskbandExtendedUI" part="7" state="0" name="CONTENTMARGINS:MARGINS"/>
		<property class="TaskbandExtendedUI" part="7" state="0" name="SIZINGMARGINS:MARGINS"/>
		<property class="TaskbandExtendedUI" part="7" state="0" name="IMAGEFILE:FILENAME"/>
		<property class="TaskbandExtendedUI" part="11" state="0" name="FILLCOLORHINT:COLOR"/>
		
		<property class="DWMWindow" part="0" state="0" name="SIZINGMARGINS:MARGINS"/>
		<property class="DWMWindow" part="0" state="0" name="BGTYPE:ENUM"/>
		<property class="DWMWindow" part="0" state="0" name="COLOR:COLOR"/>
		<property class="DWMWindow" part="0" state="0" name="FILLCOLOR:COLOR"/>
		<property class="DWMWindow" part="0" state="0" name="TEXTCOLOR:COLOR"/>
		<property class="DWMWindow" part="0" state="0" name="ATLASRECT:RECT"/>
		<property class="DWMWindow" part="33" state="3" name="OPACITY:INT"/>
		<property class="DWMWindow" part="33" state="4" name="OPACITY:INT"/>
		<property class="DWMWindow" part="36" state="1" name="TEXTCOLOR:COLOR"/>
		<property class="DWMWindow" part="36" state="1" name="GLOWCOLOR:COLOR"/>
		<property class="DWMWindow" part="36" state="2" name="TEXTCOLOR:COLOR"/>
		<property class="DWMWindow" part="36" state="2" name="GLOWCOLOR:COLOR"/>
		<property class="DWMWindow" part="37" state="1" name="TEXTCOLOR:COLOR"/>
		<property class="DWMWindow" part="37" state="1" name="GLOWCOLOR:COLOR"/>
		<property class="DWMWindow" part="37" state="2" name="TEXTCOLOR:COLOR"/>
		<property class="DWMWindow" part="37" state="2" name="GLOWCOLOR:COLOR"/>
		<property class="DWMWindow" part="38" state="1" name="TEXTCOLOR:COLOR"/>
		<property class="DWMWindow" part="38" state="1" name="GLOWCOLOR:COLOR"/>
		<property class="DWMWindow" part="38" state="2" name="TEXTCOLOR:COLOR"/>
		<property class="DWMWindow" part="38" state="2" name="GLOWCOLOR:COLOR"/>
		<property class="DWMWindow" part="38" state="3" name="TEXTCOLOR:COLOR"/>
		<property class="DWMWindow" part="38" state="3" name="GLOWCOLOR:COLOR"/>
		<property class="DWMWindow" part="38" state="4" name="TEXTCOLOR:COLOR"/>
		<property class="DWMWindow" part="38" state="4" name="GLOWCOLOR:COLOR"/>
		<property class="DWMWindow" part="46" state="0" name="BORDERCOLOR:COLOR"/>
		<property class="DWMWindow" part="54" state="0" name="BORDERCOLOR:COLOR"/>
		<property class="DWMWindow" part="55" state="0" name="BORDERCOLOR:COLOR"/>
		<property class="DWMWindow" part="62" state="1" name="OPACITY:INT"/>
		<property class="DWMWindow" part="62" state="2" name="OPACITY:INT"/>
		<property class="DWMWindow" part="62" state="3" name="OPACITY:INT"/>
		<property class="DWMWindow" part="62" state="4" name="OPACITY:INT"/>
		<property class="DWMWindow" part="46" state="0" name="CAPTIONMARGINS:MARGINS"/>
		<property class="DWMWindow" part="84" state="1" name="GLOWCOLOR:COLOR"/>
		<property class="DWMWindow" part="84" state="2" name="GLOWCOLOR:COLOR"/>
	</remove>
</stylescript>