<!--
	Author:	Mr GRiM
-->
<stylescript>
	<remove>
		<property class="TaskbandExtendedUI" part="2" state="0" name="BGTYPE:ENUM"/>
		<property class="TaskbandExtendedUI" part="2" state="0" name="SIZINGTYPE:ENUM"/>
		<property class="TaskbandExtendedUI" part="2" state="0" name="IMAGELAYOUT:ENUM"/>
		<property class="TaskbandExtendedUI" part="2" state="0" name="IMAGECOUNT:INT"/>
		<property class="TaskbandExtendedUI" part="2" state="0" name="TRANSPARENT:BOOL"/>
		<property class="TaskbandExtendedUI" part="2" state="0" name="CONTENTMARGINS:MARGINS"/>
		<property class="TaskbandExtendedUI" part="2" state="0" name="IMAGEFILE:FILENAME"/>
		
		<property class="TaskbandExtendedUI" part="6" state="0" name="BGTYPE:ENUM"/>
		<property class="TaskbandExtendedUI" part="6" state="0" name="SIZINGTYPE:ENUM"/>
		<property class="TaskbandExtendedUI" part="6" state="0" name="IMAGELAYOUT:ENUM"/>
		<property class="TaskbandExtendedUI" part="6" state="0" name="IMAGECOUNT:INT"/>
		<property class="TaskbandExtendedUI" part="6" state="0" name="TRANSPARENT:BOOL"/>
		<property class="TaskbandExtendedUI" part="6" state="0" name="CONTENTMARGINS:MARGINS"/>
		<property class="TaskbandExtendedUI" part="6" state="0" name="SIZINGMARGINS:MARGINS"/>
		<property class="TaskbandExtendedUI" part="6" state="0" name="IMAGEFILE:FILENAME"/>
		
		<property class="TaskbandExtendedUI" part="7" state="0" name="BGTYPE:ENUM"/>
		<property class="TaskbandExtendedUI" part="7" state="0" name="SIZINGTYPE:ENUM"/>
		<property class="TaskbandExtendedUI" part="7" state="0" name="IMAGELAYOUT:ENUM"/>
		<property class="TaskbandExtendedUI" part="7" state="0" name="IMAGECOUNT:INT"/>
		<property class="TaskbandExtendedUI" part="7" state="0" name="TRANSPARENT:BOOL"/>
		<property class="TaskbandExtendedUI" part="7" state="0" name="CONTENTMARGINS:MARGINS"/>
		<property class="TaskbandExtendedUI" part="7" state="0" name="SIZINGMARGINS:MARGINS"/>
		<property class="TaskbandExtendedUI" part="7" state="0" name="IMAGEFILE:FILENAME"/>
		
		<property class="TaskbandExtendedUI" part="10" state="0" name="BGTYPE:ENUM"/>
		<property class="TaskbandExtendedUI" part="10" state="0" name="SIZINGTYPE:ENUM"/>
		<property class="TaskbandExtendedUI" part="10" state="0" name="IMAGELAYOUT:ENUM"/>
		<property class="TaskbandExtendedUI" part="10" state="0" name="IMAGESELECTTYPE:ENUM"/>
		<property class="TaskbandExtendedUI" part="10" state="0" name="GLYPHTYPE:ENUM"/>
		<property class="TaskbandExtendedUI" part="10" state="0" name="GLYPHTRANSPARENT:BOOL"/>
		<property class="TaskbandExtendedUI" part="10" state="0" name="TRANSPARENT:BOOL"/>
		<property class="TaskbandExtendedUI" part="10" state="0" name="CONTENTMARGINS:MARGINS"/>
		<property class="TaskbandExtendedUI" part="10" state="0" name="IMAGEFILE:FILENAME"/>
		<property class="TaskbandExtendedUI" part="10" state="0" name="IMAGECOUNT:INT"/>
		
		<property class="TaskbandExtendedUI" part="11" state="0" name="BGTYPE:ENUM"/>
		<property class="TaskbandExtendedUI" part="11" state="0" name="SIZINGTYPE:ENUM"/>
		<property class="TaskbandExtendedUI" part="11" state="0" name="IMAGELAYOUT:ENUM"/>
		<property class="TaskbandExtendedUI" part="11" state="0" name="IMAGECOUNT:INT"/>
		<property class="TaskbandExtendedUI" part="11" state="0" name="FILLCOLORHINT:COLOR"/>
		<property class="TaskbandExtendedUI" part="11" state="0" name="CONTENTMARGINS:MARGINS"/>
		<property class="TaskbandExtendedUI" part="11" state="0" name="IMAGEFILE:FILENAME"/>
		
		<property class="TaskbandExtendedUI" part="12" state="0" name="BGTYPE:ENUM"/>
		<property class="TaskbandExtendedUI" part="12" state="0" name="SIZINGTYPE:ENUM"/>
		<property class="TaskbandExtendedUI" part="12" state="0" name="IMAGELAYOUT:ENUM"/>
		<property class="TaskbandExtendedUI" part="12" state="0" name="IMAGECOUNT:INT"/>
		<property class="TaskbandExtendedUI" part="12" state="0" name="TRANSPARENT:BOOL"/>
		<property class="TaskbandExtendedUI" part="12" state="0" name="CONTENTMARGINS:MARGINS"/>
		<property class="TaskbandExtendedUI" part="12" state="0" name="SIZINGMARGINS:MARGINS"/>
		<property class="TaskbandExtendedUI" part="12" state="0" name="IMAGEFILE:FILENAME"/>
		
	</remove>
	<copy>
		<properties sourceClass="W10::TaskbandExtendedUI" sourcePart="0" sourceState="0" destClass="TaskbandExtendedUI" destPart="0" destState="0"/>
		<properties sourceClass="W10::TaskbandExtendedUI" sourcePart="1" sourceState="0" destClass="TaskbandExtendedUI" destPart="1" destState="0"/>
		<properties sourceClass="W10::TaskbandExtendedUI" sourcePart="2" sourceState="0" destClass="TaskbandExtendedUI" destPart="2" destState="0"/>
		<properties sourceClass="W10::TaskbandExtendedUI" sourcePart="3" sourceState="0" destClass="TaskbandExtendedUI" destPart="3" destState="0"/>
		<properties sourceClass="W10::TaskbandExtendedUI" sourcePart="4" sourceState="0" destClass="TaskbandExtendedUI" destPart="3" destState="0"/>
		<properties sourceClass="W10::TaskbandExtendedUI" sourcePart="8" sourceState="0" destClass="TaskbandExtendedUI" destPart="8" destState="0"/>
		<properties sourceClass="W10::TaskbandExtendedUI" sourcePart="9" sourceState="0" destClass="TaskbandExtendedUI" destPart="9" destState="0"/>
		<properties sourceClass="W10::TaskbandExtendedUI" sourcePart="10" sourceState="0" destClass="TaskbandExtendedUI" destPart="10" destState="0"/>
		<properties sourceClass="W10::TaskbandExtendedUI" sourcePart="11" sourceState="0" destClass="TaskbandExtendedUI" destPart="11" destState="0"/>
		<properties sourceClass="W10::TaskbandExtendedUI" sourcePart="12" sourceState="0" destClass="TaskbandExtendedUI" destPart="12" destState="0"/>
	</copy>	
	<add>
		<property class="TaskbandExtendedUI" part="1" state="0" name="CONTENTMARGINS:MARGINS" value="12, 12, 12, 18"/>
	</add>
</stylescript>