<!--
	Author:	UK.Intel (T.Springham) & Panda X
	
	Version:	1.6.7			Revised: March 20th, 2012
	Base:		1.0.0			Revised: February 25th, 2011
	
	Created:	June 9th, 2008

	This file is used to put classes into groups:
		For example, we could group all StartMenu related items under the
		Group StartMenu. We could even add a subgroup for the StartMenuButton under this group.

		The class-node name attribute is used to match classes:
			*				matches every class
			str*			matches everything that begins with str
			*str			matches everything that ends with str
			str				matches classes that are named str
			str1*str2		matches anything that begins with str1 and ends with str2

			A class can have a displayName that overrides its real name for display,
			with the following patterns:

			{match}			will be replaced by the * part that matched in the classname
			{name}			will be replaced by the whole display name
			{id}			will be replaced by the id of the class
			{prettyname}	will be replaced by a prettier name for the class (based on inheritance)

			Examples:
			<class name='Start*::Button' displayName='Button{match}' />
			<class name='StartMenu::*' displayName='StartMenu {name}' />
-->
<groups>
	<group display="yes" name="Documentation">
		<classes>
			<class displayName="Documentation" name="documentation"/>
		</classes>
		<groups>
			<group displayName="yes" name="Variant">
				<classes>
					<class displayName="Color: Normal" name="colorvariant.NormalColor"/>
					<class displayName="Size: Normal" name="sizevariant.NormalSize"/>
					<class displayName="Size: Default" name="sizevariant.Default"/>
				</classes>
			</group>
		</groups>
	</group>
	<group display="yes" name="Fonts, Colors, &amp; System Metrics">
		<classes>
			<class displayName="Colors (Globals)" name="globals"/>
			<class displayName="Fonts &amp; System Metrics" name="sysmetrics"/>
		</classes>
	</group>
	<group display="yes" name="Styles">
		<classes>
			<class displayName="{name}" name="*Style"/>
		</classes>
	</group>
	<group display="yes" name="Start Menu">
		<groups>
			<group name="Menus">
				<groups>
					<group name="Aero">
						<classes>
							<class displayName="{match}" name="StartMenuComposited::*"/>
							<class displayName="{1}:{2}" name="StartMenu*Composited::*"/>
							<class displayName="StartMenuCompositedMFU::ListView" name="StartMenuCompositedMFU::ListView"/>
							<class displayName="TopMatchComposited::ListView" name="TopMatchComposited::ListView"/>
						</classes>
					</group>
					<group name="Basic">
						<classes>
							<class displayName="{match}" name="StartMenu::*"/>
							<class displayName="{1}:{2}" name="StartMenu*::*"/>
							<class displayName="TopMatch::ListView" name="TopMatch::ListView"/>
						</classes>
					</group>
				</groups>
			</group>
			<group name="Panels">
				<groups>
					<group displayName="yes" name="Aero">
						<classes>
							<class displayName="Top" name="StartPanelComposited::StartPanelPriv">
								<groups>
									<group name="Programs List">
										<groups>
											<group name="Panels">
												<parts>
													<part displayName="Programs List" id="6"/>
													<part displayName="Programs List Extended" id="7"/>
													<part displayName="Programs List Separator" id="8"/>
													<part displayName="More Programs" id="2"/>
													<part displayName="More Programs Extended" id="3"/>
													<part displayName="NSCHost" id="17"/>
												</parts>
											</group>
											<group name="Controls">
												<parts>
													<part displayName="Programs List Item" id="29"/>
													<part displayName="Programs List Split Button Left" id="28"/>
													<part displayName="Programs List Split Button Right" id="31"/>
													<part displayName="More Programs Tab" id="16"/>
													<part displayName="More Programs Arrow" id="4"/>
													<part displayName="More Programs Arrow Back" id="21"/>
												</parts>
											</group>
										</groups>
									</group>
									<group name="Places List">
										<groups>
											<group name="Panels">
												<parts>
													<part displayName="User Pane" id="1"/>
													<part displayName="Places List" id="9"/>
													<part displayName="Places List Extended" id="10"/>
													<part displayName="Places List Separator" id="11"/>
													<part displayName="Logoff" id="14"/>
													<part displayName="Logoff Extended" id="15"/>
												</parts>
											</group>
											<group name="Controls">
												<parts>
													<part displayName="Places List Item Hover" id="36"/>
													<part displayName="Logoff Split Button Left" id="37"/>
													<part displayName="Logoff Split Button Left Extended" id="38"/>
													<part displayName="Logoff Split Button Right" id="23"/>
													<part displayName="Logoff Split Button Right Extended" id="24"/>
												</parts>
											</group>
										</groups>
									</group>
									<group name="Jump List">
										<groups>
											<group name="Panels">
												<parts>
													<part displayName="Jump List User" id="12"/>
													<part displayName="Jump List System" id="13"/>
												</parts>
											</group>
											<group name="Controls">
												<parts>
													<part displayName="Jump List Arrow" id="5"/>
													<part displayName="Pin Item Icon Size" id="25"/>
													<part displayName="Pin Item Icon Vertical Offset" id="26"/>
													<part displayName="Pin Item Icon Horizontal Offset" id="27"/>
													<part displayName="Jump List Item" id="32"/>
													<part displayName="Jump List Split Button Left" id="33"/>
													<part displayName="Jump List Split Button Right" id="35"/>
												</parts>
											</group>
										</groups>
									</group>
									<group name="Search">
										<parts>
											<part displayName="Open Box" id="18"/>
											<part displayName="Open Box Extended" id="19"/>
											<part displayName="Search View" id="20"/>
											<part displayName="More Results" id="22"/>
										</parts>
									</group>
								</groups>
							</class>
							<class displayName="Bottom" name="StartPanelCompositedBottom::StartPanelPriv">
								<group name="Places List">
									<parts>
										<part displayName="User Pane" id="1"/>
										<part displayName="Places List" id="9"/>
									</parts>
								</group>
							</class>
						</classes>
					</group>
				</groups>
				<classes>
					<class displayName="Basic" name="StartPanelPriv">
						<groups>
							<group name="Programs List">
								<groups>
									<group name="Panels">
										<parts>
											<part displayName="Programs List" id="6"/>
											<part displayName="Programs List Extended" id="7"/>
											<part displayName="Programs List Separator" id="8"/>
											<part displayName="More Programs" id="2"/>
											<part displayName="More Programs Extended" id="3"/>
											<part displayName="NSCHost" id="17"/>
										</parts>
									</group>
									<group name="Controls">
										<parts>
											<part displayName="Programs List Item" id="29"/>
											<part displayName="Programs List Split Button Left" id="28"/>
											<part displayName="Programs List Split Button Right" id="31"/>
											<part displayName="More Programs Tab" id="16"/>
											<part displayName="More Programs Arrow" id="4"/>
											<part displayName="More Programs Arrow Back" id="21"/>
										</parts>
									</group>
								</groups>
							</group>
							<group name="Places List">
								<groups>
									<group name="Panels">
										<parts>
											<part displayName="User Pane" id="1"/>
											<part displayName="Places List" id="9"/>
											<part displayName="Places List Extended" id="10"/>
											<part displayName="Places List Separator" id="11"/>
											<part displayName="Logoff" id="14"/>
											<part displayName="Logoff Extended" id="15"/>
										</parts>
									</group>
									<group name="Controls">
										<parts>
											<part displayName="Places List Item Hover" id="36"/>
											<part displayName="Logoff Split Button Left" id="37"/>
											<part displayName="Logoff Split Button Left Extended" id="38"/>
											<part displayName="Logoff Split Button Right" id="23"/>
											<part displayName="Logoff Split Button Right Extended" id="24"/>
										</parts>
									</group>
								</groups>
							</group>
							<group name="Jump List">
								<groups>
									<group name="Panels">
										<parts>
											<part displayName="Jump List User" id="12"/>
											<part displayName="Jump List System" id="13"/>
										</parts>
									</group>
									<group name="Controls">
										<parts>
											<part displayName="Jump List Arrow" id="5"/>
											<part displayName="Pin Item Icon Size" id="25"/>
											<part displayName="Pin Item Icon Vertical Offset" id="26"/>
											<part displayName="Pin Item Icon Horizontal Offset" id="27"/>
											<part displayName="Jump List Item" id="32"/>
											<part displayName="Jump List Split Button Left" id="33"/>
											<part displayName="Jump List Split Button Right" id="35"/>
										</parts>
									</group>
								</groups>
							</group>
							<group name="Search">
								<parts>
									<part displayName="Open Box" id="18"/>
									<part displayName="Open Box Extended" id="19"/>
									<part displayName="Search View" id="20"/>
									<part displayName="More Results" id="22"/>
								</parts>
							</group>
						</groups>
					</class>
				</classes>
			</group>
		</groups>
	</group>
	<group display="yes" name="Windows &amp; Caption Buttons">
		<classes>
			<class displayName="Basic" name="Window">
				<groups>
					<group display="yes" name="Frames">
						<groups>
							<group display="yes" name="Window">
								<parts>
									<part displayName="Top" id="1"/>
									<part displayName="Left" id="7"/>
									<part displayName="Right" id="8"/>
									<part displayName="Bottom" id="9"/>
									<part displayName="Minimized" id="3"/>
									<part displayName="Maximized" id="5"/>
								</parts>
							</group>
							<group display="yes" name="Tool Window">
								<parts>
									<part displayName="Top" id="2"/>
									<part displayName="Left" id="10"/>
									<part displayName="Right" id="11"/>
									<part displayName="Bottom" id="12"/>
									<part displayName="Minimized" id="4"/>
									<part displayName="Maximized" id="6"/>
								</parts>
							</group>
							<group display="yes" name="Sizing Template">
								<parts>
									<part displayName="Window" id="30"/>
									<part displayName="Tool Window" id="31"/>
									<part displayName="Left Window Border" id="32"/>
									<part displayName="Left Tool Window Border" id="33"/>
									<part displayName="Right Window Border" id="34"/>
									<part displayName="Right Tool Window Border" id="35"/>
									<part displayName="Bottom Window Border" id="36"/>
									<part displayName="Bottom Tool Window Border" id="37"/>
									<part displayName="Frame" id="38"/>
								</parts>
							</group>
						</groups>
					</group>
					<group display="yes" name="Controls">
						<groups>
							<group display="yes" name="Captions">
								<groups>
									<group display="yes" name="Window">
										<parts>
											<part displayName="Close Button" id="18"/>
											<part displayName="Maximized Button" id="17"/>
											<part displayName="Restore Button" id="21"/>
											<part displayName="Minimized Button" id="15"/>
											<part displayName="Help Button" id="23"/>
											<part displayName="System Menu" id="13"/>
										</parts>
									</group>
									<group display="yes" name="Tool Window">
										<parts>
											<part displayName="Close Button" id="19"/>
										</parts>
									</group>
									<group display="yes" name="MDI Window">
										<parts>
											<part displayName="Close Button" id="20"/>
											<part displayName="Restore Button" id="22"/>
											<part displayName="Minimized Button" id="16"/>
											<part displayName="Help Button" id="24"/>
											<part displayName="System Menu" id="14"/>
										</parts>
									</group>
								</groups>
							</group>
							<group display="yes" name="Misc">
								<groups>
									<group display="yes" name="Horizontal">
										<parts>
											<part displayName="Scroll" id="25"/>
											<part displayName="Thumb" id="26"/>
										</parts>
									</group>
									<group display="yes" name="Vertical">
										<parts>
											<part displayName="Scroll" id="27"/>
											<part displayName="Thumb" id="28"/>
										</parts>
									</group>
								</groups>
								<parts>
									<part displayName="Dialog" id="29"/>
								</parts>
							</group>
						</groups>
					</group>
				</groups>
			</class>
		</classes>
		<groups>
			<group DisplayName="yes" name="Aero">
				<classes>
					<class displayName="DWM Window" name="DwmWindow">
						<groups>
							<group name="Frames">
								<groups>
									<group name="Window">
										<parts>
											<part displayName="Bottom" id="1"/>
											<part displayName="Left" id="33"/>
											<part displayName="Right" id="41"/>
											<part displayName="Top" id="56"/>
										</parts>
									</group>
									<group name="Tool Window">
										<parts>
											<part displayName="Bottom" id="44"/>
											<part displayName="Left" id="52"/>
											<part displayName="Right" id="53"/>
											<part displayName="Top" id="54"/>
										</parts>
									</group>
									<group name="Animating Window">
										<parts>
											<part displayName="Bottom" id="36"/>
											<part displayName="Left" id="37"/>
											<part displayName="Right" id="38"/>
											<part displayName="Top" id="39"/>
										</parts>
									</group>
									<group name="Aero Peek Window">
										<groups>
											<group name="Normal">
												<parts>
													<part displayName="Bottom" id="63"/>
													<part displayName="Left" id="60"/>
													<part displayName="Right" id="61"/>
													<part displayName="Top" id="62"/>
												</parts>
											</group>
											<group name="Tool Window">
												<parts>
													<part displayName="Bottom" id="67"/>
													<part displayName="Left" id="64"/>
													<part displayName="Right" id="65"/>
													<part displayName="Top" id="66"/>
												</parts>
											</group>
										</groups>
									</group>
									<group name="Shadowless Window">
										<groups>
											<group name="Normal">
												<parts>
													<part displayName="Bottom" id="59"/>
													<part displayName="Top" id="58"/>
												</parts>
											</group>
											<group name="Aero Peek">
												<parts>
													<part displayName="Bottom" id="71"/>
													<part displayName="Top" id="70"/>
												</parts>
											</group>
										</groups>
									</group>
									<group name="Details">
										<groups>
											<group name="Shadows">
												<parts>
													<part displayName="Bottom" id="2"/>
													<part displayName="Left" id="35"/>
													<part displayName="Right" id="42"/>
													<part displayName="Top" id="57"/>
												</parts>
											</group>
											<group name="Reflections">
												<parts>
													<part displayName="Main" id="40"/>
													<part displayName="Overlay TopLeft" id="34"/>
													<part displayName="Overlay TopRight" id="42"/>
													<part displayName="Overlay Sides" id="43"/>
												</parts>
											</group>
											<group name="Glows">
												<parts>
													<part displayName="Close Button" id="11"/>
													<part displayName="Restore/Maximize Button" id="16"/>
													<part displayName="Small Close Button" id="47"/>
													<part displayName="Text" id="55"/>
												</parts>
											</group>
										</groups>
									</group>
								</groups>
							</group>
							<group name="Controls">
								<groups>
									<group name="Captions">
										<groups>
											<group name="Window">
												<groups>
													<group name="Close Button">
														<groups>
															<group name="Normal Button">
																<parts>
																	<part displayName="Active" id="7"/>
																	<part displayName="Inactive" id="8"/>
																</parts>
															</group>
															<group name="Lone Button">
																<parts>
																	<part displayName="Active" id="9"/>
																	<part displayName="Inactive" id="10"/>
																</parts>
															</group>
															<group name="Close Glyph">
																<parts>
																	<part displayName="96dpi" id="12"/>
																	<part displayName="120dpi" id="13"/>
																	<part displayName="144dpi" id="14"/>
																	<part displayName="196dpi" id="15"/>
																</parts>
															</group>
															
														</groups>
													</group>
													<group name="Restore/Maximize Button">
														<groups>
															<group name="Button">
																<parts>
																	<part displayName="Active" id="3"/>
																	<part displayName="Inactive" id="4"/>
																</parts>
															</group>
															<group name="Restore Glyph">
																<parts>
																	<part displayName="96dpi" id="29"/>
																	<part displayName="120dpi" id="30"/>
																	<part displayName="144dpi" id="31"/>
																	<part displayName="196dpi" id="32"/>
																</parts>
															</group>
															<group name="Maximize Glyph">
																<parts>
																	<part displayName="96dpi" id="21"/>
																	<part displayName="120dpi" id="22"/>
																	<part displayName="144dpi" id="23"/>
																	<part displayName="196dpi" id="24"/>
																</parts>
															</group>
														</groups>
													</group>
													<group name="Minimize/Help Button">
														<groups>
															<group name="Button">
																<parts>
																	<part displayName="Active" id="5"/>
																	<part displayName="Inactive" id="6"/>
																</parts>
															</group>
															<group name="Minimize Glyph">
																<parts>
																	<part displayName="96dpi" id="25"/>
																	<part displayName="120dpi" id="26"/>
																	<part displayName="144dpi" id="27"/>
																	<part displayName="196dpi" id="28"/>
																</parts>
															</group>
															<group name="Help Glyph">
																<parts>
																	<part displayName="96dpi" id="17"/>
																	<part displayName="120dpi" id="18"/>
																	<part displayName="144dpi" id="19"/>
																	<part displayName="196dpi" id="20"/>
																</parts>
															</group>
														</groups>
													</group>
												</groups>
											</group>
											<group name="Tool Window">
												<groups>
													<group name="Small Button">
														<parts>
															<part displayName="Active" id="45"/>
															<part displayName="Inactive" id="46"/>
														</parts>
													</group>
													<group name="Small Button Glyph">
														<parts>
															<part displayName="96dpi" id="48"/>
															<part displayName="120dpi" id="49"/>
															<part displayName="144dpi" id="50"/>
															<part displayName="196dpi" id="51"/>
														</parts>
													</group>
												</groups>
											</group>
										</groups>
									</group>
									<group name="Windows 10 TH2 Captions">
										<groups>
											<group name="Window">
												<groups>
													<group name="Close Button">
														<groups>
															<group name="Close Glyph">
																<parts>
																	<part displayName="96dpi" id="65"/>
																	<part displayName="120dpi" id="66"/>
																	<part displayName="144dpi" id="67"/>
																	<part displayName="192dpi" id="68"/>
																</parts>
															</group>
														</groups>
													</group>
													<group name="Restore/Maximize Button">
														<groups>
															<group name="Button">
																<parts>
																	<part displayName="Active" id="89"/>
																	<part displayName="Inactive" id="90"/>
																</parts>
															</group>
															<group name="Restore Glyph">
																<parts>
																	<part displayName="96dpi" id="81"/>
																	<part displayName="120dpi" id="82"/>
																	<part displayName="144dpi" id="83"/>
																	<part displayName="192dpi" id="84"/>
																</parts>
															</group>
															<group name="Maximize Glyph">
																<parts>
																	<part displayName="96dpi" id="73"/>
																	<part displayName="120dpi" id="74"/>
																	<part displayName="144dpi" id="75"/>
																	<part displayName="192dpi" id="76"/>
																</parts>
															</group>
														</groups>
													</group>
													<group name="Minimize/Help Button">
														<groups>
															<group name="Button">
																<parts>
																	<part displayName="Active" id="91"/>
																	<part displayName="Inactive" id="92"/>
																</parts>
															</group>
															<group name="Minimize Glyph">
																<parts>
																	<part displayName="96dpi" id="77"/>
																	<part displayName="120dpi" id="78"/>
																	<part displayName="144dpi" id="79"/>
																	<part displayName="192dpi" id="80"/>
																</parts>
															</group>
															<group name="Help Glyph">
																<parts>
																	<part displayName="96dpi" id="69"/>
																	<part displayName="120dpi" id="70"/>
																	<part displayName="144dpi" id="71"/>
																	<part displayName="192dpi" id="72"/>
																</parts>
															</group>
														</groups>
													</group>
												</groups>
											</group>
											<group name="Tool Window">
												<groups>
													<group name="Small Button Glyph">
														<parts>
															<part displayName="96dpi" id="85"/>
															<part displayName="120dpi" id="86"/>
															<part displayName="144dpi" id="87"/>
															<part displayName="192dpi" id="88"/>
														</parts>
													</group>
												</groups>
											</group>
										</groups>
									</group>									
									<group name="Misc">
										<parts>
											<part displayName="Loading Spin Animation" id="68"/>
											<part displayName="Touch Indicators" id="69"/>
										</parts>
									</group>
								</groups>
							</group>
						</groups>
					</class>
					<class displayName="Window" name="CompositedWindow::Window">
						<groups>
							<group display="yes" name="Frames">
								<groups>
									<group display="yes" name="Window">
										<parts>
											<part displayName="Top" id="1"/>
											<part displayName="Left" id="7"/>
											<part displayName="Right" id="8"/>
											<part displayName="Bottom" id="9"/>
											<part displayName="Minimized" id="3"/>
											<part displayName="Maximized" id="5"/>
										</parts>
									</group>
									<group display="yes" name="Tool Window">
										<parts>
											<part displayName="Top" id="2"/>
											<part displayName="Left" id="10"/>
											<part displayName="Right" id="11"/>
											<part displayName="Bottom" id="12"/>
											<part displayName="Minimized" id="4"/>
											<part displayName="Maximized" id="6"/>
										</parts>
									</group>
									<group display="yes" name="Sizing Template">
										<parts>
											<part displayName="Window" id="30"/>
											<part displayName="Tool Window" id="31"/>
											<part displayName="Left Window Border" id="32"/>
											<part displayName="Left Tool Window Border" id="33"/>
											<part displayName="Right Window Border" id="34"/>
											<part displayName="Right Tool Window Border" id="35"/>
											<part displayName="Bottom Window Border" id="36"/>
											<part displayName="Bottom Tool Window Border" id="37"/>
											<part displayName="Frame" id="38"/>
										</parts>
									</group>
								</groups>
							</group>
							<group display="yes" name="Controls">
								<groups>
									<group display="yes" name="Captions">
										<groups>
											<group display="yes" name="Window">
												<parts>
													<part displayName="Close Button" id="18"/>
													<part displayName="Maximized Button" id="17"/>
													<part displayName="Restore Button" id="21"/>
													<part displayName="Minimized Button" id="15"/>
													<part displayName="Help Button" id="23"/>
													<part displayName="System Menu" id="13"/>
												</parts>
											</group>
											<group display="yes" name="Tool Window">
												<parts>
													<part displayName="Close Button" id="19"/>
												</parts>
											</group>
											<group display="yes" name="MDI Window">
												<parts>
													<part displayName="Close Button" id="20"/>
													<part displayName="Restore Button" id="22"/>
													<part displayName="Minimized Button" id="16"/>
													<part displayName="Help Button" id="24"/>
													<part displayName="System Menu" id="14"/>
												</parts>
											</group>
										</groups>
									</group>
									<group display="yes" name="Misc">
										<groups>
											<group display="yes" name="Horizontal">
												<parts>
													<part displayName="Scroll" id="25"/>
													<part displayName="Thumb" id="26"/>
												</parts>
											</group>
											<group display="yes" name="Vertical">
												<parts>
													<part displayName="Scroll" id="27"/>
													<part displayName="Thumb" id="28"/>
												</parts>
											</group>
										</groups>
										<parts>
											<part displayName="Dialog" id="29"/>
										</parts>
									</group>
								</groups>
							</group>
						</groups>
					</class>
				</classes>
			</group>
		</groups>
	</group>
	<group display="yes" name="Taskbar &amp; System Tray">
		<groups>
			<group display="yes" name="TaskBar">
				<groups>
					<group displayName="yes" name="Aero">
						<classes>
							<class displayName="TaskBar" name="TaskBar2Composited::Taskbar"/>
							<class displayName="ToolBar" name="TaskBarComposited::Toolbar"/>
							<class displayName="ToolBar (Vertical)" name="TaskBarVertComposited::Toolbar"/>
							<class displayName="Rebar" name="TaskBarComposited::Rebar"/>
							<class displayName="Show Desktop Button" name="ShowDesktop::Button"/>
							<class displayName="Show Desktop Button (Vertical)" name="VerticalShowDesktop::Button"/>
							</classes>
					</group>
					<group displayName="yes" name="Basic">
						<classes>
							<class displayName="TaskBar" name="TaskBar2::Taskbar"/>
							<class displayName="ToolBar" name="TaskBar::Toolbar"/>
							<class displayName="ToolBar (Vertical)" name="TaskBarVert::Toolbar"/>
							<class displayName="Rebar" name="TaskBar::Rebar"/>
						</classes>
					</group>
				</groups>
			</group>
			<group display="yes" name="TaskBand">
				<groups>
					<group displayName="yes" name="Aero">
						<classes>
							<class displayName="TaskBand" name="TaskBand2Composited::TaskBand2"/>
							<class displayName="TaskBand ({match})" name="TaskBand2Composited*::TaskBand2"/>
							<class displayName="Scroll Bar" name="TaskBand2Composited::ScrollBar"/>
						</classes>
						<groups>
							<group display="yes" name="TaskBandExtendedUI">
								<groups>
									<group display="yes" name="Horizontal">
										<classes>
											<class displayName="Thumbnails &amp; Controls" name="TaskbandExtendedUI"/>
											<class displayName="BasicMode" name="BasicMenuMode::TaskBandExtendedUI"/>
											<class displayName="Touch" name="Touch::TaskBandExtendedUI"/>
										</classes>
									</group>
									<group display="yes" name="Vertical">
										<classes>
											<class displayName="Thumbnails &amp; Controls (Vertical)" name="Vertical::TaskbandExtendedUI"/>
										</classes>
									</group>
								</groups>
							</group>
						</groups>
					</group>
					<group displayName="yes" name="Basic">
						<classes>
							<class displayName="TaskBand" name="TaskBand2"/>
							<class displayName="TaskBand ({match})" name="TaskBand2*::Taskband2"/>
							<class displayName="Scroll Bar" name="TaskBand2::ScrollBar"/>
						</classes>
					</group>
				</groups>
			</group>
			<group display="yes" name="System Tray">
				<groups>
					<group displayName="yes" name="Aero">
						<classes>
							<class displayName="{match}" name="TrayNotifyComposited::*"/>
							<class displayName="Flyout" name="Composited::TrayNotifyFlyout"/>
						</classes>
						<groups>
							<group displayName="yes" name="Horizontal">
								<classes>
									<class displayName="System Tray Flyout Button Top" name="TrayNotifyHorizOpenComposited::Button"/>
									<class displayName="System Tray Flyout Button Bottom" name="TrayNotifyHorizComposited::Button"/>
									<class displayName="{match}" name="TrayNotifyHorizComposited::*"/>
								</classes>
							</group>
							<group displayName="yes" name="Vertical">
								<classes>
									<class displayName="System Tray Flyout Button Left" name="TrayNotifyVertOpenComposited::Button"/>
									<class displayName="System Tray Flyout Button Right" name="TrayNotifyVertComposited::Button"/>
									<class displayName="{match}" name="TrayNotifyVertComposited::*"/>
									</classes>
							</group>
						</groups>
					</group>
					<group displayName="yes" name="Basic">
						<classes>
							<class displayName="{match}" name="TrayNotify::*"/>
							<class displayName="Tray Notify Flyout" name="TrayNotifyFlyout"/>
							<class displayName="System Tray Icons Panel Flyout" name="Flyout"/>
						</classes>
						<groups>
							<group displayName="yes" name="Horizontal">
								<classes>
									<class displayName="System Tray Flyout Button Top" name="TrayNotifyHorizOpen::Button"/>
									<class displayName="System Tray Flyout Button Bottom" name="TrayNotifyHoriz::Button"/>
									<class displayName="{match}" name="TrayNotifyHoriz::*"/>
									</classes>
							</group>
							<group displayName="yes" name="Vertical">
								<classes>
									<class displayName="System Tray Flyout Button Left" name="TrayNotifyVertOpen::Button"/>
									<class displayName="System Tray Flyout Button Right" name="TrayNotifyVert::Button"/>
									<class displayName="{match}" name="TrayNotifyVert::*"/>
									</classes>
							</group>
						</groups>
					</group>
				</groups>
			</group>
		</groups>
	</group>
	<group display="yes" name="Toolbars, Headers, &amp; Rebar">
		<groups>
			<group displayName="yes" name="Rebar">
				<classes>
					<class displayName="AlternateRebar" name="AlternateRebar::Rebar"/>
					<class displayName="BrowserTabBar" name="BrowserTabBar::Rebar"/>
					<class displayName="Communications" name="Communications::Rebar"/>
					<class displayName="ITBarBase" name="ITBarBase::Rebar"/>
					<class displayName="Media" name="Media::Rebar"/>
					<class displayName="Rebar" name="Rebar"/>
				</classes>
				<groups>
					<group displayName="yes" name="NavBar">
						<groups>
							<group displayName="yes" name="Aero">
								<groups>
									<group displayName="yes" name="Normal">
										<classes>
											<class displayName="Active" name="NavbarComposited::Rebar"/>
											<class displayName="Inactive" name="InactiveNavbarComposited::Rebar"/>
										</classes>
									</group>
									<group displayName="yes" name="Max">
										<classes>
											<class displayName="Active" name="MaxNavbarComposited::Rebar"/>
											<class displayName="Inactive" name="MaxInactiveNavbarComposited::Rebar"/>
										</classes>
									</group>
								</groups>
							</group>
							<group displayName="yes" name="Basic">
								<classes>
									<class displayName="Base" name="NavbarBase::Rebar"/>
									<class displayName="NonTopmost" name="NavbarNonTopmost::Rebar"/>
								</classes>
								<groups>
									<group displayName="yes" name="Normal">
										<classes>
											<class displayName="Active" name="Navbar::Rebar"/>
											<class displayName="Inactive" name="InactiveNavbar::Rebar"/>
										</classes>
									</group>
									<group displayName="yes" name="Max">
										<classes>
											<class displayName="Active" name="MaxNavbar::Rebar"/>
											<class displayName="Inactive" name="MaxInactiveNavbar::Rebar"/>
										</classes>
									</group>
								</groups>
							</group>
						</groups>
					</group>
				</groups>
			</group>
			<group displayName="yes" name="Toolbars &amp; Headers">
				<classes>
					<class displayName="Alternate" name="Alternate::Toolbar"/>
					<class displayName="Communications" name="Communications::Toolbar"/>
					<class displayName="Header" name="Header"/>
					<class displayName="LVPopup" name="LVPopup::Toolbar"/>
					<class displayName="Media" name="Media::Toolbar"/>
					<class displayName="Status" name="Status"/>
					<class displayName="Toolbar" name="Toolbar"/>
					<class displayName="List View Pop-up" name="ListViewPopUp"/>
					<class displayName="List View Pop-up (Bottom)" name="LVPopUpBottom::Toolbar"/>
					<class displayName="Items View Header" name="ItemsView::Header"/>
				</classes>
			</group>
		</groups>
	</group>
	<group display="yes" name="Address, Breadcrumb, &amp; Search">
		<groups>
			<group displayName="yes" name="Address">
				<groups>
					<group displayName="yes" name="AddressBand">
						<groups>
							<group displayName="yes" name="Aero">
								<classes>
									<class displayName="AddressBand" name="ABComposited::AddressBand"/>
									<class displayName="AddressBand: Green" name="ABGreenComposited::AddressBand"/>
									<class displayName="AddressBand: Red" name="ABRedComposited::AddressBand"/>
									<class displayName="AddressBand: Yellow" name="ABYellowComposited::AddressBand"/>
								</classes>
							</group>
							<group displayName="yes" name="Basic">
								<classes>
									<class displayName="AddressBand" name="AB::AddressBand"/>
									<class displayName="AddressBand: Green" name="ABGreen::AddressBand"/>
									<class displayName="AddressBand: Red" name="ABRed::AddressBand"/>
									<class displayName="AddressBand: Yellow" name="ABYellow::AddressBand"/>
								</classes>
							</group>
						</groups>
					</group>
					<group displayName="yes" name="Go Toolbar">
						<groups>
							<group displayName="yes" name="Aero">
								<groups>
									<group displayName="yes" name="Normal">
										<classes>
											<class displayName="Active" name="GoComposited::Toolbar"/>
											<class displayName="InActive" name="InactiveGoComposited::Toolbar"/>
										</classes>
									</group>
									<group displayName="yes" name="Max">
										<classes>
											<class displayName="Active" name="MaxGoComposited::Toolbar"/>
											<class displayName="InActive" name="MaxInactiveGoComposited::Toolbar"/>
										</classes>
									</group>
								</groups>
							</group>
							<group displayName="yes" name="Basic">
								<groups>
									<group displayName="yes" name="Normal">
										<classes>
											<class displayName="Active" name="Go::Toolbar"/>
											<class displayName="InActive" name="InactiveGo::Toolbar"/>
										</classes>
									</group>
									<group displayName="yes" name="Max">
										<classes>
											<class displayName="Active" name="MaxGo::Toolbar"/>
											<class displayName="InActive" name="MaxInactiveGo::Toolbar"/>
										</classes>
									</group>
								</groups>
							</group>
						</groups>
					</group>
					<group displayName="yes" name="ComboBox">
						<groups>
							<group displayName="yes" name="Aero">
								<groups>
									<group displayName="yes" name="Normal">
										<classes>
											<class displayName="Active" name="AddressComposited::ComboBox"/>
											<class displayName="Inactive" name="InactiveAddressComposited::ComboBox"/>
										</classes>
									</group>
									<group displayName="yes" name="Max">
										<classes>
											<class displayName="Active" name="MaxAddressComposited::ComboBox"/>
											<class displayName="Inactive" name="MaxInactiveAddressComposited::ComboBox"/>
										</classes>
									</group>
								</groups>
							</group>
							<group displayName="yes" name="Basic">
								<groups>
									<group displayName="yes" name="Normal">
										<classes>
											<class displayName="Active" name="Address::ComboBox"/>
											<class displayName="Inactive" name="InactiveAddress::ComboBox"/>
										</classes>
									</group>
									<group displayName="yes" name="Max">
										<classes>
											<class displayName="Active" name="MaxAddress::ComboBox"/>
											<class displayName="Inactive" name="MaxInactiveAddress::ComboBox"/>
										</classes>
									</group>
								</groups>
							</group>
						</groups>
					</group>
					<group displayName="yes" name="Edit">
						<groups>
							<group displayName="yes" name="Aero">
								<groups>
									<group displayName="yes" name="Normal">
										<classes>
											<class displayName="Active" name="AddressComposited::Edit"/>
											<class displayName="Inactive" name="InactiveAddressComposited::Edit"/>
										</classes>
									</group>
									<group displayName="yes" name="Max">
										<classes>
											<class displayName="Active" name="MaxAddressComposited::Edit"/>
											<class displayName="Inactive" name="MaxInactiveAddressComposited::Edit"/>
										</classes>
									</group>
								</groups>
							</group>
							<group displayName="yes" name="Basic">
								<groups>
									<group displayName="yes" name="Normal">
										<classes>
											<class displayName="Active" name="Address::Edit"/>
											<class displayName="Inactive" name="InactiveAddress::Edit"/>
										</classes>
									</group>
									<group displayName="yes" name="Max">
										<classes>
											<class displayName="Active" name="MaxAddress::Edit"/>
											<class displayName="Inactive" name="MaxInactiveAddress::Edit"/>
										</classes>
									</group>
								</groups>
							</group>
						</groups>
					</group>
				</groups>
			</group>
			<group displayName="yes" name="Breadcrumb">
				<groups>
					<group displayName="yes" name="Aero">
						<groups>
							<group displayName="yes" name="Normal">
								<classes>
									<class displayName="Overflow Active" name="BreadcrumbBarComposited::BreadcrumbBar"/>
									<class displayName="Overflow Inactive" name="InactiveBreadcrumbBarComposited::BreadcrumbBar"/>
									<class displayName="Active Crumbs" name="BBComposited::Toolbar"/>
									<class displayName="Inactive Crumbs" name="InactiveBBComposited::Toolbar"/>
								</classes>
							</group>
							<group displayName="yes" name="Max">
								<classes>
									<class displayName="Overflow Active" name="MaxBreadcrumbBarComposited::BreadcrumbBar"/>
									<class displayName="Overflow Inactive" name="MaxInactiveBreadcrumbBarComposited::BreadcrumbBar"/>
									<class displayName="Active Crumbs" name="MaxBBComposited::Toolbar"/>
									<class displayName="Inactive Crumbs" name="MaxInactiveBBComposited::Toolbar"/>
								</classes>
							</group>
						</groups>
					</group>
					<group displayName="yes" name="Basic">
						<groups>
							<group displayName="yes" name="Normal">
								<classes>
									<class displayName="Overflow Active" name="BreadcrumbBar"/>
									<class displayName="Overflow Inactive" name="InactiveBreadcrumbBar::BreadcrumbBar"/>
									<class displayName="Active Crumbs" name="BB::Toolbar"/>
									<class displayName="InActive Crumbs" name="InactiveBB::Toolbar"/>
								</classes>
							</group>
							<group displayName="yes" name="Max">
								<classes>
									<class displayName="Overflow Active" name="MaxBreadcrumbBar::BreadcrumbBar"/>
									<class displayName="Overflow Inactive" name="MaxInactiveBreadcrumbBar::BreadcrumbBar"/>
									<class displayName="Active Crumbs" name="MaxBB::Toolbar"/>
									<class displayName="InActive Crumbs" name="MaxInactiveBB::Toolbar"/>
								</classes>
							</group>
						</groups>
					</group>
				</groups>
			</group>
			<group displayName="yes" name="Search">
				<classes>
					<class displayName="SearchHome" name="SearchHome"/>
					<class displayName="TryHarder" name="TryHarder"/>
				</classes>
				<groups>
					<group displayName="yes" name="Button Toolbar">
						<classes>
							<class displayName="Aero" name="SearchButtonComposited::Toolbar"/>
							<class displayName="Basic" name="SearchButton::Toolbar"/>
						</classes>
					</group>
					<group displayName="yes" name="Edit">
						<classes>
							<class displayName="SearchEdit" name="SearchEditBox"/>
						</classes>
					</group>
					<group displayName="yes" name="SearchBox">
						<groups>
							<group displayName="yes" name="Aero">
								<groups>
									<group displayName="yes" name="Normal">
										<classes>
											<class displayName="Active" name="SearchBoxComposited::SearchBox"/>
											<class displayName="Inactive" name="InactiveSearchBoxComposited::SearchBox"/>
										</classes>
									</group>
									<group displayName="yes" name="Max">
										<classes>
											<class displayName="Active" name="MaxSearchBoxComposited::SearchBox"/>
											<class displayName="Inactive" name="MaxInactiveSearchBoxComposited::SearchBox"/>
										</classes>
									</group>
								</groups>
							</group>
							<group displayName="yes" name="Basic">
								<groups>
									<group displayName="yes" name="Normal">
										<classes>
											<class displayName="Active" name="SearchBox"/>
											<class displayName="Inactive" name="InactiveSearchBox::SearchBox"/>
										</classes>
									</group>
									<group displayName="yes" name="Max">
										<classes>
											<class displayName="Active" name="MaxSearchBox::SearchBox"/>
											<class displayName="Inactive" name="MaxInactiveSearchBox::SearchBox"/>
										</classes>
									</group>
								</groups>
							</group>
						</groups>
					</group>
				</groups>
			</group>
		</groups>
	</group>
	<group display="yes" name="Buttons, Boxes, &amp; Controls">
		<groups>
			<group displayName="yes" name="Buttons">
				<classes>
					<class displayName="Button" name="Button"/>
					<class displayName="Spin" name="Spin"/>
					<class displayName="Navigation" name="Navigation"/>
				</classes>
			</group>
			<group displayName="yes" name="Boxes">
				<classes>
					<class displayName="ListBox" name="ListBox"/>
					<class displayName="ComboBox" name="Combobox"/>
					<class displayName="Communications ComboBox" name="Communications::Combobox"/>
				</classes>
				<groups>
					<group displayName="yes" name="Edit">
						<classes>
							<class displayName="Aero" name="EditComposited::Edit"/>
							<class displayName="Basic" name="Edit"/>
						</classes>
					</group>
				</groups>
			</group>
			<group displayName="yes" name="Scroll Bars &amp; Trackers">
				<classes>
					<class displayName="ScrollBar" name="ScrollBar"/>
					<class displayName="TrackBar" name="TrackBar"/>
				</classes>
			</group>
			<group displayName="yes" name="Progress Bars">
				<classes>
					<class displayName="Normal" name="Progress"/>
					<class displayName="Indeterminate" name="Indeterminate::Progress"/>
				</classes>
			</group>
		</groups>
	</group>
	<group display="yes" name="Lists, Menus, &amp; Tabs">
		<classes>
			<class displayName="BrowserTab" name="BrowserTab::Tab"/>
			<class displayName="Tab" name="Tab"/>
			<class displayName="EmptyMarkup" name="EmptyMarkup"/>
			<class displayName="ListView" name="ListView"/>
			<class displayName="TreeView" name="TreeView"/>
			<class displayName="Menu" name="Menu"/>
			<class displayName="Communications Menu" name="Communications::Menu"/>
			<class displayName="Media Menu" name="Media::Menu"/>
			<class displayName="DropList" name="DropListControl"/>
		</classes>
	</group>
	<group display="yes" name="Explorer &amp; Shell">
		<groups>
			<group displayName="yes" name="Explorer">
				<classes>
					<class displayName="Menu Bar" name="Default::Rebar"/>
					<class displayName="Edit" name="Explorer::Edit"/>
					<class displayName="ListView" name="Explorer::ListView"/>
					<class displayName="TreeView" name="Explorer::TreeView"/>
					<class displayName="CommandModule" name="CommandModule"/>
					<class displayName="Tooltip" name="Tooltip"/>
					<class displayName="ReadingPane" name="ReadingPane"/>
					<class displayName="InfoBar" name="InfoBar"/>
					<class displayName="PreviewPane" name="PreviewPane"/>
					<class displayName="ProperTree" name="ProperTree"/>
					<class displayName="PlacesBar" name="Placesbar::Toolbar"/>
				</classes>
				<groups>
					<group displayName="yes" name="Items View">
						<classes>
							<class displayName="ItemsView" name="ItemsView"/>
							<class displayName="ListView" name="ItemsView::ListView"/>
						</classes>
					</group>
					<group displayName="yes" name="Control Panel">
						<classes>
							<class displayName="CommandModule" name="CPLCommandModule::CommandModule"/>
							<class displayName="ControlPanel" name="ControlPanel"/>
						</classes>
					</group>
					<group displayName="yes" name="Explorer Bar">
						<classes>
							<class displayName="Bar" name="ExplorerBar"/>
							<class displayName="Rebar" name="ExplorerBar::Rebar"/>
						</classes>
					</group>
					<group displayName="yes" name="Menu">
						<classes>
							<class displayName="MenuBand" name="ExplorerMenu::MenuBand"/>
							<class displayName="Toolbar" name="ExplorerMenu::Toolbar"/>
						</classes>
					</group>
					<group displayName="yes" name="Help">
						<classes>
							<class displayName="Header" name="Help::ReBar"/>
							<class displayName="{match}" name="Help::*"/>
							<class displayName="SearchBox" name="HelpSearchBox"/>
						</classes>
					</group>
				</groups>
			</group>
			<group displayName="yes" name="Shell">
				<classes>
					<class displayName="AeroWizard" name="AeroWizard"/>
					<class displayName="AltTab" name="AltTab"/>
					<class displayName="MonthCal" name="MonthCal"/>
					<class displayName="TaskDialog" name="TaskDialog"/>
					<class displayName="DatePicker" name="DatePicker"/>
					<class displayName="DragDrop" name="DragDrop"/>
					<class displayName="Link" name="Link"/>
					<class displayName="TextGlow" name="TextGlow"/>
				</classes>
				<groups>
					<group displayName="yes" name="InfoPane">
						<classes>
							<class displayName="Static" name="InfoPaneStatic::Static"/>
							<class displayName="Button" name="InfoPaneButton::Button"/>
							<class displayName="Toolbar" name="InfoPaneToolbar::Toolbar"/>
						</classes>
					</group>
					<group displayName="yes" name="PreviewPaneControl">
						<classes>
							<class displayName="{match}:Edit" name="*PreviewPaneControl:*"/>
						</classes>
					</group>
				</groups>
			</group>
		</groups>
	</group>
	<group display="yes" name="Vista Legacy">
		<groups>
			<group display="yes" name="Start Menu">
				<classes>
					<class displayName="Basic" name="StartPanel"/>
				</classes>
			</group>
			<group display="yes" name="Taskbar &amp; System Tray">
				<groups>
					<group display="yes" name="Taskbar">
						<groups>
							<group displayName="yes" name="Aero">
								<classes>
									<class displayName="{match}" name="TaskbarComposited::*"/>
								</classes>
							</group>
							<group displayName="yes" name="Basic">
								<classes>
									<class displayName="{match}" name="Taskbar::*"/>
									<class displayName="{name}" name="Taskbar"/>
								</classes>
							</group>
						</groups>
					</group>
					<group display="yes" name="Taskband">
						<groups>
							<group displayName="yes" name="Basic">
								<classes>
									<class displayName="" name="Taskband"/>
									<class displayName="{match}" name="Taskband::*"/>
									<class displayName="Toolbar:GroupMenu" name="TaskBandGroupMenu::Toolbar"/>
									<class displayName="Toolbar:Vert" name="TaskBandVert::Toolbar"/>
								</classes>
							</group>
						</groups>
					</group>
				</groups>
			</group>
			<group display="yes" name="Address, Breadcrumb, &amp; Search">
				<groups>
					<group display="yes" name="Search">
						<groups>
							<group displayName="yes" name="Edit">
								<groups>
									<group displayName="yes" name="Aero">
										<groups>
											<group displayName="yes" name="Normal">
												<classes>
													<class displayName="Active" name="SearchBoxEditComposited::Edit"/>
													<class displayName="Inactive" name="InactiveSearchBoxEditComposited::Edit"/>
												</classes>
											</group>
											<group displayName="yes" name="Max">
												<classes>
													<class displayName="Active" name="MaxSearchBoxEditComposited::Edit"/>
													<class displayName="Inactive" name="MaxInactiveSearchBoxEditComposited::Edit"/>
												</classes>
											</group>
										</groups>
									</group>
									<group displayName="yes" name="Basic">
										<groups>
											<group displayName="yes" name="Normal">
												<classes>
													<class displayName="Active" name="SearchBoxEdit::Edit"/>
													<class displayName="Inactive" name="InactiveSearchBoxEdit::Edit"/>
												</classes>
											</group>
											<group displayName="yes" name="Max">
												<classes>
													<class displayName="Active" name="MaxSearchBoxEdit::Edit"/>
													<class displayName="Inactive" name="MaxInactiveSearchBoxEdit::Edit"/>
												</classes>
											</group>
										</groups>
									</group>
								</groups>
							</group>
						</groups>
					</group>
				</groups>
			</group>
		</groups>
	</group>
	<group display="yes" name="Shellstyle">
		<classes>
			<class displayName="Shellstyle:{match}" name="Shellstyle:*"/>
		</classes>
	</group>
	<group display="yes" name="Unknown">
		<classes>
			<class displayName="{match}" name="*"/>
		</classes>
	</group>
</groups>