
<enums>
	<!-- copyright Andreas Verhoeven, 2008 -->
	<enum id="4001" name="BGTYPE">
		<values>
			<value id="0">IMAGEFILE
			</value>
			<value id="1">BORDERFILL
			</value>
			<value id="2">NONE
			</value>
		</values>
	</enum>
	<enum id="4011" name="IMAGELAYOUT">
		<values>
			<value id="0">VERTICAL
			</value>
			<value id="1">HORIZONTAL
			</value>
		</values>
	</enum>
	<enum id="4002" name="BORDERTYPE">
		<values>
			<value id="0">RECT
			</value>
			<value id="1">ROUNDRECT
			</value>
			<value id="2">ELLIPSE
			</value>
		</values>
	</enum>
	<enum id="4003" name="FILLTYPE">
		<values>
			<value id="0">SOLID
			</value>
			<value id="1">VERTGRADIENT
			</value>
			<value id="2">HORZGRADIENT
			</value>
			<value id="3">RADIALGRADIENT
			</value>
			<value id="4">TILEIMAGE
			</value>
		</values>
	</enum>
	<enum id="4004" name="SIZINGTYPE">
		<values>
			<value id="0">TRUESIZE
			</value>
			<value id="1">STRETCH
			</value>
			<value id="2">TILE
			</value>
		</values>
	</enum>
	<enum id="4005" name="HALIGN">
		<values>
			<value id="0">LEFT
			</value>
			<value id="1">CENTER
			</value>
			<value id="2">RIGHT
			</value>
		</values>
	</enum>
	<enum id="4006" name="CONTENTALIGNMENT">
		<values>
			<value id="0">LEFT
			</value>
			<value id="1">CENTER
			</value>
			<value id="2">RIGHT
			</value>
		</values>
	</enum>
	<enum id="4007" name="VALIGN">
		<values>
			<value id="0">TOP
			</value>
			<value id="1">CENTER
			</value>
			<value id="2">BOTTOM
			</value>
		</values>
	</enum>
	<enum id="4008" name="OFFSETTYPE">
		<values>
			<value id="0">TOPLEFT
			</value>
			<value id="1">TOPRIGHT
			</value>
			<value id="2">TOPMIDDLE
			</value>
			<value id="3">BOTTOMLEFT
			</value>
			<value id="4">BOTTOMRIGHT
			</value>
			<value id="5">BOTTOMMIDDLE
			</value>
			<value id="6">MIDDLELEFT
			</value>
			<value id="7">MIDDLERIGHT
			</value>
			<value id="8">LEFTOFCAPTION
			</value>
			<value id="9">RIGHTOFCAPTION
			</value>
			<value id="10">LEFTOFLASTBUTTON
			</value>
			<value id="11">RIGHTOFLASTBUTTON
			</value>
			<value id="12">ABOVELASTBUTTON
			</value>
			<value id="13">BELOWLASTBUTTON
			</value>
		</values>
	</enum>
	<enum id="4009" name="ICONEFFECT">
		<values>
			<value id="0">NONE
			</value>
			<value id="1">GLOW
			</value>
			<value id="2">SHADOW
			</value>
			<value id="3">PULSE
			</value>
			<value id="4">ALPHA
			</value>
		</values>
	</enum>
	<enum id="4010" name="TEXTSHADOWTYPE">
		<values>
			<value id="0">NONE
			</value>
			<value id="1">SINGLE
			</value>
			<value id="2">CONTINUOUS
			</value>
		</values>
	</enum>
	<enum id="4012" name="GLYPHTYPE">
		<values>
			<value id="0">NONE
			</value>
			<value id="1">IMAGEGLYPH
			</value>
			<value id="2">FONTGLYPH
			</value>
		</values>
	</enum>
	<enum id="4013" name="IMAGESELECTTYPE">
		<values>
			<value id="0">NONE
			</value>
			<value id="1">SIZE
			</value>
			<value id="2">DPI
			</value>
		</values>
	</enum>
	<enum id="4015" name="TRUESIZESCALINGTYPE">
		<values>
			<value id="0">NONE
			</value>
			<value id="1">SIZE
			</value>
			<value id="2">DPI
			</value>
		</values>
	</enum>
	<enum id="4014" name="GLYPHFONTSIZINGTYPE">
		<values>
			<value id="0">NONE
			</value>
			<value id="1">SIZE
			</value>
			<value id="2">DPI
			</value>
		</values>
	</enum>
</enums>