<!--
	Windows 8 to Windows 10 Redstone Import Markup
	Author:	Mr GRiM

	Notes:
	<part /> is for part to part importing.
	<state /> is for state to state importing.

	For state to part or part to state use <state />  
	Part to State Example:
	<state sourceClass="SourceClassName" sourcePart="SourcePartNumber" sourceState="0" class="ClassName" part="PartNumber" state="StateNumber"/>
	State to Part Example:
	<state sourceClass="SourceClassName" sourcePart="SourcePartNumber" sourceState="SourceStateNumber" class="ClassName" part="PartNumber" state="0"/>

	sourceClass is the class name in Windows 7 from which to import.
	sourcePart is the part number in Windows 7 from which to import.
	sourceState is the state number in Windows 7 from which to import.

	class is the class name in Windows 7 where the properties are imported to.
	part is the part number in Windows 7 where the properties are imported to.
	state is the state number in Windows 7 where the properties are imported to.

	canBeEmpty (bool [yes/no]) defines whether or not to skip importing a class/part/state if it has no properties in Windows 7.
	yes: The class/part/state can be empty.
	no: The class/part/state cannot be empty and if it is skip it.
-->
<convert>
	<!-- runstylescript -->
	<runstylescript scriptfile="10 Import Fix.xml"/>
	<class sourceClass="StartPanel" class="StartPanel" method="copy" addIfMissing="true"/>
	<class sourceClass="StartPanelPriv" class="StartPanelPriv" method="copy" addIfMissing="true"/>
	
	<class sourceClass="DWMWindow" class="DWMWindow" method="copy" addIfMissing="true"/>
	<class sourceClass="DWMTouch" class="DWMTouch" method="copy" addIfMissing="true"/>
	<class sourceClass="DWMPen" class="DWMPen" method="copy" addIfMissing="true"/>
	
	<class sourceClass="StartMenu::MenuBand" class="StartMenu::MenuBand" method="copy" addIfMissing="true"/>
	<class sourceClass="StartMenu::Toolbar" class="StartMenu::Toolbar" method="copy" addIfMissing="true"/>
	
	<class sourceClass="StartPanelCompositedBottom::StartPanelPriv" class="StartPanelCompositedBottom::StartPanelPriv" method="copy" addIfMissing="true"/>
	<class sourceClass="Taskbar2Composited::TaskBar" class="Taskbar2Composited::TaskBar" method="copy" addIfMissing="true"/>
	<class sourceClass="StartMenuComposited::Link" class="StartMenuComposited::Link" method="copy" addIfMissing="true"/>
	<class sourceClass="StartMenuComposited::EmptyMarkup" class="StartMenuComposited::EmptyMarkup" method="copy" addIfMissing="true"/>
	<class sourceClass="StartMenuComposited::ListView" class="StartMenuComposited::ListView" method="copy" addIfMissing="true"/>
	<class sourceClass="StartMenuCompositedMFU::ListView" class="StartMenuCompositedMFU::ListView" method="copy" addIfMissing="true"/>
	<class sourceClass="StartMenuPlaceListComposited::ListView" class="StartMenuPlaceListComposited::ListView" method="copy" addIfMissing="true"/>
	<class sourceClass="TaskbarJumpList::ListView" class="TaskbarJumpList::ListView" method="copy" addIfMissing="true"/>
	<class sourceClass="StartPanelComposited::StartPanelPriv" class="StartPanelComposited::StartPanelPriv" method="copy" addIfMissing="true"/>
	<class sourceClass="StartMenuKeyBoardComposited::TreeView" class="StartMenuKeyBoardComposited::TreeView" method="copy" addIfMissing="true"/>
	<class sourceClass="StartMenuHoverComposited::TreeView" class="StartMenuHoverComposited::TreeView" method="copy" addIfMissing="true"/>
	<class sourceClass="StartMenuKeyBoard::TreeView" class="StartMenuKeyBoard::TreeView" method="copy" addIfMissing="true"/>
	<class sourceClass="StartMenuHover::TreeView" class="StartMenuHover::TreeView" method="copy" addIfMissing="true"/>
	<class sourceClass="VerticalShowDesktop::Button" class="VerticalShowDesktop::Button" method="copy" addIfMissing="true"/>
	<class sourceClass="ShowDesktop::Button" class="ShowDesktop::Button" method="copy" addIfMissing="true"/>
	
	
	<class sourceClass="CopyClose" class="CopyClose" method="copy" addIfMissing="true"/>
	<class sourceClass="Pause" class="Pause" method="copy" addIfMissing="true"/>	
	<class sourceClass="TaskbandExtendedUI" class="TaskbandExtendedUI" method="copy" addIfMissing="true"/>	
	<class sourceClass="TrayNotify::Clock" class="TrayNotify::Clock" method="copy" addIfMissing="true"/>
	<class sourceClass="TrayNotify::Toolbar" class="TrayNotify::Toolbar" method="copy" addIfMissing="true"/>
	<class sourceClass="TrayNotify::UserTile" class="TrayNotify::UserTile" method="copy" addIfMissing="true"/>
	<class sourceClass="TrayNotifyHoriz::Button" class="TrayNotifyHoriz::Button" method="copy" addIfMissing="true"/>
	<class sourceClass="TrayNotifyHoriz::Button" class="TrayNotifyHorizHCWhite::Button" method="copy" addIfMissing="true"/>
	<class sourceClass="TrayNotifyHoriz::TrayNotify" class="TrayNotifyHoriz::TrayNotify" method="copy" addIfMissing="true"/>
	<class sourceClass="TrayNotifyHorizOpen::Button" class="TrayNotifyHorizOpen::Button" method="copy" addIfMissing="true"/>
	<class sourceClass="TrayNotifyHorizOpen::Button" class="TrayNotifyHorizOpenHCWhite::Button" method="copy" addIfMissing="true"/>
	<class sourceClass="TrayNotifyVert::Button" class="TrayNotifyVert::Button" method="copy" addIfMissing="true"/>
	<class sourceClass="TrayNotifyVert::Button" class="TrayNotifyVertHCWhite::Button" method="copy" addIfMissing="true"/>
	<class sourceClass="TrayNotifyVert::TrayNotify" class="TrayNotifyVert::TrayNotify" method="copy" addIfMissing="true"/>
	<class sourceClass="TrayNotifyVertOpen::Button" class="TrayNotifyVertOpen::Button" method="copy" addIfMissing="true"/>
	<class sourceClass="TrayNotifyVertOpen::Button" class="TrayNotifyVertOpenHCWhite::Button" method="copy" addIfMissing="true"/>	
	<class sourceClass="Navigation" class="Navigation" method="copy" addIfMissing="true"/>
	
	<!-- Windows 10 Dark Mode > Toolbars, Headers, & Rebar -->

	<part sourceClass="NavbarComposited::Rebar" sourcePart="6" class="DarkModeNavbarComposited::Rebar" part="6"/>
	<part sourceClass="NavbarComposited::Rebar" sourcePart="6" class="DarkModeInactiveNavbarComposited::Rebar" part="6"/>
	<part sourceClass="NavbarComposited::Rebar" sourcePart="6" class="DarkModeMaxNavbarComposited::Rebar" part="6"/>
	<part sourceClass="NavbarComposited::Rebar" sourcePart="6" class="DarkModeMaxInactiveNavbarComposited::Rebar" part="6"/>

	<class sourceClass="NavbarComposited::Rebar" class="DarkModeNavbarComposited::Rebar" method="copy" addIfMissing="true"/>
	<class sourceClass="InactiveNavbarComposited::Rebar" class="DarkModeInactiveNavbarComposited::Rebar" method="copy" addIfMissing="true"/>
	<class sourceClass="MaxNavbarComposited::Rebar" class="DarkModeMaxNavbarComposited::Rebar" method="copy" addIfMissing="true"/>
	<class sourceClass="MaxInactiveNavbarComposited::Rebar" class="DarkModeMaxInactiveNavbarComposited::Rebar" method="copy" addIfMissing="true"/>
	
	<class sourceClass="Toolbar" class="DarkMode::Toolbar" method="copy" addIfMissing="true"/>
	<class sourceClass="DarkMode::Toolbar" class="DarkMode::Toolbar" method="copy" addIfMissing="true"/>
	
	<class sourceClass="ItemsView::Header" class="DarkMode_ItemsView::Header" method="copy" addIfMissing="true"/>
	<class sourceClass="DarkMode_ItemsView::Header" class="DarkMode_ItemsView::Header" method="copy" addIfMissing="true"/>
	
	<class sourceClass="Status" class="DarkMode::Status" method="copy" addIfMissing="true"/>
	
	<!-- Windows 10 Dark Mode > Address, Breadcrumb, & Search -->
	
	<class sourceClass="AB::AddressBand" class="DarkMode_ABComposited::AddressBand" method="copy" addIfMissing="true"/>
	<class sourceClass="DarkMode_ABComposited::AddressBand" class="DarkMode_ABComposited::AddressBand" method="copy" addIfMissing="true"/>
	
	<class sourceClass="ComboBox" class="DarkMode_AddressComposited::ComboBox" method="copy" addIfMissing="true"/>
	<class sourceClass="ComboBox" class="DarkMode_InactiveAddressComposited::ComboBox" method="copy" addIfMissing="true"/>
	<class sourceClass="ComboBox" class="DarkMode_MaxAddressComposited::ComboBox" method="copy" addIfMissing="true"/>
	<class sourceClass="ComboBox" class="DarkMode_MaxInactiveAddressComposited::ComboBox" method="copy" addIfMissing="true"/>
	<class sourceClass="DarkMode_AddressComposited::ComboBox" class="DarkMode_AddressComposited::ComboBox" method="copy" addIfMissing="true"/>
	<class sourceClass="DarkMode_InactiveAddressComposited::ComboBox" class="DarkMode_InactiveAddressComposited::ComboBox" method="copy" addIfMissing="true"/>
	<class sourceClass="DarkMode_MaxAddressComposited::ComboBox" class="DarkMode_MaxAddressComposited::ComboBox" method="copy" addIfMissing="true"/>
	<class sourceClass="DarkMode_MaxInactiveAddressComposited::ComboBox" class="DarkMode_MaxInactiveAddressComposited::ComboBox" method="copy" addIfMissing="true"/>
	
	<part sourceClass="AddressComposited::Edit" sourcePart="0" class="DarkMode_AddressComposited::Edit" part="0"/>
	<part sourceClass="AddressComposited::Edit" sourcePart="0" class="DarkMode_InactiveAddressComposited::Edit" part="0"/>
	<part sourceClass="AddressComposited::Edit" sourcePart="0" class="DarkMode_MaxAddressComposited::Edit" method="copy" part="0"/>
	<part sourceClass="AddressComposited::Edit" sourcePart="0" class="DarkMode_MaxInactiveAddressComposited::Edit" part="0"/>
	<part sourceClass="Address::Edit" sourcePart="5" class="DarkMode_AddressComposited::Edit" part="5"/>
	<part sourceClass="Address::Edit" sourcePart="5" class="DarkMode_InactiveAddressComposited::Edit" part="5"/>
	<part sourceClass="Address::Edit" sourcePart="5" class="DarkMode_MaxAddressComposited::Edit" method="copy" part="5"/>
	<part sourceClass="Address::Edit" sourcePart="5" class="DarkMode_MaxInactiveAddressComposited::Edit" part="5"/>
	
	<class sourceClass="DarkMode_AddressComposited::Edit" class="DarkMode_AddressComposited::Edit" method="copy" addIfMissing="true"/>
	<class sourceClass="DarkMode_InactiveAddressComposited::Edit" class="DarkMode_InactiveAddressComposited::Edit" method="copy" addIfMissing="true"/>
	<class sourceClass="DarkMode_MaxAddressComposited::Edit" class="DarkMode_MaxAddressComposited::Edit" method="copy" addIfMissing="true"/>
	<class sourceClass="DarkMode_MaxInactiveAddressComposited::Edit" class="DarkMode_MaxInactiveAddressComposited::Edit" method="copy" addIfMissing="true"/>
	
	<class sourceClass="BB::Toolbar" class="DarkMode_BBComposited::Toolbar" method="copy" addIfMissing="true"/>
	<class sourceClass="BB::Toolbar" class="DarkMode_InactiveBBComposited::Toolbar" method="copy" addIfMissing="true"/>
	<class sourceClass="BB::Toolbar" class="DarkMode_MaxBBComposited::Toolbar" method="copy" addIfMissing="true"/>
	<class sourceClass="BB::Toolbar" class="DarkMode_MaxInactiveBBComposited::Toolbar" method="copy" addIfMissing="true"/>
	<class sourceClass="BBComposited::Toolbar" class="DarkMode_BBComposited::Toolbar" method="copy" addIfMissing="true"/>
	<class sourceClass="InactiveBBComposited::Toolbar" class="DarkMode_InactiveBBComposited::Toolbar" method="copy" addIfMissing="true"/>
	<class sourceClass="MaxBBComposited::Toolbar" class="DarkMode_MaxBBComposited::Toolbar" method="copy" addIfMissing="true"/>
	<class sourceClass="MaxInactiveBBComposited::Toolbar" class="DarkMode_MaxInactiveBBComposited::Toolbar" method="copy" addIfMissing="true"/>
	<class sourceClass="DarkMode_BBComposited::Toolbar" class="DarkMode_BBComposited::Toolbar" method="copy" addIfMissing="true"/>
	<class sourceClass="DarkMode_InactiveBBComposited::Toolbar" class="DarkMode_InactiveBBComposited::Toolbar" method="copy" addIfMissing="true"/>
	<class sourceClass="DarkMode_MaxBBComposited::Toolbar" class="DarkMode_MaxBBComposited::Toolbar" method="copy" addIfMissing="true"/>
	<class sourceClass="DarkMode_MaxInactiveBBComposited::Toolbar" class="DarkMode_MaxInactiveBBComposited::Toolbar" method="copy" addIfMissing="true"/>
	
	<class sourceClass="TryHarder" class="DarkMode::TryHarder" method="copy" addIfMissing="true"/>
	<class sourceClass="DarkMode::TryHarder" class="DarkMode::TryHarder" method="copy" addIfMissing="true"/>
	
	<class sourceClass="SearchBoxEditComposited::Edit" class="DarkMode_SearchBoxEditComposited::Edit" method="copy" addIfMissing="true"/>
	<class sourceClass="InactiveSearchBoxEditComposited::Edit" class="DarkMode_InactiveSearchBoxEditComposited::Edit" method="copy" addIfMissing="true"/>
	<class sourceClass="MaxSearchBoxEditComposited::Edit" class="DarkMode_MaxSearchBoxEditComposited::Edit" method="copy" addIfMissing="true"/>
	<class sourceClass="MaxInactiveSearchBoxEditComposited::Edit" class="DarkMode_MaxInactiveSearchBoxEditComposited::Edit" method="copy" addIfMissing="true"/>
	<class sourceClass="DarkMode_SearchBoxEditComposited::Edit" class="DarkMode_SearchBoxEditComposited::Edit" method="copy" addIfMissing="true"/>
	<class sourceClass="DarkMode_InactiveSearchBoxEditComposited::Edit" class="DarkMode_InactiveSearchBoxEditComposited::Edit" method="copy" addIfMissing="true"/>
	<class sourceClass="DarkMode_MaxSearchBoxEditComposited::Edit" class="DarkMode_MaxSearchBoxEditComposited::Edit" method="copy" addIfMissing="true"/>
	<class sourceClass="DarkMode_MaxInactiveSearchBoxEditComposited::Edit" class="DarkMode_MaxInactiveSearchBoxEditComposited::Edit" method="copy" addIfMissing="true"/>
	
	<class sourceClass="SearchBox" class="DarkMode_SearchBoxComposited::SearchBox" method="copy" addIfMissing="true"/>
	<class sourceClass="SearchBox" class="DarkMode_InactiveSearchBoxComposited::SearchBox" method="copy" addIfMissing="true"/>
	<class sourceClass="SearchBox" class="DarkMode_MaxSearchBoxComposited::SearchBox" method="copy" addIfMissing="true"/>
	<class sourceClass="SearchBox" class="DarkMode_MaxInactiveSearchBoxComposited::SearchBox" method="copy" addIfMissing="true"/>
	<class sourceClass="DarkMode_SearchBoxComposited::SearchBox" class="DarkMode_SearchBoxComposited::SearchBox" method="copy" addIfMissing="true"/>
	<class sourceClass="DarkMode_InactiveSearchBoxComposited::SearchBox" class="DarkMode_InactiveSearchBoxComposited::SearchBox" method="copy" addIfMissing="true"/>
	<class sourceClass="DarkMode_MaxSearchBoxComposited::SearchBox" class="DarkMode_MaxSearchBoxComposited::SearchBox" method="copy" addIfMissing="true"/>
	<class sourceClass="DarkMode_MaxInactiveSearchBoxComposited::SearchBox" class="DarkMode_MaxInactiveSearchBoxComposited::SearchBox" method="copy" addIfMissing="true"/>
	<class sourceClass="SearchBox" class="DarkMode::SearchBox" method="copy" addIfMissing="true"/>
	<class sourceClass="DarkMode::SearchBox" class="DarkMode::SearchBox" method="copy" addIfMissing="true"/>
	
	<!-- Windows 10 Dark Mode > Buttons, Boxes, & Controls -->
	
	<class sourceClass="Button" class="Explorer::Button" method="copy" addIfMissing="true"/>
	<class sourceClass="Button" class="DarkMode_Explorer::Button" method="copy" addIfMissing="true"/>
	<class sourceClass="Explorer::Button" class="Explorer::Button" method="copy" addIfMissing="true"/>
	<class sourceClass="DarkMode_Explorer::Button" class="DarkMode_Explorer::Button" method="copy" addIfMissing="true"/>
	
	<class sourceClass="Navigation" class="DarkMode::Navigation" method="copy" addIfMissing="true"/>
	<class sourceClass="DarkMode::Navigation" class="DarkMode::Navigation" method="copy" addIfMissing="true"/>
	
	<class sourceClass="Combobox" class="DarkMode_CFD::Combobox" method="copy" addIfMissing="true"/>
	<class sourceClass="Combobox" class="DarkMode_CFD::Combobox" method="copy" addIfMissing="true"/>
	<class sourceClass="CFD::Combobox" class="DarkMode_CFD::Combobox" method="copy" addIfMissing="true"/>
	<class sourceClass="DarkMode_CFD::Combobox" class="DarkMode_CFD::Combobox" method="copy" addIfMissing="true"/>
	
	<class sourceClass="ScrollBar" class="DarkMode_Explorer::ScrollBar" method="copy" addIfMissing="true"/>
	<class sourceClass="DarkMode_Explorer::ScrollBar" class="DarkMode_Explorer::ScrollBar" method="copy" addIfMissing="true"/>
	
	<!-- Windows 10 Dark Mode > Lists, Menus, & Tabs -->
	
	<class sourceClass="Menu" class="DarkMode::Menu" method="copy" addIfMissing="true"/>
	<class sourceClass="ImmersiveStart::Menu" class="DarkMode_ImmersiveStart::Menu" method="copy" addIfMissing="true"/>
	<class sourceClass="DarkMode_ImmersiveStart::Menu" class="DarkMode_ImmersiveStart::Menu" method="copy" addIfMissing="true"/>
	
	<!-- Windows 10 Dark Mode > Explorer & Shell -->
	
	<class sourceClass="Explorer::Edit" class="DarkMode_CFD::Edit" method="copy" addIfMissing="true"/>
	<class sourceClass="Explorer::Edit" class="DarkMode_Explorer::Edit" method="copy" addIfMissing="true"/>
	<class sourceClass="DarkMode_CFD::Edit" class="DarkMode_CFD::Edit" method="copy" addIfMissing="true"/>
	<class sourceClass="DarkMode_Explorer::Edit" class="DarkMode_Explorer::Edit" method="copy" addIfMissing="true"/>
	
	<class sourceClass="ItemsView" class="DarkMode::ItemsView" method="copy" addIfMissing="true"/>
	<class sourceClass="DarkMode::ItemsView" class="DarkMode::ItemsView" method="copy" addIfMissing="true"/>
	
	<class sourceClass="ItemsView::ListView" class="DarkMode_ItemsView::ListView" method="copy" addIfMissing="true"/>
	<class sourceClass="DarkMode_ItemsView::ListView" class="DarkMode_ItemsView::ListView" method="copy" addIfMissing="true"/>
	
	<part sourceClass="ItemsView" sourcePart="0" class="ExplorerStatusBar" part="0"/>
	<part sourceClass="ItemsView" sourcePart="0" class="DarkMode::ExplorerStatusBar" part="0"/>
	<class sourceClass="ExplorerStatusBar" class="ExplorerStatusBar" method="copy" addIfMissing="true"/>
	<class sourceClass="DarkMode::ExplorerStatusBar" class="DarkMode::ExplorerStatusBar" method="copy" addIfMissing="true"/>
	
	<class sourceClass="Explorer::TreeView" class="DarkMode_Explorer::TreeView" method="copy" addIfMissing="true"/>
	<class sourceClass="DarkMode_Explorer::TreeView" class="DarkMode_Explorer::TreeView" method="copy" addIfMissing="true"/>
	
	<class sourceClass="CommandModule" class="DarkMode::CommandModule" method="copy" addIfMissing="true"/>
	<class sourceClass="CommandModule" class="Explorer::CommandModule" method="copy" addIfMissing="true"/>
	<class sourceClass="CommandModule" class="DarkMode_Explorer::CommandModule" method="copy" addIfMissing="true"/>
	<class sourceClass="DarkMode::CommandModule" class="DarkMode::CommandModule" method="copy" addIfMissing="true"/>
	<class sourceClass="Explorer::CommandModule" class="Explorer::CommandModule" method="copy" addIfMissing="true"/>
	<class sourceClass="DarkMode_Explorer::CommandModule" class="DarkMode_Explorer::CommandModule" method="copy" addIfMissing="true"/>
	
	<part sourceClass="TooltipStyle" sourcePart="1" class="DarkMode_Explorer::Tooltip" part="1"/>
	<class sourceClass="Tooltip" class="DarkMode_Explorer::Tooltip" method="copy" addIfMissing="true"/>
	<class sourceClass="DarkMode_Explorer::Tooltip" class="DarkMode_Explorer::Tooltip" method="copy" addIfMissing="true"/>
	
	<class sourceClass="ReadingPane" class="DarkMode::ReadingPane" method="copy" addIfMissing="true"/>
	<class sourceClass="PreviewPane" class="DarkMode::PreviewPane" method="copy" addIfMissing="true"/>
	<class sourceClass="DarkMode::ReadingPane" class="DarkMode::ReadingPane" method="copy" addIfMissing="true"/>
	<class sourceClass="DarkMode::PreviewPane" class="DarkMode::PreviewPane" method="copy" addIfMissing="true"/>
	
	<class sourceClass="ProperTree" class="DarkMode::ProperTree" method="copy" addIfMissing="true"/>
	<class sourceClass="DarkMode::ProperTree" class="DarkMode::ProperTree" method="copy" addIfMissing="true"/>
	
	<class sourceClass="Toolbar" class="DarkMode_InfoPaneToolbar::Toolbar" method="copy" addIfMissing="true"/>
	<class sourceClass="DarkMode_InfoPaneToolbar::Toolbar" class="DarkMode_InfoPaneToolbar::Toolbar" method="copy" addIfMissing="true"/>
	
	<part sourceClass="ItemsView" sourcePart="0" class="ExplorerNavPane" part="0"/>
	<part sourceClass="ItemsView" sourcePart="0" class="DarkMode::ExplorerNavPane" part="0"/>
	
	<part sourceClass="ProperTree" sourcePart="2" class="ExplorerNavPane" part="0"/>
	<part sourceClass="ProperTree" sourcePart="2" class="DarkMode::ExplorerNavPane" part="0"/>
	
	<class sourceClass="ExplorerNavPane" class="ExplorerNavPane" method="copy" addIfMissing="true"/>
	<class sourceClass="DarkMode::ExplorerNavPane" class="DarkMode::ExplorerNavPane" method="copy" addIfMissing="true"/>
	
	<!-- Windows 10 Light Mode > Taskbar & System Tray -->
	
	<part sourceClass="TaskBandExtendedUI" sourcePart="0" class="TaskBandExtendedUILight::TaskBandExtendedUI" part="0"/>

	<class sourceClass="TaskBar::Rebar" class="TaskBarLight::Rebar" method="copy" addIfMissing="true"/>
	<class sourceClass="TaskBarSmallIcons::Rebar" class="TaskBarSmallIconsLight::Rebar" method="copy" addIfMissing="true"/>
	<class sourceClass="TaskBar::Toolbar" class="TaskBarLight::Toolbar" method="copy" addIfMissing="true"/>
	<class sourceClass="TaskBarVert::Toolbar" class="TaskBarVertLight::Toolbar" method="copy" addIfMissing="true"/>
	
	<class sourceClass="TaskBarLight::Rebar" class="TaskBarLight::Rebar" method="copy" addIfMissing="true"/>
	<class sourceClass="TaskBarSmallIconsLight::Rebar" class="TaskBarSmallIconsLight::Rebar" method="copy" addIfMissing="true"/>
	<class sourceClass="TaskBarLight::Toolbar" class="TaskBarLight::Toolbar" method="copy" addIfMissing="true"/>
	<class sourceClass="TaskBarVertLight::Toolbar" class="TaskBarVertLight::Toolbar" method="copy" addIfMissing="true"/>
	
	<!-- Windows 10 Light Mode > Lists, Menus, & Tabs -->
	
	<class sourceClass="ImmersiveStartDark::Menu" class="LightMode_ImmersiveStart::Menu" method="copy" addIfMissing="true"/>
	<class sourceClass="LightMode_ImmersiveStart::Menu" class="LightMode_ImmersiveStart::Menu" method="copy" addIfMissing="true"/>

	<!-- runstylescript -->
	
	<runstylescript scriptfile="10 Import Fix 2.xml"/>
</convert>	
<!--
	<class sourceClass="DarkModeNavbarComposited::Rebar" class="DarkModeNavbarComposited::Rebar" method="copy" addIfMissing="true"/>
	<class sourceClass="DarkModeInactiveNavbarComposited::Rebar" class="DarkModeInactiveNavbarComposited::Rebar" method="copy" addIfMissing="true"/>
	<class sourceClass="DarkModeMaxNavbarComposited::Rebar" class="DarkModeMaxNavbarComposited::Rebar" method="copy" addIfMissing="true"/>
	<class sourceClass="DarkModeMaxInactiveNavbarComposited::Rebar" class="DarkModeMaxInactiveNavbarComposited::Rebar" method="copy" addIfMissing="true"/>
	<class sourceClass="DarkModeNavbarBase::Rebar" class="DarkModeNavbarBase::Rebar" method="copy" addIfMissing="true"/>
	<class sourceClass="DarkModeNavbarNonTopmost::Rebar" class="DarkModeNavbarNonTopmost::Rebar" method="copy" addIfMissing="true"/>
	<class sourceClass="DarkModeNavbar::Rebar" class="DarkModeNavbar::Rebar" method="copy" addIfMissing="true"/>
	<class sourceClass="DarkModeInactiveNavbar::Rebar" class="DarkModeInactiveNavbar::Rebar" method="copy" addIfMissing="true"/>
	<class sourceClass="DarkModeMaxNavbar::Rebar" class="DarkModeMaxNavbar::Rebar" method="copy" addIfMissing="true"/>
	<class sourceClass="DarkModeMaxInactiveNavbar::Rebar" class="DarkModeMaxInactiveNavbar::Rebar" method="copy" addIfMissing="true"/>
	<class sourceClass="DarkMode::Toolbar" class="DarkMode::Toolbar" method="copy" addIfMissing="true"/>
	<class sourceClass="DarkMode_ItemsView::Header" class="DarkMode_ItemsView::Header" method="copy" addIfMissing="true"/>
	<class sourceClass="DarkMode_ABComposited::AddressBand" class="DarkMode_ABComposited::AddressBand" method="copy" addIfMissing="true"/>
	<class sourceClass="DarkMode_AddressComposited::ComboBox" class="DarkMode_AddressComposited::ComboBox" method="copy" addIfMissing="true"/>
	<class sourceClass="DarkMode_InactiveAddressComposited::ComboBox" class="DarkMode_InactiveAddressComposited::ComboBox" method="copy" addIfMissing="true"/>
	<class sourceClass="DarkMode_MaxAddressComposited::ComboBox" class="DarkMode_MaxAddressComposited::ComboBox" method="copy" addIfMissing="true"/>
	<class sourceClass="DarkMode_MaxInactiveAddressComposited::ComboBox" class="DarkMode_MaxInactiveAddressComposited::ComboBox" method="copy" addIfMissing="true"/>
	<class sourceClass="DarkMode_AddressComposited::Edit" class="DarkMode_AddressComposited::Edit" method="copy" addIfMissing="true"/>
	<class sourceClass="DarkMode_InactiveAddressComposited::Edit" class="DarkMode_InactiveAddressComposited::Edit" method="copy" addIfMissing="true"/>
	<class sourceClass="DarkMode_MaxAddressComposited::Edit" class="DarkMode_MaxAddressComposited::Edit" method="copy" addIfMissing="true"/>
	<class sourceClass="DarkMode_MaxInactiveAddressComposited::Edit" class="DarkMode_MaxInactiveAddressComposited::Edit" method="copy" addIfMissing="true"/>
	<class sourceClass="BBComposited::Toolbar" class="DarkMode_BBComposited::Toolbar" method="copy" addIfMissing="true"/>
	<class sourceClass="BB::Toolbar" class="DarkMode_BBComposited::Toolbar" method="copy" addIfMissing="true"/>
	<class sourceClass="DarkMode_BBComposited::Toolbar" class="DarkMode_BBComposited::Toolbar" method="copy" addIfMissing="true"/>
	<class sourceClass="BBComposited::Toolbar" class="DarkMode_InactiveBBComposited::Toolbar" method="copy" addIfMissing="true"/>
	<class sourceClass="BB::Toolbar" class="DarkMode_InactiveBBComposited::Toolbar" method="copy" addIfMissing="true"/>
	<class sourceClass="DarkMode_InactiveBBComposited::Toolbar" class="DarkMode_InactiveBBComposited::Toolbar" method="copy" addIfMissing="true"/>
	<class sourceClass="BBComposited::Toolbar" class="DarkMode_MaxBBComposited::Toolbar" method="copy" addIfMissing="true"/>
	<class sourceClass="BB::Toolbar" class="DarkMode_MaxBBComposited::Toolbar" method="copy" addIfMissing="true"/>
	<class sourceClass="DarkMode_MaxBBComposited::Toolbar" class="DarkMode_MaxBBComposited::Toolbar" method="copy" addIfMissing="true"/>
	<class sourceClass="BBComposited::Toolbar" class="DarkMode_MaxInactiveBBComposited::Toolbar" method="copy" addIfMissing="true"/>
	<class sourceClass="BB::Toolbar" class="DarkMode_MaxInactiveBBComposited::Toolbar" method="copy" addIfMissing="true"/>
	<class sourceClass="DarkMode_MaxInactiveBBComposited::Toolbar" class="DarkMode_MaxInactiveBBComposited::Toolbar" method="copy" addIfMissing="true"/>
	<class sourceClass="DarkMode::TryHarder" class="DarkMode::TryHarder" method="copy" addIfMissing="true"/>
	<class sourceClass="DarkMode_SearchBoxEditComposited::Edit" class="DarkMode_SearchBoxEditComposited::Edit" method="copy" addIfMissing="true"/>
	<class sourceClass="DarkMode_InactiveSearchBoxEditComposited::Edit" class="DarkMode_InactiveSearchBoxEditComposited::Edit" method="copy" addIfMissing="true"/>
	<class sourceClass="DarkMode_MaxSearchBoxEditComposited::Edit" class="DarkMode_MaxSearchBoxEditComposited::Edit" method="copy" addIfMissing="true"/>
	<class sourceClass="DarkMode_MaxInactiveSearchBoxEditComposited::Edit" class="DarkMode_MaxInactiveSearchBoxEditComposited::Edit" method="copy" addIfMissing="true"/>
	<class sourceClass="DarkMode_SearchBoxComposited::SearchBox" class="DarkMode_SearchBoxComposited::SearchBox" method="copy" addIfMissing="true"/>
	<class sourceClass="DarkMode_InactiveSearchBoxComposited::SearchBox" class="DarkMode_InactiveSearchBoxComposited::SearchBox" method="copy" addIfMissing="true"/>
	<class sourceClass="DarkMode_MaxSearchBoxComposited::SearchBox" class="DarkMode_MaxSearchBoxComposited::SearchBox" method="copy" addIfMissing="true"/>
	<class sourceClass="DarkMode_MaxInactiveSearchBoxComposited::SearchBox" class="DarkMode_MaxInactiveSearchBoxComposited::SearchBox" method="copy" addIfMissing="true"/>
	<class sourceClass="DarkMode::SearchBox" class="DarkMode::SearchBox" method="copy" addIfMissing="true"/>
	<class sourceClass="Explorer::Button" class="Explorer::Button" method="copy" addIfMissing="true"/>
	<class sourceClass="DarkMode_Explorer::Button" class="DarkMode_Explorer::Button" method="copy" addIfMissing="true"/>
	<class sourceClass="DarkMode::Navigation" class="DarkMode::Navigation" method="copy" addIfMissing="true"/>
	<class sourceClass="CFD::Combobox" class="CFD::Combobox" method="copy" addIfMissing="true"/>
	<class sourceClass="DarkMode_CFD::Combobox" class="DarkMode_CFD::Combobox" method="copy" addIfMissing="true"/>
	<class sourceClass="Explorer::ScrollBar" class="Explorer::ScrollBar" method="copy" addIfMissing="true"/>
	<class sourceClass="DarkMode_Explorer::ScrollBar" class="DarkMode_Explorer::ScrollBar" method="copy" addIfMissing="true"/>
	<class sourceClass="DarkMode::Menu" class="DarkMode::Menu" method="copy" addIfMissing="true"/>
	<class sourceClass="DarkMode_ImmersiveStart::Menu" class="DarkMode_ImmersiveStart::Menu" method="copy" addIfMissing="true"/>
	<class sourceClass="DarkMode_Explorer::TreeView" class="DarkMode_Explorer::TreeView" method="copy" addIfMissing="true"/>
	<class sourceClass="CommandModule" class="DarkMode::CommandModule" method="copy" addIfMissing="true"/>
	<class sourceClass="DarkMode::CommandModule" class="DarkMode::CommandModule" method="copy" addIfMissing="true"/>
	<class sourceClass="Explorer::CommandModule" class="Explorer::CommandModule" method="copy" addIfMissing="true"/>
	<class sourceClass="DarkMode_Explorer::CommandModule" class="DarkMode_Explorer::CommandModule" method="copy" addIfMissing="true"/>
	<class sourceClass="DarkMode_Explorer::Tooltip" class="DarkMode_Explorer::Tooltip" method="copy" addIfMissing="true"/>
	<class sourceClass="DarkMode::ReadingPane" class="DarkMode::ReadingPane" method="copy" addIfMissing="true"/>
	<class sourceClass="DarkMode::PreviewPane" class="DarkMode::PreviewPane" method="copy" addIfMissing="true"/>
	<class sourceClass="DarkMode::ProperTree" class="DarkMode::ProperTree" method="copy" addIfMissing="true"/>
	<class sourceClass="ExplorerNavPane" class="ExplorerNavPane" method="copy" addIfMissing="true"/>
	<class sourceClass="DarkMode::ExplorerNavPane" class="DarkMode::ExplorerNavPane" method="copy" addIfMissing="true"/>
	<class sourceClass="DarkMode::ItemsView" class="DarkMode::ItemsView" method="copy" addIfMissing="true"/>
	<class sourceClass="DarkMode_CFD::Edit" class="DarkMode_CFD::Edit" method="copy" addIfMissing="true"/>
	<class sourceClass="DarkMode_Explorer::Edit" class="DarkMode_Explorer::Edit" method="copy" addIfMissing="true"/>
	<class sourceClass="DarkMode_ItemsView::ListView" class="DarkMode_ItemsView::ListView" method="copy" addIfMissing="true"/>
	<class sourceClass="ExplorerStatusBar" class="ExplorerStatusBar" method="copy" addIfMissing="true"/>
	<class sourceClass="DarkMode::ExplorerStatusBar" class="DarkMode::ExplorerStatusBar" method="copy" addIfMissing="true"/>
	<class sourceClass="DarkMode_InfoPaneToolbar::Toolbar" class="DarkMode_InfoPaneToolbar::Toolbar" method="copy" addIfMissing="true"/>
	<class sourceClass="CommonItemsDialog" class="CommonItemsDialog" method="copy" addIfMissing="true"/>
	<class sourceClass="DarkMode::CommonItemsDialog" class="DarkMode::CommonItemsDialog" method="copy" addIfMissing="true"/>
	<class sourceClass="FileExplorerBannerContainer" class="FileExplorerBannerContainer" method="copy" addIfMissing="true"/>
	<class sourceClass="DarkMode::FileExplorerBannerContainer" class="DarkMode::FileExplorerBannerContainer" method="copy" addIfMissing="true"/>
	<class sourceClass="LightMode_ImmersiveStart::Menu" class="LightMode_ImmersiveStart::Menu" method="copy" addIfMissing="true"/>
	<class sourceClass="TaskBarLight::Rebar" class="TaskBarLight::Rebar" method="copy" addIfMissing="true"/>
	<class sourceClass="TaskBarSmallIconsLight::Rebar" class="TaskBarSmallIconsLight::Rebar" method="copy" addIfMissing="true"/>
	<class sourceClass="TaskBarLight::Toolbar" class="TaskBarLight::Toolbar" method="copy" addIfMissing="true"/>
	<class sourceClass="TaskBarVertLight::Toolbar" class="TaskBarVertLight::Toolbar" method="copy" addIfMissing="true"/>
	<class sourceClass="TaskBandExtendedUILight::TaskBandExtendedUI" class="TaskBandExtendedUILight::TaskBandExtendedUI" method="copy" addIfMissing="true"/>
	<class sourceClass="TaskBandExtendedUI" class="TaskBandExtendedUILight::TaskBandExtendedUI" method="copy" addIfMissing="true"/>
	<class sourceClass="TaskBand2CompositedLight::TaskBand2" class="TaskBand2CompositedLight::TaskBand2" method="copy" addIfMissing="true"/>
	<class sourceClass="TaskBand2CompositedSmallIconsLight::TaskBand2" class="TaskBand2CompositedSmallIconsLight::TaskBand2" method="copy" addIfMissing="true"/>
	<class sourceClass="TaskBand2CompositedVertical8Light::TaskBand2" class="TaskBand2CompositedVertical8Light::TaskBand2" method="copy" addIfMissing="true"/>
	<class sourceClass="TaskBand2CompositedSmallIconsVertical8Light::TaskBand2" class="TaskBand2CompositedSmallIconsVertical8Light::TaskBand2" method="copy" addIfMissing="true"/>
	<class sourceClass="TaskBand2Light::TaskBand2" class="TaskBand2Light::TaskBand2" method="copy" addIfMissing="true"/>
	<class sourceClass="TaskBand2VerticalLight::TaskBand2" class="TaskBand2VerticalLight::TaskBand2" method="copy" addIfMissing="true"/>
	<class sourceClass="TaskBand2SmallIconsLight::TaskBand2" class="TaskBand2SmallIconsLight::TaskBand2" method="copy" addIfMissing="true"/>
	<class sourceClass="TaskBand2SmallIconsVerticalLight::TaskBand2" class="TaskBand2SmallIconsVerticalLight::TaskBand2" method="copy" addIfMissing="true"/>	
	
	<class sourceClass="sysmetrics" class="sysmetrics" method="copy" addIfMissing="true"/>
	<class sourceClass="AeroWizardStyle" class="AeroWizardStyle" method="copy" addIfMissing="true"/>
	<class sourceClass="ButtonStyle" class="ButtonStyle" method="copy" addIfMissing="true"/>
	<class sourceClass="ComboboxStyle" class="ComboboxStyle" method="copy" addIfMissing="true"/>
	<class sourceClass="ControlPanelStyle" class="ControlPanelStyle" method="copy" addIfMissing="true"/>
	<class sourceClass="DatePickerStyle" class="DatePickerStyle" method="copy" addIfMissing="true"/>
	<class sourceClass="DragDropStyle" class="DragDropStyle" method="copy" addIfMissing="true"/>
	<class sourceClass="EditStyle" class="EditStyle" method="copy" addIfMissing="true"/>
	<class sourceClass="ExplorerBarStyle" class="ExplorerBarStyle" method="copy" addIfMissing="true"/>
	<class sourceClass="FlyoutStyle" class="FlyoutStyle" method="copy" addIfMissing="true"/>
	<class sourceClass="HeaderStyle" class="HeaderStyle" method="copy" addIfMissing="true"/>
	<class sourceClass="ListboxStyle" class="ListboxStyle" method="copy" addIfMissing="true"/>
	<class sourceClass="ListViewStyle" class="ListViewStyle" method="copy" addIfMissing="true"/>
	<class sourceClass="MenuStyle" class="MenuStyle" method="copy" addIfMissing="true"/>
	<class sourceClass="ProgressStyle" class="ProgressStyle" method="copy" addIfMissing="true"/>
	<class sourceClass="RebarStyle" class="RebarStyle" method="copy" addIfMissing="true"/>
	<class sourceClass="MediaStyle" class="MediaStyle" method="copy" addIfMissing="true"/>
	<class sourceClass="CommunicationsStyle" class="CommunicationsStyle" method="copy" addIfMissing="true"/>
	<class sourceClass="ScrollbarStyle" class="ScrollbarStyle" method="copy" addIfMissing="true"/>
	<class sourceClass="SpinStyle" class="SpinStyle" method="copy" addIfMissing="true"/>
	<class sourceClass="StatusStyle" class="StatusStyle" method="copy" addIfMissing="true"/>
	<class sourceClass="TabStyle" class="TabStyle" method="copy" addIfMissing="true"/>
	<class sourceClass="TaskDialogStyle" class="TaskDialogStyle" method="copy" addIfMissing="true"/>
	<class sourceClass="TextStyle" class="TextStyle" method="copy" addIfMissing="true"/>
	<class sourceClass="ToolbarStyle" class="ToolbarStyle" method="copy" addIfMissing="true"/>
	<class sourceClass="TooltipStyle" class="TooltipStyle" method="copy" addIfMissing="true"/>
	<class sourceClass="TrackBarStyle" class="TrackBarStyle" method="copy" addIfMissing="true"/>
	<class sourceClass="TreeViewStyle" class="TreeViewStyle" method="copy" addIfMissing="true"/>
	<class sourceClass="WindowStyle" class="WindowStyle" method="copy" addIfMissing="true"/>
	<class sourceClass="Link" class="Link" method="copy" addIfMissing="true"/>
	<class sourceClass="EmptyMarkup" class="EmptyMarkup" method="copy" addIfMissing="true"/>
	<class sourceClass="Button" class="Button" method="copy" addIfMissing="true"/>
	<class sourceClass="InfoPaneButton::Button" class="InfoPaneButton::Button" method="copy" addIfMissing="true"/>
	<class sourceClass="InfoPaneStatic::Static" class="InfoPaneStatic::Static" method="copy" addIfMissing="true"/>
	<class sourceClass="Combobox" class="Combobox" method="copy" addIfMissing="true"/>
	<class sourceClass="Edit" class="Edit" method="copy" addIfMissing="true"/>
	<class sourceClass="EditComposited::Edit" class="EditComposited::Edit" method="copy" addIfMissing="true"/>
	<class sourceClass="TaskBar::Edit" class="TaskBar::Edit" method="copy" addIfMissing="true"/>
	<class sourceClass="GenericPreviewPaneControl::Edit" class="GenericPreviewPaneControl::Edit" method="copy" addIfMissing="true"/>
	<class sourceClass="Explorer::Edit" class="Explorer::Edit" method="copy" addIfMissing="true"/>
	<class sourceClass="DocumentsPreviewPaneControl::Edit" class="DocumentsPreviewPaneControl::Edit" method="copy" addIfMissing="true"/>
	<class sourceClass="MusicPreviewPaneControl::Edit" class="MusicPreviewPaneControl::Edit" method="copy" addIfMissing="true"/>
	<class sourceClass="PhotoPreviewPaneControl::Edit" class="PhotoPreviewPaneControl::Edit" method="copy" addIfMissing="true"/>
	<class sourceClass="CommonItemDialogPreviewPaneControl::Edit" class="CommonItemDialogPreviewPaneControl::Edit" method="copy" addIfMissing="true"/>
	<class sourceClass="ExplorerBar" class="ExplorerBar" method="copy" addIfMissing="true"/>
	<class sourceClass="Header" class="Header" method="copy" addIfMissing="true"/>
	<class sourceClass="ItemsView::Header" class="ItemsView::Header" method="copy" addIfMissing="true"/>
	<class sourceClass="MonthCal" class="MonthCal" method="copy" addIfMissing="true"/>
	<class sourceClass="DatePicker" class="DatePicker" method="copy" addIfMissing="true"/>
	<class sourceClass="DropListControl" class="DropListControl" method="copy" addIfMissing="true"/>
	<class sourceClass="Communications::Combobox" class="Communications::Combobox" method="copy" addIfMissing="true"/>
	<class sourceClass="ListView" class="ListView" method="copy" addIfMissing="true"/>
	<class sourceClass="ListView" class="ListViewStyle" method="copy" addIfMissing="true"/>
	<class sourceClass="Explorer::ListView" class="Explorer::ListView" method="copy" addIfMissing="true"/>
	<class sourceClass="Desktop::ListView" class="Desktop::ListView" method="copy" addIfMissing="true"/>
	<class sourceClass="ItemsView::ListView" class="ItemsView::ListView" method="copy" addIfMissing="true"/>
	<class sourceClass="ItemsView" class="ItemsView" method="copy" addIfMissing="true"/>
	<class sourceClass="ShellStatusBarSeparator" class="ShellStatusBarSeparator" method="copy" addIfMissing="true"/>
	<class sourceClass="StartMenu::ListView" class="StartMenu::ListView" method="copy" addIfMissing="true"/>
	<class sourceClass="Progress" class="Progress" method="copy" addIfMissing="true"/>
	<class sourceClass="Indeterminate::Progress" class="Indeterminate::Progress" method="copy" addIfMissing="true"/>
	<class sourceClass="Rebar" class="Rebar" method="copy" addIfMissing="true"/>
	<class sourceClass="Rebar" class="BrowserTabBar::Rebar" method="copy" addIfMissing="true"/>
	<class sourceClass="AlternateRebar::Rebar" class="AlternateRebar::Rebar" method="copy" addIfMissing="true"/>
	<class sourceClass="ITBarBase::Rebar" class="ITBarBase::Rebar" method="copy" addIfMissing="true"/>
	<class sourceClass="Communications::Rebar" class="Communications::Rebar" method="copy" addIfMissing="true"/>
	<class sourceClass="Media::Rebar" class="Media::Rebar" method="copy" addIfMissing="true"/>
	<class sourceClass="Default::Rebar" class="Default::Rebar" method="copy" addIfMissing="true"/>
	<class sourceClass="ExplorerBar::Rebar" class="ExplorerBar::Rebar" method="copy" addIfMissing="true"/>
	<class sourceClass="Help::Rebar" class="Help::Rebar" method="copy" addIfMissing="true"/>
	<class sourceClass="NavbarBase::Rebar" class="NavbarBase::Rebar" method="copy" addIfMissing="true"/>
	<class sourceClass="Navbar::Rebar" class="Navbar::Rebar" method="copy" addIfMissing="true"/>
	<class sourceClass="NavbarComposited::Rebar" class="NavbarComposited::Rebar" method="copy" addIfMissing="true"/>
	<class sourceClass="InactiveNavbar::Rebar" class="InactiveNavbar::Rebar" method="copy" addIfMissing="true"/>
	<class sourceClass="InactiveNavbarComposited::Rebar" class="InactiveNavbarComposited::Rebar" method="copy" addIfMissing="true"/>
	<class sourceClass="MaxInactiveNavbar::Rebar" class="MaxInactiveNavbar::Rebar" method="copy" addIfMissing="true"/>
	<class sourceClass="MaxInactiveNavbarComposited::Rebar" class="MaxInactiveNavbarComposited::Rebar" method="copy" addIfMissing="true"/>
	<class sourceClass="MaxNavbar::Rebar" class="MaxNavbar::Rebar" method="copy" addIfMissing="true"/>
	<class sourceClass="MaxNavbarComposited::Rebar" class="MaxNavbarComposited::Rebar" method="copy" addIfMissing="true"/>
	<class sourceClass="NavbarNonTopmost::Rebar" class="NavbarNonTopmost::Rebar" method="copy" addIfMissing="true"/>
	<class sourceClass="ControlPanel" class="ControlPanel" method="copy" addIfMissing="true"/>
	<class sourceClass="AeroWizard" class="AeroWizard" method="copy" addIfMissing="true"/>
	<class sourceClass="TaskDialog" class="TaskDialog" method="copy" addIfMissing="true"/>
	<class sourceClass="Listbox" class="Listbox" method="copy" addIfMissing="true"/>
	<class sourceClass="ScrollBar" class="ScrollBar" method="copy" addIfMissing="true"/>
	<class sourceClass="Spin" class="Spin" method="copy" addIfMissing="true"/>
	<class sourceClass="Status" class="Status" method="copy" addIfMissing="true"/>
	<class sourceClass="Tab" class="Tab" method="copy" addIfMissing="true"/>
	<class sourceClass="BrowserTab::Tab" class="BrowserTab::Tab" method="copy" addIfMissing="true"/>
	<class sourceClass="TaskBand" class="TaskBand" method="copy" addIfMissing="true"/>
	<class sourceClass="TaskBar" class="TaskBar" method="copy" addIfMissing="true"/>
	<class sourceClass="Toolbar" class="Toolbar" method="copy" addIfMissing="true"/>
	<class sourceClass="InfoPaneToolbar::Toolbar" class="InfoPaneToolbar::Toolbar" method="copy" addIfMissing="true"/>
	<class sourceClass="Alternate::Toolbar" class="Alternate::Toolbar" method="copy" addIfMissing="true"/>
	<class sourceClass="Media::Toolbar" class="Media::Toolbar" method="copy" addIfMissing="true"/>
	<class sourceClass="Communications::Toolbar" class="Communications::Toolbar" method="copy" addIfMissing="true"/>
	<class sourceClass="ListViewPopup" class="ListViewPopup" method="copy" addIfMissing="true"/>
	<class sourceClass="LVPopup::Toolbar" class="LVPopup::Toolbar" method="copy" addIfMissing="true"/>
	<class sourceClass="LVPopupBottom::Toolbar" class="LVPopupBottom::Toolbar" method="copy" addIfMissing="true"/>
	<class sourceClass="AB::AddressBand" class="AB::AddressBand" method="copy" addIfMissing="true"/>
	<class sourceClass="ABComposited::AddressBand" class="ABComposited::AddressBand" method="copy" addIfMissing="true"/>
	<class sourceClass="AB::AddressBand" class="ABComposited::AddressBand" method="copy" addIfMissing="true"/>
	<class sourceClass="ABRed::AddressBand" class="ABRed::AddressBand" method="copy" addIfMissing="true"/>
	<class sourceClass="ABRedComposited::AddressBand" class="ABRedComposited::AddressBand" method="copy" addIfMissing="true"/>
	<class sourceClass="ABYellow::AddressBand" class="ABYellow::AddressBand" method="copy" addIfMissing="true"/>
	<class sourceClass="ABYellowComposited::AddressBand" class="ABYellowComposited::AddressBand" method="copy" addIfMissing="true"/>
	<class sourceClass="ABGreen::AddressBand" class="ABGreen::AddressBand" method="copy" addIfMissing="true"/>
	<class sourceClass="ABGreenComposited::AddressBand" class="ABGreenComposited::AddressBand" method="copy" addIfMissing="true"/>
	<class sourceClass="SearchBox" class="SearchBox" method="copy" addIfMissing="true"/>
	<class sourceClass="MaxSearchBox::SearchBox" class="MaxSearchBox::SearchBox" method="copy" addIfMissing="true"/>
	<class sourceClass="InactiveSearchBox::SearchBox" class="InactiveSearchBox::SearchBox" method="copy" addIfMissing="true"/>
	<class sourceClass="MaxInactiveSearchBox::SearchBox" class="MaxInactiveSearchBox::SearchBox" method="copy" addIfMissing="true"/>
	<class sourceClass="SearchBoxComposited::SearchBox" class="SearchBoxComposited::SearchBox" method="copy" addIfMissing="true"/>
	<class sourceClass="SearchBox" class="SearchBoxComposited::SearchBox" method="copy" addIfMissing="true"/>
	<class sourceClass="MaxSearchBoxComposited::SearchBox" class="MaxSearchBoxComposited::SearchBox" method="copy" addIfMissing="true"/>
	<class sourceClass="SearchBox" class="MaxSearchBoxComposited::SearchBox" method="copy" addIfMissing="true"/>
	<class sourceClass="InactiveSearchBoxComposited::SearchBox" class="InactiveSearchBoxComposited::SearchBox" method="copy" addIfMissing="true"/>
	<class sourceClass="SearchBox" class="InactiveSearchBoxComposited::SearchBox" method="copy" addIfMissing="true"/>
	<class sourceClass="MaxInactiveSearchBoxComposited::SearchBox" class="MaxInactiveSearchBoxComposited::SearchBox" method="copy" addIfMissing="true"/>
	<class sourceClass="SearchBox" class="MaxInactiveSearchBoxComposited::SearchBox" method="copy" addIfMissing="true"/>
	<class sourceClass="HelpSearchBox" class="HelpSearchBox" method="copy" addIfMissing="true"/>
	<class sourceClass="SearchBoxEdit::Edit" class="SearchBoxEdit::Edit" method="copy" addIfMissing="true"/>
	<class sourceClass="SearchEditBox" class="SearchEditBox" method="copy" addIfMissing="true"/>
	<class sourceClass="MaxSearchBoxEdit::Edit" class="MaxSearchBoxEdit::Edit" method="copy" addIfMissing="true"/>
	<class sourceClass="InactiveSearchBoxEdit::Edit" class="InactiveSearchBoxEdit::Edit" method="copy" addIfMissing="true"/>
	<class sourceClass="MaxInactiveSearchBoxEdit::Edit" class="MaxInactiveSearchBoxEdit::Edit" method="copy" addIfMissing="true"/>
	<class sourceClass="SearchBoxEditComposited::Edit" class="SearchBoxEditComposited::Edit" method="copy" addIfMissing="true"/>
	<class sourceClass="MaxSearchBoxEditComposited::Edit" class="MaxSearchBoxEditComposited::Edit" method="copy" addIfMissing="true"/>
	<class sourceClass="InactiveSearchBoxEditComposited::Edit" class="InactiveSearchBoxEditComposited::Edit" method="copy" addIfMissing="true"/>
	<class sourceClass="MaxInactiveSearchBoxEditComposited::Edit" class="MaxInactiveSearchBoxEditComposited::Edit" method="copy" addIfMissing="true"/>
	<class sourceClass="Help::Edit" class="Help::Edit" method="copy" addIfMissing="true"/>
	<class sourceClass="BreadcrumbBar" class="BreadcrumbBar" method="copy" addIfMissing="true"/>
	<class sourceClass="BreadcrumbBarComposited::BreadcrumbBar" class="BreadcrumbBarComposited::BreadcrumbBar" method="copy" addIfMissing="true"/>
	<class sourceClass="InactiveBreadcrumbBar::BreadcrumbBar" class="InactiveBreadcrumbBar::BreadcrumbBar" method="copy" addIfMissing="true"/>
	<class sourceClass="InactiveBreadcrumbBarComposited::BreadcrumbBar" class="InactiveBreadcrumbBarComposited::BreadcrumbBar" method="copy" addIfMissing="true"/>
	<class sourceClass="MaxBreadcrumbBar::BreadcrumbBar" class="MaxBreadcrumbBar::BreadcrumbBar" method="copy" addIfMissing="true"/>
	<class sourceClass="MaxBreadcrumbBarComposited::BreadcrumbBar" class="MaxBreadcrumbBarComposited::BreadcrumbBar" method="copy" addIfMissing="true"/>
	<class sourceClass="MaxInactiveBreadcrumbBar::BreadcrumbBar" class="MaxInactiveBreadcrumbBar::BreadcrumbBar" method="copy" addIfMissing="true"/>
	<class sourceClass="MaxInactiveBreadcrumbBarComposited::BreadcrumbBar" class="MaxInactiveBreadcrumbBarComposited::BreadcrumbBar" method="copy" addIfMissing="true"/>
	<class sourceClass="Go::Toolbar" class="Go::Toolbar" method="copy" addIfMissing="true"/>
	<class sourceClass="GoComposited::Toolbar" class="GoComposited::Toolbar" method="copy" addIfMissing="true"/>
	<class sourceClass="MaxGo::Toolbar" class="MaxGo::Toolbar" method="copy" addIfMissing="true"/>
	<class sourceClass="MaxGoComposited::Toolbar" class="MaxGoComposited::Toolbar" method="copy" addIfMissing="true"/>
	<class sourceClass="InactiveGo::Toolbar" class="InactiveGo::Toolbar" method="copy" addIfMissing="true"/>
	<class sourceClass="InactiveGoComposited::Toolbar" class="InactiveGoComposited::Toolbar" method="copy" addIfMissing="true"/>
	<class sourceClass="MaxInactiveGo::Toolbar" class="MaxInactiveGo::Toolbar" method="copy" addIfMissing="true"/>
	<class sourceClass="MaxInactiveGoComposited::Toolbar" class="MaxInactiveGoComposited::Toolbar" method="copy" addIfMissing="true"/>
	<class sourceClass="BB::Toolbar" class="BB::Toolbar" method="copy" addIfMissing="true"/>
	<class sourceClass="BBComposited::Toolbar" class="BBComposited::Toolbar" method="copy" addIfMissing="true"/>
	<class sourceClass="InactiveBB::Toolbar" class="InactiveBB::Toolbar" method="copy" addIfMissing="true"/>
	<class sourceClass="InactiveBBComposited::Toolbar" class="InactiveBBComposited::Toolbar" method="copy" addIfMissing="true"/>
	<class sourceClass="MaxInactiveBB::Toolbar" class="MaxInactiveBB::Toolbar" method="copy" addIfMissing="true"/>
	<class sourceClass="MaxInactiveBBComposited::Toolbar" class="MaxInactiveBBComposited::Toolbar" method="copy" addIfMissing="true"/>
	<class sourceClass="MaxBB::Toolbar" class="MaxBB::Toolbar" method="copy" addIfMissing="true"/>
	<class sourceClass="MaxBBComposited::Toolbar" class="MaxBBComposited::Toolbar" method="copy" addIfMissing="true"/>
	<class sourceClass="Address::Edit" class="Address::Edit" method="copy" addIfMissing="true"/>
	<class sourceClass="AddressComposited::Edit" class="AddressComposited::Edit" method="copy" addIfMissing="true"/>
	<class sourceClass="Address::Edit" class="AddressComposited::Edit" method="copy" addIfMissing="true"/>
	<class sourceClass="Address::ComboBox" class="Address::ComboBox" method="copy" addIfMissing="true"/>
	<class sourceClass="AddressComposited::ComboBox" class="AddressComposited::ComboBox" method="copy" addIfMissing="true"/>
	<class sourceClass="Address::ComboBox" class="AddressComposited::ComboBox" method="copy" addIfMissing="true"/>
	<class sourceClass="TaskBar::ComboBox" class="TaskBar::ComboBox" method="copy" addIfMissing="true"/>
	<class sourceClass="InactiveAddress::ComboBox" class="InactiveAddress::ComboBox" method="copy" addIfMissing="true"/>
	<class sourceClass="InactiveAddressComposited::ComboBox" class="InactiveAddressComposited::ComboBox" method="copy" addIfMissing="true"/>
	<class sourceClass="Address::ComboBox" class="InactiveAddressComposited::ComboBox" method="copy" addIfMissing="true"/>
	<class sourceClass="InactiveAddress::Edit" class="InactiveAddress::Edit" method="copy" addIfMissing="true"/>
	<class sourceClass="InactiveAddressComposited::Edit" class="InactiveAddressComposited::Edit" method="copy" addIfMissing="true"/>
	<class sourceClass="Address::Edit" class="InactiveAddressComposited::Edit" method="copy" addIfMissing="true"/>
	<class sourceClass="MaxAddress::Edit" class="MaxAddress::Edit" method="copy" addIfMissing="true"/>
	<class sourceClass="MaxAddress::ComboBox" class="MaxAddress::ComboBox" method="copy" addIfMissing="true"/>
	<class sourceClass="MaxAddressComposited::Edit" class="MaxAddressComposited::Edit" method="copy" addIfMissing="true"/>
	<class sourceClass="Address::Edit" class="MaxAddressComposited::Edit" method="copy" addIfMissing="true"/>
	<class sourceClass="MaxAddressComposited::ComboBox" class="MaxAddressComposited::ComboBox" method="copy" addIfMissing="true"/>
	<class sourceClass="Address::ComboBox" class="MaxAddressComposited::ComboBox" method="copy" addIfMissing="true"/>
	<class sourceClass="MaxInactiveAddress::Edit" class="MaxInactiveAddress::Edit" method="copy" addIfMissing="true"/>
	<class sourceClass="MaxInactiveAddressComposited::Edit" class="MaxInactiveAddressComposited::Edit" method="copy" addIfMissing="true"/>
	<class sourceClass="Address::Edit" class="MaxInactiveAddressComposited::Edit" method="copy" addIfMissing="true"/>
	<class sourceClass="MaxInactiveAddress::ComboBox" class="MaxInactiveAddress::ComboBox" method="copy" addIfMissing="true"/>
	<class sourceClass="Address::ComboBox" class="MaxInactiveAddressComposited::ComboBox" method="copy" addIfMissing="true"/>
	<class sourceClass="MaxInactiveAddressComposited::ComboBox" class="MaxInactiveAddressComposited::ComboBox" method="copy" addIfMissing="true"/>
	<class sourceClass="SearchButton::Toolbar" class="SearchButton::Toolbar" method="copy" addIfMissing="true"/>
	<class sourceClass="SearchButtonComposited::Toolbar" class="SearchButtonComposited::Toolbar" method="copy" addIfMissing="true"/>
	<class sourceClass="Tooltip" class="Tooltip" method="copy" addIfMissing="true"/>
	<class sourceClass="TryHarder" class="TryHarder" method="copy" addIfMissing="true"/>
	<class sourceClass="CommandModule" class="CommandModule" method="copy" addIfMissing="true"/>
	<class sourceClass="CPLCommandModule::CommandModule" class="CPLCommandModule::CommandModule" method="copy" addIfMissing="true"/>
	<class sourceClass="InfoBar" class="InfoBar" method="copy" addIfMissing="true"/>
	<class sourceClass="PreviewPane" class="PreviewPane" method="copy" addIfMissing="true"/>
	<class sourceClass="BarrierPage" class="BarrierPage" method="copy" addIfMissing="true"/>
	<class sourceClass="ReadingPane" class="ReadingPane" method="copy" addIfMissing="true"/>
	<class sourceClass="SearchHome" class="SearchHome" method="copy" addIfMissing="true"/>
	<class sourceClass="TrackBar" class="TrackBar" method="copy" addIfMissing="true"/>
	<class sourceClass="TreeView" class="TreeView" method="copy" addIfMissing="true"/>
	<class sourceClass="Explorer::TreeView" class="Explorer::TreeView" method="copy" addIfMissing="true"/>
	<class sourceClass="Window" class="Window" method="copy" addIfMissing="true"/>
	<class sourceClass="CompositedWindow::Window" class="CompositedWindow::Window" method="copy" addIfMissing="true"/>
	<class sourceClass="Menu" class="Menu" method="copy" addIfMissing="true"/>
	<class sourceClass="ImmersiveStart::Menu" class="ImmersiveStart::Menu" method="copy" addIfMissing="true"/>
	<class sourceClass="ImmersiveStartDark::Menu" class="ImmersiveStartDark::Menu" method="copy" addIfMissing="true"/>
	<class sourceClass="Media::Menu" class="Media::Menu" method="copy" addIfMissing="true"/>
	<class sourceClass="Communications::Menu" class="Communications::Menu" method="copy" addIfMissing="true"/>
	<class sourceClass="Placesbar::Toolbar" class="Placesbar::Toolbar" method="copy" addIfMissing="true"/>
	<class sourceClass="ProperTree" class="ProperTree" method="copy" addIfMissing="true"/>
	<class sourceClass="ExplorerMenu::MenuBand" class="ExplorerMenu::MenuBand" method="copy" addIfMissing="true"/>
	<class sourceClass="ExplorerMenu::Toolbar" class="ExplorerMenu::Toolbar" method="copy" addIfMissing="true"/>
	<class sourceClass="TaskBand2::ScrollBar" class="TaskBand2::ScrollBar" method="copy" addIfMissing="true"/>
	<class sourceClass="TaskBand2Composited8::ScrollBar" class="TaskBand2Composited8::ScrollBar" method="copy" addIfMissing="true"/>
	<class sourceClass="TaskBand2" class="TaskBand2" method="copy" addIfMissing="true"/>
	<class sourceClass="TaskBand2Vertical::Taskband2" class="TaskBand2Vertical::Taskband2" method="copy" addIfMissing="true"/>
	<class sourceClass="TaskBand2SmallIcons::Taskband2" class="TaskBand2SmallIcons::Taskband2" method="copy" addIfMissing="true"/>
	<class sourceClass="TaskBand2SmallIconsVertical::Taskband2" class="TaskBand2SmallIconsVertical::Taskband2" method="copy" addIfMissing="true"/>
	<class sourceClass="TaskBand2Composited::TaskBand2" class="TaskBand2Composited::TaskBand2" method="copy" addIfMissing="true"/>
	<class sourceClass="TaskBand2CompositedSmallIcons::TaskBand2" class="TaskBand2CompositedSmallIcons::TaskBand2" method="copy" addIfMissing="true"/>
	<class sourceClass="TaskBand2CompositedVertical::TaskBand2" class="TaskBand2CompositedVertical::TaskBand2" method="copy" addIfMissing="true"/>
	<class sourceClass="TaskBand2CompositedVertical8::TaskBand2" class="TaskBand2CompositedVertical8::TaskBand2" method="copy" addIfMissing="true"/>
	<class sourceClass="TaskBand2CompositedSmallIconsVertical::TaskBand2" class="TaskBand2CompositedSmallIconsVertical::TaskBand2" method="copy" addIfMissing="true"/>
	<class sourceClass="TaskBand2CompositedSmallIconsVertical8::TaskBand2" class="TaskBand2CompositedSmallIconsVertical8::TaskBand2" method="copy" addIfMissing="true"/>
	<class sourceClass="TrayNotifyFlyout" class="TrayNotifyFlyout" method="copy" addIfMissing="true"/>
	<class sourceClass="TaskBar::Rebar" class="TaskBar::Rebar" method="copy" addIfMissing="true"/>
	<class sourceClass="TaskBarHCBlack::Rebar" class="TaskBarHCBlack::Rebar" method="copy" addIfMissing="true"/>
	<class sourceClass="TaskBarHCWhite::Rebar" class="TaskBarHCWhite::Rebar" method="copy" addIfMissing="true"/>
	<class sourceClass="TaskBarSmallIcons::Rebar" class="TaskBarSmallIcons::Rebar" method="copy" addIfMissing="true"/>
	<class sourceClass="TaskBarSmallIconsHCBlack::Rebar" class="TaskBarSmallIconsHCBlack::Rebar" method="copy" addIfMissing="true"/>
	<class sourceClass="TaskBarSmallIconsHCWhite::Rebar" class="TaskBarSmallIconsHCWhite::Rebar" method="copy" addIfMissing="true"/>
	<class sourceClass="TaskBar::Toolbar" class="TaskBar::Toolbar" method="copy" addIfMissing="true"/>
	<class sourceClass="TaskBarVert::Toolbar" class="TaskBarVert::Toolbar" method="copy" addIfMissing="true"/>
	<class sourceClass="TextGlow" class="TextGlow" method="copy" addIfMissing="true"/>
	<class sourceClass="Flyout" class="Flyout" method="copy" addIfMissing="true"/>
	<class sourceClass="DragDrop" class="DragDrop" method="copy" addIfMissing="true"/>
	<class sourceClass="TaskbarShowDesktop" class="TaskbarShowDesktop" method="copy" addIfMissing="true"/>
	<class sourceClass="Static" class="Static" method="copy" addIfMissing="true"/>
	<class sourceClass="ChartView" class="ChartView" method="copy" addIfMissing="true"/>
	<class sourceClass="TaskManager" class="TaskManager" method="copy" addIfMissing="true"/>
	<class sourceClass="TextSelectionGripper" class="TextSelectionGripper" method="copy" addIfMissing="true"/>
	<class sourceClass="TaskbarPearl" class="TaskbarPearl" method="copy" addIfMissing="true"/>
	<class sourceClass="timingfunction" class="timingfunction" method="copy" addIfMissing="true"/>
	<class sourceClass="animations" class="animations" method="copy" addIfMissing="true"/>
	<class sourceClass="TrayNotifyComposited::Clock" class="TrayNotifyComposited::Clock" method="copy" addIfMissing="true"/>
-->