<!--
	Windows 8 to Windows 10 Redstone Import Markup
	Author:	Mr GRiM

	Notes:
	<part /> is for part to part importing.
	<state /> is for state to state importing.

	For state to part or part to state use <state />  
	Part to State Example:
	<state sourceClass="SourceClassName" sourcePart="SourcePartNumber" sourceState="0" class="ClassName" part="PartNumber" state="StateNumber"/>
	State to Part Example:
	<state sourceClass="SourceClassName" sourcePart="SourcePartNumber" sourceState="SourceStateNumber" class="ClassName" part="PartNumber" state="0"/>

	sourceClass is the class name in Windows 7 from which to import.
	sourcePart is the part number in Windows 7 from which to import.
	sourceState is the state number in Windows 7 from which to import.

	class is the class name in Windows 7 where the properties are imported to.
	part is the part number in Windows 7 where the properties are imported to.
	state is the state number in Windows 7 where the properties are imported to.

	canBeEmpty (bool [yes/no]) defines whether or not to skip importing a class/part/state if it has no properties in Windows 7.
	yes: The class/part/state can be empty.
	no: The class/part/state cannot be empty and if it is skip it.
-->
<convert>
	<!-- runstylescript -->
	<runstylescript scriptfile="10 Import Fix.xml"/>
	<class sourceClass="StartPanel" class="StartPanel" method="copy" addIfMissing="true"/>
	<class sourceClass="StartPanelPriv" class="StartPanelPriv" method="copy" addIfMissing="true"/>
	
	<class sourceClass="DWMWindow" class="DWMWindow" method="copy" addIfMissing="true"/>
	<class sourceClass="DWMTouch" class="DWMTouch" method="copy" addIfMissing="true"/>
	<class sourceClass="DWMPen" class="DWMPen" method="copy" addIfMissing="true"/>
	
	<class sourceClass="StartMenu::MenuBand" class="StartMenu::MenuBand" method="copy" addIfMissing="true"/>
	<class sourceClass="StartMenu::Toolbar" class="StartMenu::Toolbar" method="copy" addIfMissing="true"/>
	
	<class sourceClass="StartPanelCompositedBottom::StartPanelPriv" class="StartPanelCompositedBottom::StartPanelPriv" method="copy" addIfMissing="true"/>
	<class sourceClass="Taskbar2Composited::TaskBar" class="Taskbar2Composited::TaskBar" method="copy" addIfMissing="true"/>
	<class sourceClass="StartMenuComposited::Link" class="StartMenuComposited::Link" method="copy" addIfMissing="true"/>
	<class sourceClass="StartMenuComposited::EmptyMarkup" class="StartMenuComposited::EmptyMarkup" method="copy" addIfMissing="true"/>
	<class sourceClass="StartMenuComposited::ListView" class="StartMenuComposited::ListView" method="copy" addIfMissing="true"/>
	<class sourceClass="StartMenuCompositedMFU::ListView" class="StartMenuCompositedMFU::ListView" method="copy" addIfMissing="true"/>
	<class sourceClass="StartMenuPlaceListComposited::ListView" class="StartMenuPlaceListComposited::ListView" method="copy" addIfMissing="true"/>
	<class sourceClass="TaskbarJumpList::ListView" class="TaskbarJumpList::ListView" method="copy" addIfMissing="true"/>
	<class sourceClass="StartPanelComposited::StartPanelPriv" class="StartPanelComposited::StartPanelPriv" method="copy" addIfMissing="true"/>
	<class sourceClass="StartMenuKeyBoardComposited::TreeView" class="StartMenuKeyBoardComposited::TreeView" method="copy" addIfMissing="true"/>
	<class sourceClass="StartMenuHoverComposited::TreeView" class="StartMenuHoverComposited::TreeView" method="copy" addIfMissing="true"/>
	<class sourceClass="StartMenuKeyBoard::TreeView" class="StartMenuKeyBoard::TreeView" method="copy" addIfMissing="true"/>
	<class sourceClass="StartMenuHover::TreeView" class="StartMenuHover::TreeView" method="copy" addIfMissing="true"/>
	<class sourceClass="VerticalShowDesktop::Button" class="VerticalShowDesktop::Button" method="copy" addIfMissing="true"/>
	<class sourceClass="ShowDesktop::Button" class="ShowDesktop::Button" method="copy" addIfMissing="true"/>
	
	
	<class sourceClass="CopyClose" class="CopyClose" method="copy" addIfMissing="true"/>
	<class sourceClass="Pause" class="Pause" method="copy" addIfMissing="true"/>	
	<class sourceClass="TaskbandExtendedUI" class="TaskbandExtendedUI" method="copy" addIfMissing="true"/>	
	<class sourceClass="TrayNotify::Clock" class="TrayNotify::Clock" method="copy" addIfMissing="true"/>
	<class sourceClass="TrayNotify::Toolbar" class="TrayNotify::Toolbar" method="copy" addIfMissing="true"/>
	<class sourceClass="TrayNotify::UserTile" class="TrayNotify::UserTile" method="copy" addIfMissing="true"/>
	<class sourceClass="TrayNotifyHoriz::Button" class="TrayNotifyHoriz::Button" method="copy" addIfMissing="true"/>
	<class sourceClass="TrayNotifyHoriz::Button" class="TrayNotifyHorizHCWhite::Button" method="copy" addIfMissing="true"/>
	<class sourceClass="TrayNotifyHoriz::TrayNotify" class="TrayNotifyHoriz::TrayNotify" method="copy" addIfMissing="true"/>
	<class sourceClass="TrayNotifyHorizOpen::Button" class="TrayNotifyHorizOpen::Button" method="copy" addIfMissing="true"/>
	<class sourceClass="TrayNotifyHorizOpen::Button" class="TrayNotifyHorizOpenHCWhite::Button" method="copy" addIfMissing="true"/>
	<class sourceClass="TrayNotifyVert::Button" class="TrayNotifyVert::Button" method="copy" addIfMissing="true"/>
	<class sourceClass="TrayNotifyVert::Button" class="TrayNotifyVertHCWhite::Button" method="copy" addIfMissing="true"/>
	<class sourceClass="TrayNotifyVert::TrayNotify" class="TrayNotifyVert::TrayNotify" method="copy" addIfMissing="true"/>
	<class sourceClass="TrayNotifyVertOpen::Button" class="TrayNotifyVertOpen::Button" method="copy" addIfMissing="true"/>
	<class sourceClass="TrayNotifyVertOpen::Button" class="TrayNotifyVertOpenHCWhite::Button" method="copy" addIfMissing="true"/>	
	<class sourceClass="Navigation" class="Navigation" method="copy" addIfMissing="true"/>
	
	<!-- Windows 10 Dark Mode > Toolbars, Headers, & Rebar -->

	<part sourceClass="NavbarComposited::Rebar" sourcePart="6" class="DarkModeNavbarComposited::Rebar" part="6"/>
	<part sourceClass="NavbarComposited::Rebar" sourcePart="6" class="DarkModeInactiveNavbarComposited::Rebar" part="6"/>
	<part sourceClass="NavbarComposited::Rebar" sourcePart="6" class="DarkModeMaxNavbarComposited::Rebar" part="6"/>
	<part sourceClass="NavbarComposited::Rebar" sourcePart="6" class="DarkModeMaxInactiveNavbarComposited::Rebar" part="6"/>

	<class sourceClass="NavbarComposited::Rebar" class="DarkModeNavbarComposited::Rebar" method="copy" addIfMissing="true"/>
	<class sourceClass="InactiveNavbarComposited::Rebar" class="DarkModeInactiveNavbarComposited::Rebar" method="copy" addIfMissing="true"/>
	<class sourceClass="MaxNavbarComposited::Rebar" class="DarkModeMaxNavbarComposited::Rebar" method="copy" addIfMissing="true"/>
	<class sourceClass="MaxInactiveNavbarComposited::Rebar" class="DarkModeMaxInactiveNavbarComposited::Rebar" method="copy" addIfMissing="true"/>
	
	<class sourceClass="Toolbar" class="DarkMode::Toolbar" method="copy" addIfMissing="true"/>
	<class sourceClass="DarkMode::Toolbar" class="DarkMode::Toolbar" method="copy" addIfMissing="true"/>
	
	<class sourceClass="ItemsView::Header" class="DarkMode_ItemsView::Header" method="copy" addIfMissing="true"/>
	<class sourceClass="DarkMode_ItemsView::Header" class="DarkMode_ItemsView::Header" method="copy" addIfMissing="true"/>
	
	<class sourceClass="Status" class="DarkMode::Status" method="copy" addIfMissing="true"/>
	
	<!-- Windows 10 Dark Mode > Address, Breadcrumb, & Search -->
	
	<class sourceClass="AB::AddressBand" class="DarkMode_ABComposited::AddressBand" method="copy" addIfMissing="true"/>
	<class sourceClass="DarkMode_ABComposited::AddressBand" class="DarkMode_ABComposited::AddressBand" method="copy" addIfMissing="true"/>
	
	<part sourceClass="ComboBox" sourcePart="4" class="DarkMode_AddressComposited::ComboBox" part="0"/>
	<part sourceClass="ComboBox" sourcePart="6" class="DarkMode_AddressComposited::ComboBox" part="6"/>
	<part sourceClass="ComboBox" sourcePart="7" class="DarkMode_AddressComposited::ComboBox" part="7"/>
	<part sourceClass="ComboBox" sourcePart="4" class="DarkMode_InactiveAddressComposited::ComboBox" part="0"/>
	<part sourceClass="ComboBox" sourcePart="6" class="DarkMode_InactiveAddressComposited::ComboBox" part="6"/>
	<part sourceClass="ComboBox" sourcePart="7" class="DarkMode_InactiveAddressComposited::ComboBox" part="7"/>
	<part sourceClass="ComboBox" sourcePart="4" class="DarkMode_MaxAddressComposited::ComboBox" part="0"/>
	<part sourceClass="ComboBox" sourcePart="6" class="DarkMode_MaxAddressComposited::ComboBox" part="6"/>
	<part sourceClass="ComboBox" sourcePart="7" class="DarkMode_MaxAddressComposited::ComboBox" part="7"/>
	<part sourceClass="ComboBox" sourcePart="4" class="DarkMode_MaxInactiveAddressComposited::ComboBox" part="0"/>
	<part sourceClass="ComboBox" sourcePart="6" class="DarkMode_MaxInactiveAddressComposited::ComboBox" part="6"/>
	<part sourceClass="ComboBox" sourcePart="7" class="DarkMode_MaxInactiveAddressComposited::ComboBox" part="7"/>
	
	<part sourceClass="AddressComposited::Edit" sourcePart="0" class="DarkMode_AddressComposited::Edit" part="0"/>
	<part sourceClass="AddressComposited::Edit" sourcePart="0" class="DarkMode_InactiveAddressComposited::Edit" part="0"/>
	<part sourceClass="AddressComposited::Edit" sourcePart="0" class="DarkMode_MaxAddressComposited::Edit" method="copy" part="0"/>
	<part sourceClass="AddressComposited::Edit" sourcePart="0" class="DarkMode_MaxInactiveAddressComposited::Edit" part="0"/>
	<part sourceClass="Address::Edit" sourcePart="5" class="DarkMode_AddressComposited::Edit" part="5"/>
	<part sourceClass="Address::Edit" sourcePart="5" class="DarkMode_InactiveAddressComposited::Edit" part="5"/>
	<part sourceClass="Address::Edit" sourcePart="5" class="DarkMode_MaxAddressComposited::Edit" method="copy" part="5"/>
	<part sourceClass="Address::Edit" sourcePart="5" class="DarkMode_MaxInactiveAddressComposited::Edit" part="5"/>
	
	<class sourceClass="DarkMode_AddressComposited::Edit" class="DarkMode_AddressComposited::Edit" method="copy" addIfMissing="true"/>
	<class sourceClass="DarkMode_InactiveAddressComposited::Edit" class="DarkMode_InactiveAddressComposited::Edit" method="copy" addIfMissing="true"/>
	<class sourceClass="DarkMode_MaxAddressComposited::Edit" class="DarkMode_MaxAddressComposited::Edit" method="copy" addIfMissing="true"/>
	<class sourceClass="DarkMode_MaxInactiveAddressComposited::Edit" class="DarkMode_MaxInactiveAddressComposited::Edit" method="copy" addIfMissing="true"/>
	
	<class sourceClass="BB::Toolbar" class="DarkMode_BBComposited::Toolbar" method="copy" addIfMissing="true"/>
	<class sourceClass="BB::Toolbar" class="DarkMode_InactiveBBComposited::Toolbar" method="copy" addIfMissing="true"/>
	<class sourceClass="BB::Toolbar" class="DarkMode_MaxBBComposited::Toolbar" method="copy" addIfMissing="true"/>
	<class sourceClass="BB::Toolbar" class="DarkMode_MaxInactiveBBComposited::Toolbar" method="copy" addIfMissing="true"/>
	<class sourceClass="BBComposited::Toolbar" class="DarkMode_BBComposited::Toolbar" method="copy" addIfMissing="true"/>
	<class sourceClass="InactiveBBComposited::Toolbar" class="DarkMode_InactiveBBComposited::Toolbar" method="copy" addIfMissing="true"/>
	<class sourceClass="MaxBBComposited::Toolbar" class="DarkMode_MaxBBComposited::Toolbar" method="copy" addIfMissing="true"/>
	<class sourceClass="MaxInactiveBBComposited::Toolbar" class="DarkMode_MaxInactiveBBComposited::Toolbar" method="copy" addIfMissing="true"/>
	<class sourceClass="DarkMode_BBComposited::Toolbar" class="DarkMode_BBComposited::Toolbar" method="copy" addIfMissing="true"/>
	<class sourceClass="DarkMode_InactiveBBComposited::Toolbar" class="DarkMode_InactiveBBComposited::Toolbar" method="copy" addIfMissing="true"/>
	<class sourceClass="DarkMode_MaxBBComposited::Toolbar" class="DarkMode_MaxBBComposited::Toolbar" method="copy" addIfMissing="true"/>
	<class sourceClass="DarkMode_MaxInactiveBBComposited::Toolbar" class="DarkMode_MaxInactiveBBComposited::Toolbar" method="copy" addIfMissing="true"/>
	
	<class sourceClass="TryHarder" class="DarkMode::TryHarder" method="copy" addIfMissing="true"/>
	<class sourceClass="DarkMode::TryHarder" class="DarkMode::TryHarder" method="copy" addIfMissing="true"/>
	
	<class sourceClass="SearchBoxEditComposited::Edit" class="DarkMode_SearchBoxEditComposited::Edit" method="copy" addIfMissing="true"/>
	<class sourceClass="InactiveSearchBoxEditComposited::Edit" class="DarkMode_InactiveSearchBoxEditComposited::Edit" method="copy" addIfMissing="true"/>
	<class sourceClass="MaxSearchBoxEditComposited::Edit" class="DarkMode_MaxSearchBoxEditComposited::Edit" method="copy" addIfMissing="true"/>
	<class sourceClass="MaxInactiveSearchBoxEditComposited::Edit" class="DarkMode_MaxInactiveSearchBoxEditComposited::Edit" method="copy" addIfMissing="true"/>
	<class sourceClass="DarkMode_SearchBoxEditComposited::Edit" class="DarkMode_SearchBoxEditComposited::Edit" method="copy" addIfMissing="true"/>
	<class sourceClass="DarkMode_InactiveSearchBoxEditComposited::Edit" class="DarkMode_InactiveSearchBoxEditComposited::Edit" method="copy" addIfMissing="true"/>
	<class sourceClass="DarkMode_MaxSearchBoxEditComposited::Edit" class="DarkMode_MaxSearchBoxEditComposited::Edit" method="copy" addIfMissing="true"/>
	<class sourceClass="DarkMode_MaxInactiveSearchBoxEditComposited::Edit" class="DarkMode_MaxInactiveSearchBoxEditComposited::Edit" method="copy" addIfMissing="true"/>
	
	<class sourceClass="SearchBox" class="DarkMode_SearchBoxComposited::SearchBox" method="copy" addIfMissing="true"/>
	<class sourceClass="SearchBox" class="DarkMode_InactiveSearchBoxComposited::SearchBox" method="copy" addIfMissing="true"/>
	<class sourceClass="SearchBox" class="DarkMode_MaxSearchBoxComposited::SearchBox" method="copy" addIfMissing="true"/>
	<class sourceClass="SearchBox" class="DarkMode_MaxInactiveSearchBoxComposited::SearchBox" method="copy" addIfMissing="true"/>
	<class sourceClass="DarkMode_SearchBoxComposited::SearchBox" class="DarkMode_SearchBoxComposited::SearchBox" method="copy" addIfMissing="true"/>
	<class sourceClass="DarkMode_InactiveSearchBoxComposited::SearchBox" class="DarkMode_InactiveSearchBoxComposited::SearchBox" method="copy" addIfMissing="true"/>
	<class sourceClass="DarkMode_MaxSearchBoxComposited::SearchBox" class="DarkMode_MaxSearchBoxComposited::SearchBox" method="copy" addIfMissing="true"/>
	<class sourceClass="DarkMode_MaxInactiveSearchBoxComposited::SearchBox" class="DarkMode_MaxInactiveSearchBoxComposited::SearchBox" method="copy" addIfMissing="true"/>
	<class sourceClass="SearchBox" class="DarkMode::SearchBox" method="copy" addIfMissing="true"/>
	<class sourceClass="DarkMode::SearchBox" class="DarkMode::SearchBox" method="copy" addIfMissing="true"/>
	
	<!-- Windows 10 Dark Mode > Buttons, Boxes, & Controls -->
	
	<class sourceClass="Button" class="Explorer::Button" method="copy" addIfMissing="true"/>
	<class sourceClass="Button" class="DarkMode_Explorer::Button" method="copy" addIfMissing="true"/>
	<class sourceClass="Explorer::Button" class="Explorer::Button" method="copy" addIfMissing="true"/>
	<class sourceClass="DarkMode_Explorer::Button" class="DarkMode_Explorer::Button" method="copy" addIfMissing="true"/>
	
	<class sourceClass="Navigation" class="DarkMode::Navigation" method="copy" addIfMissing="true"/>
	<class sourceClass="DarkMode::Navigation" class="DarkMode::Navigation" method="copy" addIfMissing="true"/>
	
	<class sourceClass="Combobox" class="DarkMode_CFD::Combobox" method="copy" addIfMissing="true"/>
	<class sourceClass="Combobox" class="DarkMode_CFD::Combobox" method="copy" addIfMissing="true"/>
	<class sourceClass="CFD::Combobox" class="DarkMode_CFD::Combobox" method="copy" addIfMissing="true"/>
	<class sourceClass="DarkMode_CFD::Combobox" class="DarkMode_CFD::Combobox" method="copy" addIfMissing="true"/>
	
	<class sourceClass="ScrollBar" class="DarkMode_Explorer::ScrollBar" method="copy" addIfMissing="true"/>
	<class sourceClass="DarkMode_Explorer::ScrollBar" class="DarkMode_Explorer::ScrollBar" method="copy" addIfMissing="true"/>
	
	<!-- Windows 10 Dark Mode > Lists, Menus, & Tabs -->
	
	<class sourceClass="Menu" class="DarkMode::Menu" method="copy" addIfMissing="true"/>
	<class sourceClass="ImmersiveStart::Menu" class="DarkMode_ImmersiveStart::Menu" method="copy" addIfMissing="true"/>
	<class sourceClass="DarkMode_ImmersiveStart::Menu" class="DarkMode_ImmersiveStart::Menu" method="copy" addIfMissing="true"/>
	
	<!-- Windows 10 Dark Mode > Explorer & Shell -->
	
	<class sourceClass="Explorer::Edit" class="DarkMode_CFD::Edit" method="copy" addIfMissing="true"/>
	<class sourceClass="Explorer::Edit" class="DarkMode_Explorer::Edit" method="copy" addIfMissing="true"/>
	<class sourceClass="DarkMode_CFD::Edit" class="DarkMode_CFD::Edit" method="copy" addIfMissing="true"/>
	<class sourceClass="DarkMode_Explorer::Edit" class="DarkMode_Explorer::Edit" method="copy" addIfMissing="true"/>
	
	<class sourceClass="ItemsView" class="DarkMode::ItemsView" method="copy" addIfMissing="true"/>
	<class sourceClass="DarkMode::ItemsView" class="DarkMode::ItemsView" method="copy" addIfMissing="true"/>
	
	<class sourceClass="ItemsView::ListView" class="DarkMode_ItemsView::ListView" method="copy" addIfMissing="true"/>
	<class sourceClass="DarkMode_ItemsView::ListView" class="DarkMode_ItemsView::ListView" method="copy" addIfMissing="true"/>
	
	<part sourceClass="ItemsView" sourcePart="0" class="ExplorerStatusBar" part="0"/>
	<part sourceClass="ItemsView" sourcePart="0" class="DarkMode::ExplorerStatusBar" part="0"/>
	<class sourceClass="ExplorerStatusBar" class="ExplorerStatusBar" method="copy" addIfMissing="true"/>
	<class sourceClass="DarkMode::ExplorerStatusBar" class="DarkMode::ExplorerStatusBar" method="copy" addIfMissing="true"/>
	
	<class sourceClass="Explorer::TreeView" class="DarkMode_Explorer::TreeView" method="copy" addIfMissing="true"/>
	<class sourceClass="DarkMode_Explorer::TreeView" class="DarkMode_Explorer::TreeView" method="copy" addIfMissing="true"/>
	
	<class sourceClass="CommandModule" class="DarkMode::CommandModule" method="copy" addIfMissing="true"/>
	<class sourceClass="CommandModule" class="Explorer::CommandModule" method="copy" addIfMissing="true"/>
	<class sourceClass="CommandModule" class="DarkMode_Explorer::CommandModule" method="copy" addIfMissing="true"/>
	<class sourceClass="DarkMode::CommandModule" class="DarkMode::CommandModule" method="copy" addIfMissing="true"/>
	<class sourceClass="Explorer::CommandModule" class="Explorer::CommandModule" method="copy" addIfMissing="true"/>
	<class sourceClass="DarkMode_Explorer::CommandModule" class="DarkMode_Explorer::CommandModule" method="copy" addIfMissing="true"/>
	
	<part sourceClass="TooltipStyle" sourcePart="1" class="DarkMode_Explorer::Tooltip" part="1"/>
	<class sourceClass="Tooltip" class="DarkMode_Explorer::Tooltip" method="copy" addIfMissing="true"/>
	<class sourceClass="DarkMode_Explorer::Tooltip" class="DarkMode_Explorer::Tooltip" method="copy" addIfMissing="true"/>
	
	<class sourceClass="ReadingPane" class="DarkMode::ReadingPane" method="copy" addIfMissing="true"/>
	<class sourceClass="PreviewPane" class="DarkMode::PreviewPane" method="copy" addIfMissing="true"/>
	<class sourceClass="DarkMode::ReadingPane" class="DarkMode::ReadingPane" method="copy" addIfMissing="true"/>
	<class sourceClass="DarkMode::PreviewPane" class="DarkMode::PreviewPane" method="copy" addIfMissing="true"/>
	
	<class sourceClass="ProperTree" class="DarkMode::ProperTree" method="copy" addIfMissing="true"/>
	<class sourceClass="DarkMode::ProperTree" class="DarkMode::ProperTree" method="copy" addIfMissing="true"/>
	
	<class sourceClass="Toolbar" class="DarkMode_InfoPaneToolbar::Toolbar" method="copy" addIfMissing="true"/>
	<class sourceClass="DarkMode_InfoPaneToolbar::Toolbar" class="DarkMode_InfoPaneToolbar::Toolbar" method="copy" addIfMissing="true"/>
	
	<part sourceClass="ItemsView" sourcePart="0" class="ExplorerNavPane" part="0"/>
	<part sourceClass="ItemsView" sourcePart="0" class="DarkMode::ExplorerNavPane" part="0"/>
	
	<part sourceClass="ProperTree" sourcePart="2" class="ExplorerNavPane" part="0"/>
	<part sourceClass="ProperTree" sourcePart="2" class="DarkMode::ExplorerNavPane" part="0"/>
	
	<class sourceClass="ExplorerNavPane" class="ExplorerNavPane" method="copy" addIfMissing="true"/>
	<class sourceClass="DarkMode::ExplorerNavPane" class="DarkMode::ExplorerNavPane" method="copy" addIfMissing="true"/>
	
	<!-- Windows 10 Light Mode > Taskbar & System Tray -->
	
	<part sourceClass="TaskBandExtendedUI" sourcePart="0" class="TaskBandExtendedUILight::TaskBandExtendedUI" part="0"/>

	<class sourceClass="TaskBar::Rebar" class="TaskBarLight::Rebar" method="copy" addIfMissing="true"/>
	<class sourceClass="TaskBarSmallIcons::Rebar" class="TaskBarSmallIconsLight::Rebar" method="copy" addIfMissing="true"/>
	<class sourceClass="TaskBar::Toolbar" class="TaskBarLight::Toolbar" method="copy" addIfMissing="true"/>
	<class sourceClass="TaskBarVert::Toolbar" class="TaskBarVertLight::Toolbar" method="copy" addIfMissing="true"/>
	
	<class sourceClass="TaskBarLight::Rebar" class="TaskBarLight::Rebar" method="copy" addIfMissing="true"/>
	<class sourceClass="TaskBarSmallIconsLight::Rebar" class="TaskBarSmallIconsLight::Rebar" method="copy" addIfMissing="true"/>
	<class sourceClass="TaskBarLight::Toolbar" class="TaskBarLight::Toolbar" method="copy" addIfMissing="true"/>
	<class sourceClass="TaskBarVertLight::Toolbar" class="TaskBarVertLight::Toolbar" method="copy" addIfMissing="true"/>
	
	<!-- Windows 10 Light Mode > Lists, Menus, & Tabs -->
	
	<class sourceClass="ImmersiveStartDark::Menu" class="LightMode_ImmersiveStart::Menu" method="copy" addIfMissing="true"/>
	<class sourceClass="LightMode_ImmersiveStart::Menu" class="LightMode_ImmersiveStart::Menu" method="copy" addIfMissing="true"/>

	<!-- runstylescript -->
	
	<runstylescript scriptfile="10 Import Fix 2.xml"/>
</convert>