<!--
	Author:	Mr GRiM
-->
<stylescript>
	<add>
		<class name="StartPanelCompositedBottom::StartPanelPriv"/>
		<class name="Taskbar2Composited::TaskBar"/>
		<class name="StartMenuComposited::Link"/>
		<class name="StartMenuComposited::EmptyMarkup"/>
		<class name="StartMenuComposited::ListView"/>
		<class name="StartMenuCompositedMFU::ListView"/>
		<class name="StartMenuPlaceListComposited::ListView"/>
		<class name="TaskbarJumpList::ListView"/>
		<class name="StartPanelComposited::StartPanelPriv"/>
		<class name="StartMenuKeyBoardComposited::TreeView"/>
		<class name="StartMenuHoverComposited::TreeView"/>
		<class name="StartMenuKeyBoard::TreeView"/>
		<class name="StartMenuHover::TreeView"/>
		<class name="SIB_StartPanelComposited::StartPanelPriv"/>
	</add>
	<remove>
		<class class="StartPanelComposited::StartPanelPriv"/>
		<class class="StartPanelPriv"/>	
		<class class="TaskbarJumpList::ListView"/>
		<class class="TaskDialog"/>
	</remove>
</stylescript>