<!--
	Author:	Mr GRiM
-->
<stylescript>
	<copy>
		<properties sourceClass="SIB_StartPanelComposited::StartPanelPriv" sourcePart="0" destClass="StartPanelComposited::StartPanelPriv" destPart="0"/>
		<properties sourceClass="SIB_StartPanelComposited::StartPanelPriv" sourcePart="1" destClass="StartPanelComposited::StartPanelPriv" destPart="1"/>
		<properties sourceClass="SIB_StartPanelComposited::StartPanelPriv" sourcePart="2" destClass="StartPanelComposited::StartPanelPriv" destPart="2"/>
		<properties sourceClass="SIB_StartPanelComposited::StartPanelPriv" sourcePart="3" destClass="StartPanelComposited::StartPanelPriv" destPart="3"/>
		<properties sourceClass="SIB_StartPanelComposited::StartPanelPriv" sourcePart="4" destClass="StartPanelComposited::StartPanelPriv" destPart="4"/>
		<properties sourceClass="SIB_StartPanelComposited::StartPanelPriv" sourcePart="5" destClass="StartPanelComposited::StartPanelPriv" destPart="5"/>
		<properties sourceClass="SIB_StartPanelComposited::StartPanelPriv" sourcePart="6" destClass="StartPanelComposited::StartPanelPriv" destPart="6"/>
		<properties sourceClass="SIB_StartPanelComposited::StartPanelPriv" sourcePart="7" destClass="StartPanelComposited::StartPanelPriv" destPart="7"/>
		<properties sourceClass="SIB_StartPanelComposited::StartPanelPriv" sourcePart="8" destClass="StartPanelComposited::StartPanelPriv" destPart="8"/>
		<properties sourceClass="SIB_StartPanelComposited::StartPanelPriv" sourcePart="9" destClass="StartPanelComposited::StartPanelPriv" destPart="9"/>
		<properties sourceClass="SIB_StartPanelComposited::StartPanelPriv" sourcePart="10" destClass="StartPanelComposited::StartPanelPriv" destPart="10"/>
		<properties sourceClass="SIB_StartPanelComposited::StartPanelPriv" sourcePart="11" destClass="StartPanelComposited::StartPanelPriv" destPart="11"/>
		<properties sourceClass="SIB_StartPanelComposited::StartPanelPriv" sourcePart="12" destClass="StartPanelComposited::StartPanelPriv" destPart="12"/>
		<properties sourceClass="SIB_StartPanelComposited::StartPanelPriv" sourcePart="13" destClass="StartPanelComposited::StartPanelPriv" destPart="13"/>
		<properties sourceClass="SIB_StartPanelComposited::StartPanelPriv" sourcePart="14" destClass="StartPanelComposited::StartPanelPriv" destPart="14"/>
		<properties sourceClass="SIB_StartPanelComposited::StartPanelPriv" sourcePart="15" destClass="StartPanelComposited::StartPanelPriv" destPart="15"/>
		<properties sourceClass="SIB_StartPanelComposited::StartPanelPriv" sourcePart="16" destClass="StartPanelComposited::StartPanelPriv" destPart="16"/>
		<properties sourceClass="SIB_StartPanelComposited::StartPanelPriv" sourcePart="16" sourceState="1" destClass="StartPanelComposited::StartPanelPriv" destPart="16" destState="1"/>
		<properties sourceClass="SIB_StartPanelComposited::StartPanelPriv" sourcePart="16" sourceState="2" destClass="StartPanelComposited::StartPanelPriv" destPart="16" destState="2"/>
		<properties sourceClass="SIB_StartPanelComposited::StartPanelPriv" sourcePart="17" destClass="StartPanelComposited::StartPanelPriv" destPart="17"/>
		<properties sourceClass="SIB_StartPanelComposited::StartPanelPriv" sourcePart="18" destClass="StartPanelComposited::StartPanelPriv" destPart="18"/>
		<properties sourceClass="SIB_StartPanelComposited::StartPanelPriv" sourcePart="19" destClass="StartPanelComposited::StartPanelPriv" destPart="19"/>
		<properties sourceClass="SIB_StartPanelComposited::StartPanelPriv" sourcePart="20" destClass="StartPanelComposited::StartPanelPriv" destPart="20"/>
		<properties sourceClass="SIB_StartPanelComposited::StartPanelPriv" sourcePart="21" destClass="StartPanelComposited::StartPanelPriv" destPart="21"/>
		<properties sourceClass="SIB_StartPanelComposited::StartPanelPriv" sourcePart="22" destClass="StartPanelComposited::StartPanelPriv" destPart="22"/>
		<properties sourceClass="SIB_StartPanelComposited::StartPanelPriv" sourcePart="23" destClass="StartPanelComposited::StartPanelPriv" destPart="23"/>
		<properties sourceClass="SIB_StartPanelComposited::StartPanelPriv" sourcePart="24" destClass="StartPanelComposited::StartPanelPriv" destPart="24"/>
		<properties sourceClass="SIB_StartPanelComposited::StartPanelPriv" sourcePart="25" destClass="StartPanelComposited::StartPanelPriv" destPart="25"/>
		<properties sourceClass="SIB_StartPanelComposited::StartPanelPriv" sourcePart="26" destClass="StartPanelComposited::StartPanelPriv" destPart="26"/>
		<properties sourceClass="SIB_StartPanelComposited::StartPanelPriv" sourcePart="27" destClass="StartPanelComposited::StartPanelPriv" destPart="27"/>
		<properties sourceClass="SIB_StartPanelComposited::StartPanelPriv" sourcePart="28" destClass="StartPanelComposited::StartPanelPriv" destPart="28"/>
		<properties sourceClass="SIB_StartPanelComposited::StartPanelPriv" sourcePart="29" destClass="StartPanelComposited::StartPanelPriv" destPart="29"/>
		<properties sourceClass="SIB_StartPanelComposited::StartPanelPriv" sourcePart="30" destClass="StartPanelComposited::StartPanelPriv" destPart="30"/>
		<properties sourceClass="SIB_StartPanelComposited::StartPanelPriv" sourcePart="31" destClass="StartPanelComposited::StartPanelPriv" destPart="31"/>
		<properties sourceClass="SIB_StartPanelComposited::StartPanelPriv" sourcePart="32" destClass="StartPanelComposited::StartPanelPriv" destPart="32"/>
		<properties sourceClass="SIB_StartPanelComposited::StartPanelPriv" sourcePart="33" destClass="StartPanelComposited::StartPanelPriv" destPart="33"/>
		<properties sourceClass="SIB_StartPanelComposited::StartPanelPriv" sourcePart="34" destClass="StartPanelComposited::StartPanelPriv" destPart="34"/>
		<properties sourceClass="SIB_StartPanelComposited::StartPanelPriv" sourcePart="35" destClass="StartPanelComposited::StartPanelPriv" destPart="35"/>
		<properties sourceClass="SIB_StartPanelComposited::StartPanelPriv" sourcePart="36" destClass="StartPanelComposited::StartPanelPriv" destPart="36"/>
		<properties sourceClass="SIB_StartPanelComposited::StartPanelPriv" sourcePart="37" destClass="StartPanelComposited::StartPanelPriv" destPart="37"/>
		<properties sourceClass="SIB_StartPanelComposited::StartPanelPriv" sourcePart="37" sourceState="1" destClass="StartPanelComposited::StartPanelPriv" destPart="37" destState="1"/>
		<properties sourceClass="SIB_StartPanelComposited::StartPanelPriv" sourcePart="37" sourceState="2" destClass="StartPanelComposited::StartPanelPriv" destPart="37" destState="2"/>
		<properties sourceClass="SIB_StartPanelComposited::StartPanelPriv" sourcePart="37" sourceState="3" destClass="StartPanelComposited::StartPanelPriv" destPart="37" destState="3"/>
		<properties sourceClass="SIB_StartPanelComposited::StartPanelPriv" sourcePart="38" destClass="StartPanelComposited::StartPanelPriv" destPart="38"/>
		<properties sourceClass="SIB_StartPanelComposited::StartPanelPriv" sourcePart="38" sourceState="1" destClass="StartPanelComposited::StartPanelPriv" destPart="38" destState="1"/>
		<properties sourceClass="SIB_StartPanelComposited::StartPanelPriv" sourcePart="38" sourceState="2" destClass="StartPanelComposited::StartPanelPriv" destPart="38" destState="2"/>
		<properties sourceClass="SIB_StartPanelComposited::StartPanelPriv" sourcePart="38" sourceState="3" destClass="StartPanelComposited::StartPanelPriv" destPart="38" destState="3"/>
		<properties sourceClass="StartMenuPlaceListComposited::ListView" sourcePart="0" destClass="TaskbarJumpList::ListView" destPart="0"/>
		<properties sourceClass="StartMenuPlaceListComposited::ListView" sourcePart="1" destClass="TaskbarJumpList::ListView" destPart="1"/>
		<properties sourceClass="StartMenuPlaceListComposited::ListView" sourcePart="6" destClass="TaskbarJumpList::ListView" destPart="6"/>
		<properties sourceClass="StartMenuPlaceListComposited::ListView" sourcePart="7" destClass="TaskbarJumpList::ListView" destPart="7"/>
		<properties sourceClass="StartMenuKeyBoard::TreeView" sourcePart="0" destClass="StartMenuKeyBoardComposited::TreeView" destPart="0"/>
		<properties sourceClass="StartMenuKeyBoard::TreeView" sourcePart="1" destClass="StartMenuKeyBoardComposited::TreeView" destPart="1"/>
		<properties sourceClass="StartMenuKeyBoard::TreeView" sourcePart="2" destClass="StartMenuKeyBoardComposited::TreeView" destPart="2"/>
		<properties sourceClass="StartMenuKeyBoard::TreeView" sourcePart="3" destClass="StartMenuKeyBoardComposited::TreeView" destPart="3"/>
		<properties sourceClass="StartMenuKeyBoard::TreeView" sourcePart="4" destClass="StartMenuKeyBoardComposited::TreeView" destPart="4"/>
		<properties sourceClass="StartMenuKeyBoard::TreeView" sourcePart="1" sourceState="6" destClass="StartMenuKeyBoardComposited::TreeView" destPart="1" destState="6"/>
		<properties sourceClass="StartMenuKeyBoard::TreeView" sourcePart="1" sourceState="1" destClass="StartMenuKeyBoardComposited::TreeView" destPart="1" destState="1"/>
		<properties sourceClass="StartMenuKeyBoard::TreeView" sourcePart="1" sourceState="2" destClass="StartMenuKeyBoardComposited::TreeView" destPart="1" destState="2"/>
		<properties sourceClass="StartMenuKeyBoard::TreeView" sourcePart="1" sourceState="3" destClass="StartMenuKeyBoardComposited::TreeView" destPart="1" destState="3"/>
		<properties sourceClass="StartMenuKeyBoard::TreeView" sourcePart="1" sourceState="4" destClass="StartMenuKeyBoardComposited::TreeView" destPart="1" destState="4"/>
		<properties sourceClass="StartMenuKeyBoard::TreeView" sourcePart="1" sourceState="5" destClass="StartMenuKeyBoardComposited::TreeView" destPart="1" destState="5"/>
		<properties sourceClass="StartMenuKeyBoard::TreeView" sourcePart="1" sourceState="6" destClass="StartMenuKeyBoardComposited::TreeView" destPart="1" destState="6"/>
		<properties sourceClass="StartMenuHover::TreeView" sourcePart="0" destClass="StartMenuHoverComposited::TreeView" destPart="0"/>
		<properties sourceClass="StartMenuHover::TreeView" sourcePart="1" destClass="StartMenuHoverComposited::TreeView" destPart="1"/>
		<properties sourceClass="StartMenuHover::TreeView" sourcePart="2" destClass="StartMenuHoverComposited::TreeView" destPart="2"/>
		<properties sourceClass="StartMenuHover::TreeView" sourcePart="3" destClass="StartMenuHoverComposited::TreeView" destPart="3"/>
		<properties sourceClass="StartMenuHover::TreeView" sourcePart="4" destClass="StartMenuHoverComposited::TreeView" destPart="4"/>
		<properties sourceClass="StartMenuHover::TreeView" sourcePart="1" sourceState="1" destClass="StartMenuHoverComposited::TreeView" destPart="1" destState="1"/>
		<properties sourceClass="StartMenuHover::TreeView" sourcePart="1" sourceState="2" destClass="StartMenuHoverComposited::TreeView" destPart="1" destState="2"/>
		<properties sourceClass="StartMenuHover::TreeView" sourcePart="1" sourceState="3" destClass="StartMenuHoverComposited::TreeView" destPart="1" destState="3"/>
		<properties sourceClass="StartMenuHover::TreeView" sourcePart="1" sourceState="4" destClass="StartMenuHoverComposited::TreeView" destPart="1" destState="4"/>
		<properties sourceClass="StartMenuHover::TreeView" sourcePart="1" sourceState="5" destClass="StartMenuHoverComposited::TreeView" destPart="1" destState="5"/>
	</copy>
	<remove>
		<class class="StartPanel"/>
		<class class="SIB_StartPanelComposited::StartPanelPriv"/>
		<class class="StartPanelPriv"/>
		<class class="Taskband"/>
		<property class="DWMWindow" part="0" state="0" name="BGTYPE:ENUM"/>
		<property class="DWMWindow" part="0" state="0" name="COLOR:COLOR"/>
		<property class="DWMWindow" part="0" state="0" name="FILLCOLOR:COLOR"/>
		<property class="DWMWindow" part="0" state="0" name="TEXTCOLOR:COLOR"/>
		<property class="DWMWindow" part="0" state="0" name="ATLASRECT:RECT"/>
		<property class="DWMWindow" part="0" state="0" name="CONTENTMARGINS:MARGINS"/>
		<property class="DWMWindow" part="0" state="0" name="SIZINGMARGINS:MARGINS"/>
		<property class="DWMWindow" part="0" state="0" name="IMAGECOUNT:INT"/>
		<property class="DWMWindow" part="33" state="3" name="OPACITY:INT"/>
		<property class="DWMWindow" part="33" state="4" name="OPACITY:INT"/>
		<property class="DWMWindow" part="62" state="1" name="OPACITY:INT"/>
		<property class="DWMWindow" part="62" state="2" name="OPACITY:INT"/>
		<property class="DWMWindow" part="62" state="3" name="OPACITY:INT"/>
		<property class="DWMWindow" part="62" state="4" name="OPACITY:INT"/>
		<property class="DWMWindow" part="46" state="0" name="CAPTIONMARGINS:MARGINS"/>
	</remove>
	<add>
		<property class="StartPanel" part="0" state="0" name="BGTYPE:ENUM" value="NONE"/>
		<property class="StartPanelPriv" part="0" state="0" name="BGTYPE:ENUM" value="NONE"/>
		<property class="Taskband" part="0" state="0" name="BGTYPE:ENUM" value="NONE"/>
		<property class="TrayNotifyFlyout" part="3" state="0" name="CONTENTMARGINS:MARGINS" value="12, 12, 12, 12"/>
		<property class="TrayNotifyFlyout" part="3" state="0" name="WIDTH:INT" value="16"/>
		<property class="TrayNotifyFlyout" part="3" state="0" name="HEIGHT:INT" value="16"/>
	</add>
</stylescript>