<stylescript>
	<add>
		<property class="TrayNotifyHoriz::TrayNotify" part="1" state="0" name="CONTENTMARGINS:MARGINS" value="0, 1, 0, 0"/>
		<property class="TrayNotifyHoriz::TrayNotify" part="0" state="0" name="TEXTGLOWSIZE:INT" value="0"/>
		<property class="TrayNotifyHoriz::TrayNotify" part="0" state="0" name="COMPOSITED:BOOL" value="true"/>
		<property class="TrayNotifyVert::TrayNotify" part="1" state="0" name="CONTENTMARGINS:MARGINS" value="6, 5, 0, 1"/>
		<property class="TrayNotifyVert::TrayNotify" part="0" state="0" name="TEXTGLOWSIZE:INT" value="0"/>
		<property class="TrayNotifyVert::TrayNotify" part="0" state="0" name="COMPOSITED:BOOL" value="true"/>
		<property class="TrayNotify::Clock" part="0" state="0" name="BGTYPE:ENUM" value="IMAGEFILE"/>
		<property class="TrayNotify::Clock" part="0" state="0" name="TEXTGLOWSIZE:INT" value="0"/>
		<property class="TrayNotify::Clock" part="0" state="0" name="SIZINGTYPE:ENUM" value="STRETCH"/>
		<property class="TrayNotify::Clock" part="0" state="0" name="IMAGELAYOUT:ENUM" value="VERTICAL"/>
		<property class="TrayNotify::Clock" part="0" state="0" name="SIZINGMARGINS:MARGINS" value="0, 0, 0, 0"/>
		<property class="TrayNotify::Clock" part="0" state="0" name="CONTENTMARGINS:MARGINS" value="5, 4, 0, 0"/>
		<property class="TrayNotify::Clock" part="0" state="0" name="IMAGEFILE:FILENAME" value="Win10\TrayNotify__Clock_TimeImage.png"/>
		<property class="TrayNotify::Toolbar" part="1" state="0" name="BGTYPE:ENUM" value="IMAGEFILE"/>
		<property class="TrayNotify::Toolbar" part="1" state="0" name="SIZINGTYPE:ENUM" value="STRETCH"/>
		<property class="TrayNotify::Toolbar" part="1" state="0" name="IMAGELAYOUT:ENUM" value="VERTICAL"/>
		<property class="TrayNotify::Toolbar" part="1" state="0" name="SIZINGMARGINS:MARGINS" value="0, 0, 0, 0"/>
		<property class="TrayNotify::Toolbar" part="1" state="0" name="IMAGEFILE:FILENAME" value="Win10\TrayNotify__Clock_TimeImage.png"/>
		<property class="TrayNotifyFlyout" part="3" state="0" name="CONTENTMARGINS:MARGINS" value="1, 1, 1, 1"/>
		<property class="TrayNotifyFlyout" part="4" state="0" name="CONTENTMARGINS:MARGINS" value="12, 12, 12, 12"/>
		<property class="TrayNotifyFlyout" part="4" state="0" name="WIDTH:INT" value="16"/>
		<property class="TrayNotifyFlyout" part="4" state="0" name="HEIGHT:INT" value="16"/>
	</add>
</stylescript>