<stylescript>
	<remove>
	<!--Classes Removed in 10-->
		<class class="TaskbandExtendedUI"/>
	</remove>
	<add>
		<!--TaskbandExtendedUI-->
		<property class="TaskbandExtendedUI" part="0" state="0" name="COMPOSITED:BOOL" value="true"/>
		<property class="TaskbandExtendedUI" part="0" state="0" name="TEXTCOLOR:COLOR" value="FFFFFF"/>
		<property class="TaskbandExtendedUI" part="1" state="0" name="BGTYPE:ENUM" value="BORDERFILL"/>
		<property class="TaskbandExtendedUI" part="1" state="0" name="CONTENTMARGINS:MARGINS" value="8, 8, 8, 8"/>
		<property class="TaskbandExtendedUI" part="2" state="0" name="BGTYPE:ENUM" value="IMAGEFILE"/>
		<property class="TaskbandExtendedUI" part="2" state="0" name="SIZINGTYPE:ENUM" value="STRETCH"/>
		<property class="TaskbandExtendedUI" part="2" state="0" name="IMAGELAYOUT:ENUM" value="VERTICAL"/>
		<property class="TaskbandExtendedUI" part="2" state="0" name="IMAGECOUNT:INT" value="4"/>
		<property class="TaskbandExtendedUI" part="2" state="0" name="TRANSPARENT:BOOL" value="true"/>
		<property class="TaskbandExtendedUI" part="2" state="0" name="CONTENTMARGINS:MARGINS" value="0, 0, 0, 0"/>
		<property class="TaskbandExtendedUI" part="2" state="0" name="IMAGEFILE:FILENAME" value="Win10\TaskbandExtendedUI_ListItemImage.png"/>
		<property class="TaskbandExtendedUI" part="3" state="0" name="TEXTCOLOR:COLOR" value="FFFFFF"/>
		<property class="TaskbandExtendedUI" part="6" state="0" name="BGTYPE:ENUM" value="IMAGEFILE"/>
		<property class="TaskbandExtendedUI" part="6" state="0" name="SIZINGTYPE:ENUM" value="STRETCH"/>
		<property class="TaskbandExtendedUI" part="6" state="0" name="IMAGELAYOUT:ENUM" value="VERTICAL"/>
		<property class="TaskbandExtendedUI" part="6" state="0" name="IMAGECOUNT:INT" value="4"/>
		<property class="TaskbandExtendedUI" part="6" state="0" name="TRANSPARENT:BOOL" value="true"/>
		<property class="TaskbandExtendedUI" part="6" state="0" name="SIZINGMARGINS:MARGINS" value="12, 11, 12, 11"/>
		<property class="TaskbandExtendedUI" part="6" state="0" name="CONTENTMARGINS:MARGINS" value="0, 0, 0, 0"/>
		<property class="TaskbandExtendedUI" part="6" state="0" name="IMAGEFILE:FILENAME" value="Win10\TaskbandExtendedUI_LoneControlImage.png"/>
		<property class="TaskbandExtendedUI" part="7" state="0" name="BGTYPE:ENUM" value="IMAGEFILE"/>
		<property class="TaskbandExtendedUI" part="7" state="0" name="SIZINGTYPE:ENUM" value="STRETCH"/>
		<property class="TaskbandExtendedUI" part="7" state="0" name="IMAGELAYOUT:ENUM" value="VERTICAL"/>
		<property class="TaskbandExtendedUI" part="7" state="0" name="IMAGECOUNT:INT" value="4"/>
		<property class="TaskbandExtendedUI" part="7" state="0" name="TRANSPARENT:BOOL" value="true"/>
		<property class="TaskbandExtendedUI" part="7" state="0" name="SIZINGMARGINS:MARGINS" value="12, 11, 12, 11"/>
		<property class="TaskbandExtendedUI" part="7" state="0" name="CONTENTMARGINS:MARGINS" value="2, 0, 0, 0"/>
		<property class="TaskbandExtendedUI" part="7" state="0" name="IMAGEFILE:FILENAME" value="Win10\TaskbandExtendedUI_LeftControlImage.png"/>
		<property class="TaskbandExtendedUI" part="8" state="0" name="BGTYPE:ENUM" value="IMAGEFILE"/>
		<property class="TaskbandExtendedUI" part="8" state="0" name="SIZINGTYPE:ENUM" value="STRETCH"/>
		<property class="TaskbandExtendedUI" part="8" state="0" name="IMAGELAYOUT:ENUM" value="VERTICAL"/>
		<property class="TaskbandExtendedUI" part="8" state="0" name="IMAGECOUNT:INT" value="4"/>
		<property class="TaskbandExtendedUI" part="8" state="0" name="TRANSPARENT:BOOL" value="true"/>
		<property class="TaskbandExtendedUI" part="8" state="0" name="SIZINGMARGINS:MARGINS" value="12, 11, 12, 11"/>
		<property class="TaskbandExtendedUI" part="8" state="0" name="CONTENTMARGINS:MARGINS" value="1, 0, 0, 0"/>
		<property class="TaskbandExtendedUI" part="8" state="0" name="IMAGEFILE:FILENAME" value="Win10\TaskbandExtendedUI_CenterControlImage.png"/>
		<property class="TaskbandExtendedUI" part="9" state="0" name="BGTYPE:ENUM" value="IMAGEFILE"/>
		<property class="TaskbandExtendedUI" part="9" state="0" name="SIZINGTYPE:ENUM" value="STRETCH"/>
		<property class="TaskbandExtendedUI" part="9" state="0" name="IMAGELAYOUT:ENUM" value="VERTICAL"/>
		<property class="TaskbandExtendedUI" part="9" state="0" name="IMAGECOUNT:INT" value="4"/>
		<property class="TaskbandExtendedUI" part="9" state="0" name="TRANSPARENT:BOOL" value="true"/>
		<property class="TaskbandExtendedUI" part="9" state="0" name="SIZINGMARGINS:MARGINS" value="12, 11, 12, 11"/>
		<property class="TaskbandExtendedUI" part="9" state="0" name="CONTENTMARGINS:MARGINS" value="0, 0, 0, 0"/>
		<property class="TaskbandExtendedUI" part="9" state="0" name="IMAGEFILE:FILENAME" value="Win10\TaskbandExtendedUI_RightControlImage.png"/>
		<property class="TaskbandExtendedUI" part="10" state="0" name="BGTYPE:ENUM" value="IMAGEFILE"/>
		<property class="TaskbandExtendedUI" part="10" state="0" name="SIZINGTYPE:ENUM" value="STRETCH"/>
		<property class="TaskbandExtendedUI" part="10" state="0" name="IMAGELAYOUT:ENUM" value="VERTICAL"/>
		<property class="TaskbandExtendedUI" part="10" state="0" name="GLYPHTYPE:ENUM" value="IMAGEGLYPH"/>
		<property class="TaskbandExtendedUI" part="10" state="0" name="IMAGESELECTTYPE:ENUM" value="DPI"/>
		<property class="TaskbandExtendedUI" part="10" state="0" name="IMAGECOUNT:INT" value="2"/>
		<property class="TaskbandExtendedUI" part="10" state="0" name="TRANSPARENT:BOOL" value="true"/>
		<property class="TaskbandExtendedUI" part="10" state="0" name="GLYPHTRANSPARENT:BOOL" value="true"/>
		<property class="TaskbandExtendedUI" part="10" state="0" name="CONTENTMARGINS:MARGINS" value="0, 0, 0, 0"/>
		<property class="TaskbandExtendedUI" part="10" state="0" name="IMAGEFILE:FILENAME" value="Win10\TaskbandExtendedUI_CloseCaptionImage.png"/>
		<property class="TaskbandExtendedUI" part="10" state="0" name="WIDTH:INT" value="32"/>
		<property class="TaskbandExtendedUI" part="10" state="0" name="HEIGHT:INT" value="32"/>
		<property class="TaskbandExtendedUI" part="11" state="0" name="BGTYPE:ENUM" value="IMAGEFILE"/>
		<property class="TaskbandExtendedUI" part="11" state="0" name="SIZINGTYPE:ENUM" value="TRUESIZE"/>
		<property class="TaskbandExtendedUI" part="11" state="0" name="IMAGELAYOUT:ENUM" value="VERTICAL"/>
		<property class="TaskbandExtendedUI" part="11" state="0" name="IMAGECOUNT:INT" value="24"/>
		<property class="TaskbandExtendedUI" part="11" state="0" name="FILLCOLORHINT:COLOR" value="77775C"/>
		<property class="TaskbandExtendedUI" part="11" state="0" name="CONTENTMARGINS:MARGINS" value="0, 0, 0, 0"/>
		<property class="TaskbandExtendedUI" part="11" state="0" name="IMAGEFILE:FILENAME" value="Win10\TaskbandExtendedUI_ScrollBarImage.png"/>
		<property class="TaskbandExtendedUI" part="12" state="0" name="BGTYPE:ENUM" value="IMAGEFILE"/>
		<property class="TaskbandExtendedUI" part="12" state="0" name="SIZINGTYPE:ENUM" value="STRETCH"/>
		<property class="TaskbandExtendedUI" part="12" state="0" name="IMAGELAYOUT:ENUM" value="VERTICAL"/>
		<property class="TaskbandExtendedUI" part="12" state="0" name="IMAGECOUNT:INT" value="2"/>
		<property class="TaskbandExtendedUI" part="12" state="0" name="TRANSPARENT:BOOL" value="true"/>
		<property class="TaskbandExtendedUI" part="12" state="0" name="SIZINGMARGINS:MARGINS" value="38, 38, 0, 0"/>
		<property class="TaskbandExtendedUI" part="12" state="0" name="CONTENTMARGINS:MARGINS" value="1, 0, 0, 0"/>
		<property class="TaskbandExtendedUI" part="12" state="0" name="IMAGEFILE:FILENAME" value="Win10\TaskbandExtendedUI_Shadow TopImage.png"/>
		<property class="TaskbandExtendedUI" part="13" state="0" name="BGTYPE:ENUM" value="IMAGEFILE"/>
		<property class="TaskbandExtendedUI" part="13" state="0" name="SIZINGTYPE:ENUM" value="STRETCH"/>
		<property class="TaskbandExtendedUI" part="13" state="0" name="IMAGELAYOUT:ENUM" value="VERTICAL"/>
		<property class="TaskbandExtendedUI" part="13" state="0" name="IMAGECOUNT:INT" value="2"/>
		<property class="TaskbandExtendedUI" part="13" state="0" name="TRANSPARENT:BOOL" value="true"/>
		<property class="TaskbandExtendedUI" part="13" state="0" name="SIZINGMARGINS:MARGINS" value="0, 0, 13, 13"/>
		<property class="TaskbandExtendedUI" part="13" state="0" name="IMAGEFILE:FILENAME" value="Win10\TaskbandExtendedUI_Shadow LeftImage.png"/>
		<property class="TaskbandExtendedUI" part="14" state="0" name="BGTYPE:ENUM" value="IMAGEFILE"/>
		<property class="TaskbandExtendedUI" part="14" state="0" name="SIZINGTYPE:ENUM" value="STRETCH"/>
		<property class="TaskbandExtendedUI" part="14" state="0" name="IMAGELAYOUT:ENUM" value="VERTICAL"/>
		<property class="TaskbandExtendedUI" part="14" state="0" name="IMAGECOUNT:INT" value="2"/>
		<property class="TaskbandExtendedUI" part="14" state="0" name="TRANSPARENT:BOOL" value="true"/>
		<property class="TaskbandExtendedUI" part="14" state="0" name="SIZINGMARGINS:MARGINS" value="0, 0, 13, 13"/>
		<property class="TaskbandExtendedUI" part="14" state="0" name="IMAGEFILE:FILENAME" value="Win10\TaskbandExtendedUI_Shadow RightImage.png"/>
		<property class="TaskbandExtendedUI" part="15" state="0" name="BGTYPE:ENUM" value="IMAGEFILE"/>
		<property class="TaskbandExtendedUI" part="15" state="0" name="SIZINGTYPE:ENUM" value="STRETCH"/>
		<property class="TaskbandExtendedUI" part="15" state="0" name="IMAGELAYOUT:ENUM" value="VERTICAL"/>
		<property class="TaskbandExtendedUI" part="15" state="0" name="IMAGECOUNT:INT" value="2"/>
		<property class="TaskbandExtendedUI" part="15" state="0" name="TRANSPARENT:BOOL" value="true"/>
		<property class="TaskbandExtendedUI" part="15" state="0" name="SIZINGMARGINS:MARGINS" value="38, 38, 0, 0"/>
		<property class="TaskbandExtendedUI" part="15" state="0" name="IMAGEFILE:FILENAME" value="Win10\TaskbandExtendedUI_Shadow BottomImage.png"/>
		<property class="TaskbandExtendedUI" part="16" state="0" name="BGTYPE:ENUM" value="BORDERFILL"/>
		<property class="TaskbandExtendedUI" part="16" state="0" name="ALPHALEVEL:INT" value="51"/>
		<property class="TaskbandExtendedUI" part="16" state="0" name="FILLCOLOR:COLOR" value="CCCCCC"/>
	</add>
	<copy>
		<property sourceClass="AeroWizardStyle" sourcePart="3" sourceState="0" name="FONT:FONT" destClass="TaskbandExtendedUI" destPart="0" destState="0"/>
	</copy>
</stylescript>