<!--
	Author:	Mr GRiM
-->
<stylescript>
	<remove>
		<property class="DWMWindow" part="0" state="0" name="BGTYPE:ENUM"/>
		<property class="DWMWindow" part="0" state="0" name="COLOR:COLOR"/>
		<property class="DWMWindow" part="0" state="0" name="FILLCOLOR:COLOR"/>
		<property class="DWMWindow" part="0" state="0" name="TEXTCOLOR:COLOR"/>
		<property class="DWMWindow" part="0" state="0" name="ATLASRECT:RECT"/>
		<property class="DWMWindow" part="0" state="0" name="CONTENTMARGINS:MARGINS"/>
		<!--property class="DWMWindow" part="0" state="0" name="SIZINGMARGINS:MARGINS"/-->
		<property class="DWMWindow" part="0" state="0" name="IMAGECOUNT:INT"/>
	</remove>
</stylescript>