<!--
	Author:	Mr GRiM
-->
<stylescript>
	<copy>
		<properties sourceClass="Menu" sourcePart="14" sourceState="0" destClass="ImmersiveStart::Menu" destPart="14" destState="0"/>
		<properties sourceClass="Menu" sourcePart="14" sourceState="1" destClass="ImmersiveStart::Menu" destPart="14" destState="1"/>
		<properties sourceClass="Menu" sourcePart="14" sourceState="2" destClass="ImmersiveStart::Menu" destPart="14" destState="2"/>
		<properties sourceClass="Menu" sourcePart="14" sourceState="3" destClass="ImmersiveStart::Menu" destPart="14" destState="3"/>
		<properties sourceClass="Menu" sourcePart="14" sourceState="4" destClass="ImmersiveStart::Menu" destPart="14" destState="4"/>
		<properties sourceClass="Menu" sourcePart="15" sourceState="0" destClass="ImmersiveStart::Menu" destPart="15" destState="0"/>
		<properties sourceClass="Menu" sourcePart="14" sourceState="0" destClass="ImmersiveStartDark::Menu" destPart="14" destState="0"/>
		<properties sourceClass="Menu" sourcePart="14" sourceState="1" destClass="ImmersiveStartDark::Menu" destPart="14" destState="1"/>
		<properties sourceClass="Menu" sourcePart="14" sourceState="2" destClass="ImmersiveStartDark::Menu" destPart="14" destState="2"/>
		<properties sourceClass="Menu" sourcePart="14" sourceState="3" destClass="ImmersiveStartDark::Menu" destPart="14" destState="3"/>
		<properties sourceClass="Menu" sourcePart="14" sourceState="4" destClass="ImmersiveStartDark::Menu" destPart="14" destState="4"/>
		<properties sourceClass="Menu" sourcePart="15" sourceState="0" destClass="ImmersiveStartDark::Menu" destPart="15" destState="0"/>
	</copy>
</stylescript>
</stylescript>