<stylescript>
	<copy>
	<!-- TaskManagaer -->
		<!-- HeatMap -->
		<property sourceClass="ControlPanel" sourcePart="17" sourceState="0" name="FILLCOLOR:COLOR" destClass="TaskManager" destPart="1" destState="0"/>
		<property sourceClass="ControlPanel" sourcePart="17" sourceState="0" name="FILLCOLOR:COLOR" destClass="TaskManager" destPart="2" destState="0"/>
		<property sourceClass="ControlPanel" sourcePart="17" sourceState="0" name="FILLCOLOR:COLOR" destClass="TaskManager" destPart="45" destState="0"/>
		<property sourceClass="ControlPanel" sourcePart="17" sourceState="0" name="FILLCOLOR:COLOR" destClass="TaskManager" destPart="46" destState="0"/>
		<property sourceClass="ListView" sourcePart="0" sourceState="0" name="FILLCOLOR:COLOR" destClass="TaskManager" destPart="3" destState="1"/>
		<property sourceClass="ListView" sourcePart="0" sourceState="0" name="FILLCOLOR:COLOR" destClass="TaskManager" destPart="4" destState="1"/>
		<property sourceClass="ControlPanel" sourcePart="2" sourceState="0" name="FILLCOLOR:COLOR" destClass="TaskManager" destPart="5" destState="1"/>
		<property sourceClass="ToolBar" sourcePart="0" sourceState="0" name="TEXTCOLOR:COLOR" destClass="TaskManager" destPart="13" destState="0"/>
		<!-- CPU HeatMap -->
		<property sourceClass="ToolBar" sourcePart="0" sourceState="0" name="TEXTCOLOR:COLOR" destClass="TaskManager" destPart="13" destState="0"/>
		<!-- Headers -->
		<property sourceClass="ToolBar" sourcePart="0" sourceState="0" name="TEXTCOLOR:COLOR" destClass="TaskManager" destPart="14" destState="0"/>
		<property sourceClass="ToolBar" sourcePart="0" sourceState="0" name="TEXTCOLOR:COLOR" destClass="TaskManager" destPart="15" destState="0"/>
		<property sourceClass="ToolBar" sourcePart="0" sourceState="0" name="TEXTCOLOR:COLOR" destClass="TaskManager" destPart="16" destState="0"/>
		<property sourceClass="ToolBar" sourcePart="0" sourceState="2" name="TEXTCOLOR:COLOR" destClass="TaskManager" destPart="17" destState="0"/>
		<property sourceClass="ToolBar" sourcePart="0" sourceState="3" name="TEXTCOLOR:COLOR" destClass="TaskManager" destPart="18" destState="0"/>
		<property sourceClass="ToolBar" sourcePart="0" sourceState="0" name="TEXTCOLOR:COLOR" destClass="TaskManager" destPart="19" destState="0"/>
		<property sourceClass="ItemsView::Header" sourcePart="1" sourceState="0" name="TEXTCOLOR:COLOR" destClass="TaskManager" destPart="24" destState="1"/>
		<property sourceClass="ToolBar" sourcePart="0" sourceState="3" name="TEXTCOLOR:COLOR" destClass="TaskManager" destPart="24" destState="2"/>
		<property sourceClass="ListView" sourcePart="0" sourceState="0" name="FILLCOLOR:COLOR" destClass="TaskManager" destPart="42" destState="0"/>
		<property sourceClass="ControlPanel" sourcePart="17" sourceState="0" name="FILLCOLOR:COLOR" destClass="TaskManager" destPart="41" destState="0"/>
		<property sourceClass="ToolBar" sourcePart="0" sourceState="0" name="TEXTCOLOR:COLOR" destClass="TaskManager" destPart="44" destState="0"/>
		<!-- Memory Consumption -->
		<property sourceClass="ControlPanel" sourcePart="2" sourceState="0" name="FILLCOLOR:COLOR" destClass="TaskManager" destPart="20" destState="0"/>
		<property sourceClass="ChartView" sourcePart="12" sourceState="0" name="FILLCOLOR:COLOR" destClass="TaskManager" destPart="21" destState="0"/>
		<property sourceClass="ChartView" sourcePart="12" sourceState="0" name="FILLCOLOR:COLOR" destClass="TaskManager" destPart="22" destState="0"/>
		<property sourceClass="ChartView" sourcePart="11" sourceState="0" name="FILLCOLOR:COLOR" destClass="TaskManager" destPart="23" destState="0"/>
	<!-- Performance Charts -->
		<!-- CPU -->
		<property sourceClass="TaskManager" sourcePart="20" sourceState="0" name="ALPHALEVEL:INT" destClass="ChartView" destPart="1" destState="0"/>
		<property sourceClass="ControlPanel" sourcePart="2" sourceState="0" name="FILLCOLOR:COLOR" destClass="ChartView" destPart="1" destState="0"/>
		<property sourceClass="ControlPanel" sourcePart="17" sourceState="0" name="FILLCOLOR:COLOR" destClass="ChartView" destPart="2" destState="0"/>
		<property sourceClass="ControlPanel" sourcePart="17" sourceState="0" name="FILLCOLOR:COLOR" destClass="ChartView" destPart="3" destState="0"/>
		<!-- Memory -->
		<property sourceClass="TaskManager" sourcePart="20" sourceState="0" name="ALPHALEVEL:INT" destClass="ChartView" destPart="8" destState="0"/>
		<property sourceClass="ControlPanel" sourcePart="2" sourceState="0" name="FILLCOLOR:COLOR" destClass="ChartView" destPart="8" destState="0"/>
		<property sourceClass="ControlPanel" sourcePart="17" sourceState="0" name="FILLCOLOR:COLOR" destClass="ChartView" destPart="9" destState="0"/>
		<property sourceClass="ControlPanel" sourcePart="17" sourceState="0" name="FILLCOLOR:COLOR" destClass="ChartView" destPart="10" destState="0"/>
		<!-- Disk -->
		<property sourceClass="TaskManager" sourcePart="20" sourceState="0" name="ALPHALEVEL:INT" destClass="ChartView" destPart="15" destState="0"/>
		<property sourceClass="ControlPanel" sourcePart="2" sourceState="0" name="FILLCOLOR:COLOR" destClass="ChartView" destPart="15" destState="0"/>
		<property sourceClass="ControlPanel" sourcePart="17" sourceState="0" name="FILLCOLOR:COLOR" destClass="ChartView" destPart="16" destState="0"/>
		<property sourceClass="ControlPanel" sourcePart="17" sourceState="0" name="FILLCOLOR:COLOR" destClass="ChartView" destPart="17" destState="0"/>
		<!-- Ethernet -->
		<property sourceClass="TaskManager" sourcePart="20" sourceState="0" name="ALPHALEVEL:INT" destClass="ChartView" destPart="22" destState="0"/>
		<property sourceClass="ControlPanel" sourcePart="2" sourceState="0" name="FILLCOLOR:COLOR" destClass="ChartView" destPart="22" destState="0"/>
		<property sourceClass="ControlPanel" sourcePart="17" sourceState="0" name="FILLCOLOR:COLOR" destClass="ChartView" destPart="23" destState="0"/>
		<property sourceClass="ControlPanel" sourcePart="17" sourceState="0" name="FILLCOLOR:COLOR" destClass="ChartView" destPart="24" destState="0"/>
		<!-- Copy -->
		
	</copy>
</stylescript>