<!--
	Windows 8 to Windows 10 Redstone Import Markup
	Author:	Mr GRiM

	Notes:
	<part /> is for part to part importing.
	<state /> is for state to state importing.

	For state to part or part to state use <state />  
	Part to State Example:
	<state sourceClass="SourceClassName" sourcePart="SourcePartNumber" sourceState="0" class="ClassName" part="PartNumber" state="StateNumber"/>
	State to Part Example:
	<state sourceClass="SourceClassName" sourcePart="SourcePartNumber" sourceState="SourceStateNumber" class="ClassName" part="PartNumber" state="0"/>

	sourceClass is the class name in Windows 7 from which to import.
	sourcePart is the part number in Windows 7 from which to import.
	sourceState is the state number in Windows 7 from which to import.

	class is the class name in Windows 7 where the properties are imported to.
	part is the part number in Windows 7 where the properties are imported to.
	state is the state number in Windows 7 where the properties are imported to.

	canBeEmpty (bool [yes/no]) defines whether or not to skip importing a class/part/state if it has no properties in Windows 7.
	yes: The class/part/state can be empty.
	no: The class/part/state cannot be empty and if it is skip it.
-->
<convert>
	<!-- runstylescript -->
	<runstylescript scriptfile="10 Import Fix.xml"/>
	<!-- Start Menu and taskbar for SiB -->
	<class sourceClass="StartPanelCompositedBottom::StartPanelPriv" class="StartPanelCompositedBottom::StartPanelPriv" method="copy" addIfMissing="true"/>
	<class sourceClass="Taskbar2Composited::TaskBar" class="Taskbar2Composited::TaskBar" method="copy" addIfMissing="true"/>
	<class sourceClass="StartMenuComposited::Link" class="StartMenuComposited::Link" method="copy" addIfMissing="true"/>
	<class sourceClass="StartMenuComposited::EmptyMarkup" class="StartMenuComposited::EmptyMarkup" method="copy" addIfMissing="true"/>
	<class sourceClass="StartMenuComposited::ListView" class="StartMenuComposited::ListView" method="copy" addIfMissing="true"/>
	<class sourceClass="StartMenuCompositedMFU::ListView" class="StartMenuCompositedMFU::ListView" method="copy" addIfMissing="true"/>
	<class sourceClass="StartMenuPlaceListComposited::ListView" class="StartMenuPlaceListComposited::ListView" method="copy" addIfMissing="true"/>
	<class sourceClass="TaskbarJumpList::ListView" class="TaskbarJumpList::ListView" method="copy" addIfMissing="true"/>
	<class sourceClass="StartPanelPriv" class="StartPanelPriv" method="copy" addIfMissing="true"/>	
	<class sourceClass="StartPanelPriv" class="StartPanelComposited::StartPanelPriv" method="copy" addIfMissing="true"/>
	<class sourceClass="StartPanelComposited::StartPanelPriv" class="SIB_StartPanelComposited::StartPanelPriv" method="copy" addIfMissing="true"/>
	<class sourceClass="StartMenuKeyBoard::TreeView" class="StartMenuKeyBoard::TreeView" method="copy" addIfMissing="true"/>
	<class sourceClass="StartMenuKeyBoardComposited::TreeView" class="StartMenuKeyBoardComposited::TreeView" method="copy" addIfMissing="true"/>
	<class sourceClass="StartMenuHover::TreeView" class="StartMenuHover::TreeView" method="copy" addIfMissing="true"/>
	<class sourceClass="StartMenuHoverComposited::TreeView" class="StartMenuHoverComposited::TreeView" method="copy" addIfMissing="true"/>

	<part sourceClass="StartMenuKeyBoardComposited::TreeView" sourcePart="1" sourceState="1" class="StartMenuKeyBoardComposited::TreeView" part="1" state="1"/>
	<part sourceClass="StartMenuKeyBoardComposited::TreeView" sourcePart="1" sourceState="2" class="StartMenuKeyBoardComposited::TreeView" part="1" state="2"/>
	<part sourceClass="StartMenuKeyBoardComposited::TreeView" sourcePart="1" sourceState="3" class="StartMenuKeyBoardComposited::TreeView" part="1" state="3"/>
	<part sourceClass="StartMenuKeyBoardComposited::TreeView" sourcePart="1" sourceState="4" class="StartMenuKeyBoardComposited::TreeView" part="1" state="4"/>
	<part sourceClass="StartMenuKeyBoardComposited::TreeView" sourcePart="1" sourceState="5" class="StartMenuKeyBoardComposited::TreeView" part="1" state="5"/>
	<part sourceClass="StartMenuKeyBoardComposited::TreeView" sourcePart="1" sourceState="6" class="StartMenuKeyBoardComposited::TreeView" part="1" state="6"/>
	<part sourceClass="StartMenuKeyBoard::TreeView" sourcePart="1" sourceState="1" class="StartMenuKeyBoardComposited::TreeView" part="1" state="1"/>
	<part sourceClass="StartMenuKeyBoard::TreeView" sourcePart="1" sourceState="2" class="StartMenuKeyBoardComposited::TreeView" part="1" state="2"/>
	<part sourceClass="StartMenuKeyBoard::TreeView" sourcePart="1" sourceState="3" class="StartMenuKeyBoardComposited::TreeView" part="1" state="3"/>
	<part sourceClass="StartMenuKeyBoard::TreeView" sourcePart="1" sourceState="4" class="StartMenuKeyBoardComposited::TreeView" part="1" state="4"/>
	<part sourceClass="StartMenuKeyBoard::TreeView" sourcePart="1" sourceState="5" class="StartMenuKeyBoardComposited::TreeView" part="1" state="5"/>
	<part sourceClass="StartMenuKeyBoard::TreeView" sourcePart="1" sourceState="6" class="StartMenuKeyBoardComposited::TreeView" part="1" state="6"/>
	<class sourceClass="TaskDialog" class="TaskDialog" method="copy" addIfMissing="true"/>
	<!-- DWM Windows/Controls -->
	<part sourceClass="DWMWindow" sourcePart="0" class="DWMWindow" part="0"/>
	<part sourceClass="DWMWindow" sourcePart="1" class="DWMWindow" part="1"/>
	<part sourceClass="DWMWindow" sourcePart="2" class="DWMWindow" part="2"/>
	<part sourceClass="DWMWindow" sourcePart="3" class="DWMWindow" part="3"/>
	<part sourceClass="DWMWindow" sourcePart="4" class="DWMWindow" part="4"/>
	<part sourceClass="DWMWindow" sourcePart="5" class="DWMWindow" part="5"/>
	<part sourceClass="DWMWindow" sourcePart="6" class="DWMWindow" part="6"/>
	<part sourceClass="DWMWindow" sourcePart="7" class="DWMWindow" part="7"/>
	<part sourceClass="DWMWindow" sourcePart="8" class="DWMWindow" part="8"/>
	<part sourceClass="DWMWindow" sourcePart="9" class="DWMWindow" part="9"/>
	<part sourceClass="DWMWindow" sourcePart="10" class="DWMWindow" part="10"/>
	<part sourceClass="DWMWindow" sourcePart="12" class="DWMWindow" part="11"/>
	<part sourceClass="DWMWindow" sourcePart="13" class="DWMWindow" part="12"/>
	<part sourceClass="DWMWindow" sourcePart="14" class="DWMWindow" part="13"/>
	<part sourceClass="DWMWindow" sourcePart="15" class="DWMWindow" part="14"/>
	<part sourceClass="DWMWindow" sourcePart="16" class="DWMWindow" part="15"/>
	<part sourceClass="DWMWindow" sourcePart="17" class="DWMWindow" part="16"/>
	<part sourceClass="DWMWindow" sourcePart="18" class="DWMWindow" part="17"/>
	<part sourceClass="DWMWindow" sourcePart="19" class="DWMWindow" part="18"/>
	<part sourceClass="DWMWindow" sourcePart="20" class="DWMWindow" part="19"/>
	<part sourceClass="DWMWindow" sourcePart="21" class="DWMWindow" part="20"/>
	<part sourceClass="DWMWindow" sourcePart="22" class="DWMWindow" part="21"/>
	<part sourceClass="DWMWindow" sourcePart="23" class="DWMWindow" part="22"/>
	<part sourceClass="DWMWindow" sourcePart="24" class="DWMWindow" part="23"/>
	<part sourceClass="DWMWindow" sourcePart="25" class="DWMWindow" part="24"/>
	<part sourceClass="DWMWindow" sourcePart="26" class="DWMWindow" part="25"/>
	<part sourceClass="DWMWindow" sourcePart="27" class="DWMWindow" part="26"/>
	<part sourceClass="DWMWindow" sourcePart="28" class="DWMWindow" part="27"/>
	<part sourceClass="DWMWindow" sourcePart="29" class="DWMWindow" part="28"/>
	<part sourceClass="DWMWindow" sourcePart="30" class="DWMWindow" part="29"/>
	<part sourceClass="DWMWindow" sourcePart="31" class="DWMWindow" part="30"/>
	<part sourceClass="DWMWindow" sourcePart="32" class="DWMWindow" part="31"/>
	<part sourceClass="DWMWindow" sourcePart="33" class="DWMWindow" part="32"/>
	<part sourceClass="DWMWindow" sourcePart="34" class="DWMWindow" part="33"/>
	<part sourceClass="DWMWindow" sourcePart="35" class="DWMWindow" part="34"/>
	<part sourceClass="DWMWindow" sourcePart="36" class="DWMWindow" part="35"/>
	<part sourceClass="DWMWindow" sourcePart="37" class="DWMWindow" part="36"/>
	<part sourceClass="DWMWindow" sourcePart="38" class="DWMWindow" part="37"/>
	<part sourceClass="DWMWindow" sourcePart="39" class="DWMWindow" part="38"/>
	<part sourceClass="DWMWindow" sourcePart="40" class="DWMWindow" part="39"/>
	<part sourceClass="DWMWindow" sourcePart="41" class="DWMWindow" part="40"/>
	<part sourceClass="DWMWindow" sourcePart="42" class="DWMWindow" part="41"/>
	<part sourceClass="DWMWindow" sourcePart="43" class="DWMWindow" part="42"/>
	<part sourceClass="DWMWindow" sourcePart="44" class="DWMWindow" part="43"/>
	<part sourceClass="DWMWindow" sourcePart="45" class="DWMWindow" part="44"/>
	<part sourceClass="DWMWindow" sourcePart="46" class="DWMWindow" part="45"/>
	<part sourceClass="DWMWindow" sourcePart="47" class="DWMWindow" part="46"/>
	<part sourceClass="DWMWindow" sourcePart="48" class="DWMWindow" part="47"/>
	<part sourceClass="DWMWindow" sourcePart="49" class="DWMWindow" part="48"/>
	<part sourceClass="DWMWindow" sourcePart="50" class="DWMWindow" part="49"/>
	<part sourceClass="DWMWindow" sourcePart="51" class="DWMWindow" part="50"/>
	<part sourceClass="DWMWindow" sourcePart="52" class="DWMWindow" part="51"/>
	<part sourceClass="DWMWindow" sourcePart="53" class="DWMWindow" part="52"/>
	<part sourceClass="DWMWindow" sourcePart="54" class="DWMWindow" part="53"/>
	<part sourceClass="DWMWindow" sourcePart="55" class="DWMWindow" part="54"/>
	<part sourceClass="DWMWindow" sourcePart="56" class="DWMWindow" part="55"/>
	<part sourceClass="DWMWindow" sourcePart="57" class="DWMWindow" part="56"/>
	<part sourceClass="DWMWindow" sourcePart="58" class="DWMWindow" part="57"/>
	<part sourceClass="DWMWindow" sourcePart="59" class="DWMWindow" part="58"/>
	<part sourceClass="DWMWindow" sourcePart="60" class="DWMWindow" part="59"/>
	<part sourceClass="DWMWindow" sourcePart="61" class="DWMWindow" part="60"/>
	<part sourceClass="DWMWindow" sourcePart="62" class="DWMWindow" part="61"/>
	<part sourceClass="DWMWindow" sourcePart="63" class="DWMWindow" part="62"/>
	<part sourceClass="DWMWindow" sourcePart="64" class="DWMWindow" part="63"/>
	<!-- DWM Windows 10 Controls -->
	<part sourceClass="DWMWindow" sourcePart="12" class="DWMWindow" part="64"/>
	<part sourceClass="DWMWindow" sourcePart="13" class="DWMWindow" part="65"/>
	<part sourceClass="DWMWindow" sourcePart="14" class="DWMWindow" part="66"/>
	<part sourceClass="DWMWindow" sourcePart="15" class="DWMWindow" part="67"/>
	<part sourceClass="DWMWindow" sourcePart="16" class="DWMWindow" part="68"/>
	<part sourceClass="DWMWindow" sourcePart="17" class="DWMWindow" part="69"/>
	<part sourceClass="DWMWindow" sourcePart="18" class="DWMWindow" part="70"/>
	<part sourceClass="DWMWindow" sourcePart="19" class="DWMWindow" part="71"/>
	<part sourceClass="DWMWindow" sourcePart="20" class="DWMWindow" part="72"/>
	<part sourceClass="DWMWindow" sourcePart="21" class="DWMWindow" part="73"/>
	<part sourceClass="DWMWindow" sourcePart="22" class="DWMWindow" part="74"/>
	<part sourceClass="DWMWindow" sourcePart="23" class="DWMWindow" part="75"/>
	<part sourceClass="DWMWindow" sourcePart="24" class="DWMWindow" part="76"/>
	<part sourceClass="DWMWindow" sourcePart="25" class="DWMWindow" part="77"/>
	<part sourceClass="DWMWindow" sourcePart="26" class="DWMWindow" part="78"/>
	<part sourceClass="DWMWindow" sourcePart="27" class="DWMWindow" part="79"/>
	<part sourceClass="DWMWindow" sourcePart="28" class="DWMWindow" part="80"/>
	<part sourceClass="DWMWindow" sourcePart="29" class="DWMWindow" part="81"/>
	<part sourceClass="DWMWindow" sourcePart="30" class="DWMWindow" part="82"/>
	<part sourceClass="DWMWindow" sourcePart="31" class="DWMWindow" part="83"/>
	<part sourceClass="DWMWindow" sourcePart="39" class="DWMWindow" part="84"/>
	<part sourceClass="DWMWindow" sourcePart="40" class="DWMWindow" part="85"/>
	<part sourceClass="DWMWindow" sourcePart="41" class="DWMWindow" part="86"/>
	<part sourceClass="DWMWindow" sourcePart="42" class="DWMWindow" part="87"/>
	<part sourceClass="DWMWindow" sourcePart="3" class="DWMWindow" part="88"/>
	<part sourceClass="DWMWindow" sourcePart="4" class="DWMWindow" part="89"/>
	<part sourceClass="DWMWindow" sourcePart="5" class="DWMWindow" part="90"/>
	<part sourceClass="DWMWindow" sourcePart="6" class="DWMWindow" part="91"/>
	<!-- runstylescript -->
	<runstylescript scriptfile="10 Import Fix 2.xml"/>
</convert>