<!--
	Author:	UK.Intel (T.Springham) & Panda X
	
	Version:	1.7.2			Revised: January 21st, 2013
	Base:		1.0.0			Revised: February 25th, 2011
	
	Created:	June 9th, 2008

	This file is used to put classes into groups:
		For example, we could group all StartMenu related items under the
		Group StartMenu. We could even add a subgroup for the StartMenuButton under this group.

		The class-node name attribute is used to match classes:
			*			matches every class
			str*			matches everything that begins with str
			*str			matches everything that ends with str
			str			matches classes that are named str
			str1*str2		matches anything that begins with str1 and ends with str2

			A class can have a displayName that overrides its real name for display,
			with the following patterns:
			
			{1}			will be replaced by the first match
			{2}			will be replaced by the second match
			{match}		will be replaced by the * part that matched in the classname
			{name}		will be replaced by the whole display name
			{id}			will be replaced by the id of the class
			{prettyname}	will be replaced by a prettier name for the class (based on inheritance)

			Examples:
			<class name='Start*::Button' displayName='Button{match}' />
			<class name='StartMenu::*' displayName='StartMenu {name}' />
-->
<groups>
	<group display="yes" name="主题信息">
		<classes>
			<class displayName="主题信息(Documentation)" name="documentation"/>
		</classes>
		<groups>
			<group name="变量(Variant)">
				<classes>
					<class displayName="颜色: 正常" name="colorvariant.NormalColor"/>
					<class displayName="大小: 正常" name="sizevariant.NormalSize"/>
					<class displayName="大小: 默认" name="sizevariant.Default"/>
				</classes>
			</group>
		</groups>
	</group>
	<group display="yes" name="字体，颜色 &amp; 系统变量(Fonts, Colors, &amp; System Metrics)">
		<classes>
			<class displayName="颜色 (全局)(Colors (Globals))" name="globals"/>
			<class displayName="字体&amp;系统变量(Fonts &amp; System Metrics)" name="sysmetrics"/>
		</classes>
	</group>
	<group display="yes" name="样式(Styles)">
		<classes>

<class name="AeroWizardStyle" displayName="透明向导样式(AeroWizardStyle)"/>
			<class name="ButtonStyle" displayName="按钮样式(ButtonStyle)"/>
			<class name="ComboBoxStyle" displayName="组合框样式(ComboBoxStyle)"/>
			<class name="ControlPanelStyle" displayName="控制面板样式(ControlPanelStyle)"/>
			<class name="DatePickerStyle" displayName="日期时间样式(DatePickerStyle)"/>
			<class name="DragDropStyle" displayName="拖放样式(DragDropStyle)"/>
			<class name="EditStyle" displayName="编辑样式(EditStyle)"/>
			<class name="ExplorerBarStyle" displayName="文件资源管理器条样式(ExplorerBarStyle)"/>
			<class name="FlyoutStyle" displayName="弹出样式(FlyoutStyle)"/>
			<class name="HeaderStyle" displayName="标题样式(HeaderStyle)"/>
			<class name="ListBoxStyle" displayName="搜索框样式(ListBoxStyle)"/>
			<class name="ListViewStyle" displayName="列表视图样式(ListViewStyle)"/>
			<class name="MenuStyle" displayName="菜单样式(MenuStyle)"/>
			<class name="ProgressStyle" displayName="进度条样式(ProgressStyle)"/>
			<class name="ReBarStyle" displayName="固定条样式(ReBarStyle)"/>
			<class name="MediaStyle" displayName="媒体样式(MediaStyle)"/>
			<class name="CommunicationsStyle" displayName="命令条样式(CommunicationsStyle)"/>
			<class name="ScrollBarStyle" displayName="滚动条样式(ScrollBarStyle)"/>
			<class name="SpinStyle" displayName="旋转样式(SpinStyle)"/>
			<class name="StatusStyle" displayName="状态样式(StatusStyle)"/>
			<class name="TabStyle" displayName="标签样式(TabStyle)"/>
			<class name="TaskDialogStyle" displayName="任务提示框样式(TaskDialogStyle)"/>
			<class name="TextStyle" displayName="文本样式(TextStyle)"/>
			<class name="ToolBarStyle" displayName="工具条样式(ToolBarStyle)"/>
			<class name="TooltipStyle" displayName="工具提示样式(TooltipStyle)"/>
			<class name="TrackBarStyle" displayName="跟踪条样式(TrackBarStyle)"/>
			<class name="TreeViewStyle" displayName="树形列表样式(TreeViewStyle)"/>
			<class name="WindowStyle" displayName="窗体样式(WindowStyle)"/>
			<class name="*Style"/>

		 <class displayName="{name}" name="*Style"/>
		</classes>
	</group>
	<group display="yes" name="开始菜单(Start Menu)">
		<groups>
			<group name="菜单(Menus)">
				<groups>
					<group name="透明(Aero)">
						<!--<classes>
							<class displayName="{match}" name="StartMenuComposited::*"/>
							<class displayName="{1}:{2}" name="StartMenu*Composited::*"/>
							<class displayName="StartMenuCompositedMFU::ListView" name="StartMenuCompositedMFU::ListView"/>
							<class displayName="TopMatchComposited::ListView" name="TopMatchComposited::ListView"/>
							<class displayName="Taskbar JumpList" name="TaskbarJumpList::ListView"/>
						</classes>-->

<classes>
							<class displayName="链接(link)" name="StartMenuComposited::Link"/>
							<class displayName="空标记(EmptyMarkup)" name="StartMenuComposited::EmptyMarkup"/>
							<class displayName="位置列表::列表视图(PlaceList:ListView)" name="StartMenuPlaceListComposited::ListView"/>
							<class displayName="列表视图(ListView)" name="StartMenuComposited::ListView"/>
							<class displayName="开始菜单键面板::树形视图(KeyBoard::TreeView)" name="StartMenuKeyBoardComposited::TreeView"/>
							<class displayName="悬停::树形视图(Hover::TreeView)" name="StartMenuHoverComposited::TreeView"/>
							<class displayName="{match}" name="StartMenuComposited::*"/>
							<class displayName="{1}:{2}" name="StartMenu*Composited::*"/>
							<class displayName="开始菜单最近使用::列表视图(StartMenuCompositedMFU::ListView)" name="StartMenuCompositedMFU::ListView"/>
							<class displayName="顶部匹配组合::列表视图(TopMatchComposited::ListView)" name="TopMatchComposited::ListView"/>
							<class displayName="任务栏跳转列表(Taskbar JumpList)" name="TaskbarJumpList::ListView"/>
						</classes>
					</group>
				<group name="基础(Basic)">
						<classes>
							<class displayName="列表视图(Listview)" name="StartMenu::ListView"/>
							<class displayName="菜单面板(MenuBand)" name="StartMenu::MenuBand"/>
							<class displayName="工具条(Toolbar)" name="StartMenu::Toolbar"/>
							<class displayName="键面板::树形列表(Keyboard::TreeView)" name="StartMenuKeyBoard::TreeView"/>
							<class displayName="悬停::树形列表(Hover::TreeView)" name="StartMenuHover::TreeView"/>
							<class displayName="顶部名称::列表视图(TopMatch::ListView)" name="TopMatch::ListView"/>
							<class displayName="{match}" name="StartMenu::*"/>
							<class displayName="{1}:{2}" name="StartMenu*::*"/>
						</classes>
					</group>
				</groups>
			</group>
			<group name="面板(Panels)">
				<groups>
					<group displayName="yes" name="透明(仅用于SIB)(Aero (For SIB Only))">
						<classes>
							<class displayName="顶部(Top)" name="StartPanelComposited::StartPanelPriv">
								<groups>
									<group name="所有程序列表(Programs List)">
										<groups>
											<group name="面板设定(Panels)">
												<parts>
													<part displayName="所有程序(Programs List)" id="6"/>
													<part displayName="所有程序扩展(Programs List Extended)" id="7"/>
													<part displayName="所有程序分隔符(Programs List Separator)" id="8"/>
													<part displayName="更多程序(More Programs)" id="2"/>
													<part displayName="更多程序扩展(More Programs Extended)" id="3"/>
													<part displayName="所有程序展开(NSCHost)" id="17"/>
												</parts>
											</group>
											<group name="属性控制(Controls)">
												<parts>
													<part displayName="所有程序列表项目(Programs List Item)" id="29"/>
													<part displayName="所有程序列表左侧背景(Programs List Split Button Left)" id="28"/>
													<part displayName="所有程序列表右侧背景(Programs List Split Button Right)" id="31"/>
													<part displayName="所有程序选项卡背景(More Programs Tab)" id="16"/>
													<part displayName="所有程序箭头(More Programs Arrow)" id="4"/>
													<part displayName="所有程序返回箭头(More Programs Arrow Back)" id="21"/>
												</parts>
											</group>
										</groups>
									</group>
									<group name="面板列表(Places List)">
										<groups>
											<group name="面板设定(Panels)">
												<parts>
													<part displayName="用户头像框(User Pane)" id="1"/>
													<part displayName="面板列表(Places List)" id="9"/>
													<part displayName="面板列表扩展(Places List Extended)" id="10"/>
													<part displayName="面板列表分隔符(Places List Separator)" id="11"/>
													<part displayName="注销按钮背景(Logoff)" id="14"/>
													<part displayName="注销按钮背景扩展(Logoff Extended)" id="15"/>
												</parts>
											</group>
											<group name="属性控制(Controls)">
												<parts>
													<part displayName="面板列表悬停(Places List Item Hover)" id="36"/>
													<part displayName="注销按钮背景框左侧(Logoff Split Button Left)" id="37"/>
													<part displayName="注销按钮背景框左侧扩展(Logoff Split Button Left Extended)" id="38"/>
													<part displayName="注销按钮背景框右侧(Logoff Split Button Right)" id="23"/>
													<part displayName="注销按钮背景框右侧扩展(Logoff Split Button Right Extended)" id="24"/>
												</parts>
											</group>
										</groups>
									</group>
									<group name="跳跃列表(Jump List)">
										<groups>
											<group name="面板设定(Panels)">
												<parts>
													<part displayName="用户跳跃列表(Jump List User)" id="12"/>
													<part displayName="系统跳跃列表(Jump List System)" id="13"/>
												</parts>
											</group>
											<group name="属性控制(Controls)">
												<parts>
													<part displayName="跳跃列表箭头(Jump List Arrow)" id="5"/>
													<part displayName="项目引脚图标大小(Pin Item Icon Size)" id="25"/>
													<part displayName="项目垂直引脚图标(Pin Item Icon Vertical Offset)" id="26"/>
													<part displayName="项目水平引脚图标(Pin Item Icon Horizontal Offset)" id="27"/>
													<part displayName="跳跃列表项目(Jump List Item)" id="32"/>
													<part displayName="跳跃列表背景框右侧(Jump List Split Button Left)" id="33"/>
													<part displayName="跳跃列表编辑框左侧(Jump List Split Button Right)" id="35"/>
												</parts>
											</group>
										</groups>
									</group>
									<group name="搜索(Search)">
										<parts>
											<part displayName="搜索框(Open Box)" id="18"/>
											<part displayName="搜索框扩展(Open Box Extended)" id="19"/>
											<part displayName="搜索结果列表(Search View)" id="20"/>
											<part displayName="更多搜索结果(More Results)" id="22"/>
										</parts>
									</group>
								</groups>
							</class>
							<class display="yes" displayName="底部(Bottom)" name="StartPanelCompositedBottom::StartPanelPriv">
								<group name="面板列表(Places List)">
									<parts>
										<part displayName="用户窗格(User Pane)" id="1"/>
										<part displayName="面板列表(Places List)" id="9"/>
									</parts>
								</group>
							</class>
						</classes>
					</group>
				</groups>
				<classes>
					<class displayName="基础(Basic)" name="StartPanelPriv">
						<groups>
							<group name="所有程序列表(Programs List)">
								<groups>
									<group name="面板设定(Panels)">
										<parts>
											<part displayName="所有程序(Programs List)" id="6"/>
											<part displayName="所有程序扩展(Programs List Extended)" id="7"/>
											<part displayName="所有程序分隔符(Programs List Separator)" id="8"/>
											<part displayName="更多程序(More Programs)" id="2"/>
											<part displayName="更多程序扩展(More Programs Extended)" id="3"/>
											<part displayName="所有程序展开(NSCHost)" id="17"/>
										</parts>
									</group>
									<group name="属性控制(Controls)">
										<parts>
											<part displayName="所有程序列表项目(Programs List Item)" id="29"/>
											<part displayName="所有程序列表左侧背景(Programs List Split Button Left)" id="28"/>
											<part displayName="所有程序列表右侧背景(Programs List Split Button Right)" id="31"/>
											<part displayName="所有程序选项卡背景(More Programs Tab)" id="16"/>
											<part displayName="所有程序箭头(More Programs Arrow)" id="4"/>
											<part displayName="所有程序返回箭头(More Programs Arrow Back)" id="21"/>
										</parts>
									</group>
								</groups>
							</group>
							<group name="面板列表(Places List)">
								<groups>
									<group name="面板设定(Panels)">
										<parts>
											<part displayName="用户头像框(User Pane)" id="1"/>
											<part displayName="面板列表(Places List)" id="9"/>
											<part displayName="面板列表扩展(Places List Extended)" id="10"/>
											<part displayName="面板列表分隔符(Places List Separator)" id="11"/>
											<part displayName="注销按钮背景(Logoff)" id="14"/>
											<part displayName="注销按钮背景扩展(Logoff Extended)" id="15"/>
										</parts>
									</group>
									<group name="属性控制(Controls)">
										<parts>
											<part displayName="面板列表悬停(Places List Item Hover)" id="36"/>
											<part displayName="注销按钮背景框左侧(Logoff Split Button Left)" id="37"/>
											<part displayName="注销按钮背景框左侧扩展(Logoff Split Button Left Extended)" id="38"/>
											<part displayName="注销按钮背景框右侧(Logoff Split Button Right)" id="23"/>
											<part displayName="注销按钮背景框右侧扩展(Logoff Split Button Right Extended)" id="24"/>
										</parts>
									</group>
								</groups>
							</group>
							<group name="跳跃列表(Jump List)">
								<groups>
									<group name="面板设定(Panels)">
										<parts>
											<part displayName="用户跳跃列表(Jump List User)" id="12"/>
											<part displayName="系统跳跃列表(Jump List System)" id="13"/>
										</parts>
									</group>
									<group name="属性控制(Controls)">
										<parts>
											<part displayName="跳跃列表箭头(Jump List Arrow)" id="5"/>
											<part displayName="项目引脚图标大小(Pin Item Icon Size)" id="25"/>
											<part displayName="项目垂直引脚图标(Pin Item Icon Vertical Offset)" id="26"/>
											<part displayName="项目水平引脚图标(Pin Item Icon Horizontal Offset)" id="27"/>
											<part displayName="跳跃列表项目(Jump List Item)" id="32"/>
											<part displayName="跳跃列表背景框右侧(Jump List Split Button Left)" id="33"/>
											<part displayName="跳跃列表编辑框左侧(Jump List Split Button Right)" id="35"/>
										</parts>
									</group>
								</groups>
							</group>
<group name="搜索(Search)">
								<parts>
									<part displayName="搜索框(Open Box)" id="18"/>
									<part displayName="搜索框扩展(Open Box Extended)" id="19"/>
									<part displayName="搜索结果列表(Search View)" id="20"/>
									<part displayName="更多搜索结果(More Results)" id="22"/>
								</parts>
							</group>
						</groups>
					</class>
					<class display="no" displayName="Top" name="SIB_StartPanelComposited::StartPanelPriv"/>
				</classes>
			</group>
		</groups>
	</group>
	<group display="yes" name="窗体&amp;标题按钮(Windows &amp; Caption Buttons)">
		<classes>
				<class displayName="基础(Basic)" name="Window">
				<groups>
					<group display="yes" name="框架(Frames)">
						<groups>
							<group display="yes" name="窗体(Window)">
								<parts>
									<part displayName="上部(Top)" id="1"/>
									<part displayName="左侧(Left)" id="7"/>
									<part displayName="右侧(Right)" id="8"/>
									<part displayName="下部(Bottom)" id="9"/>
									<part displayName="最小化(Minimized)" id="3"/>
									<part displayName="最大化(Maximized)" id="5"/>
								</parts>
							</group>
							<group display="yes" name="工具窗体(Tool Window)">
								<parts>
									<part displayName="上部(Top)" id="2"/>
									<part displayName="左侧(Left)" id="10"/>
									<part displayName="右侧(Right)" id="11"/>
									<part displayName="下部(Bottom)" id="12"/>
									<part displayName="最小化(Minimized)" id="4"/>
									<part displayName="最大化(Maximized)" id="6"/>
								</parts>
							</group>
						<group display="yes" name="尺寸模板(Sizing Template)">
								<parts>
									<part displayName="窗体(Window)" id="30"/>
									<part displayName="工具窗体(Tool Window)" id="31"/>
									<part displayName="左窗口边框(Left Window Border)" id="32"/>
									<part displayName="左工具窗口边框(Left Tool Window Border)" id="33"/>
									<part displayName="右窗口边框(Right Window Border)" id="34"/>
									<part displayName="右工具窗口边框(Right Tool Window Border)" id="35"/>
									<part displayName="底窗边框(Bottom Window Border)" id="36"/>
									<part displayName="底部工具窗口边框(Bottom Tool Window Border)" id="37"/>
									<part displayName="框架(Frame)" id="38"/>
								</parts>
							</group>
						</groups>
					</group>
					<group display="yes" name="Controls">
						<groups>
			<group display="yes" name="标题(Captions)">
								<groups>
									<group display="yes" name="窗体(Window)">
										<parts>
											<part displayName="关闭按钮(Close Button)" id="18"/>
											<part displayName="最大化按钮(Maximized Button)" id="17"/>
											<part displayName="还原按钮(Restore Button)" id="21"/>
											<part displayName="最小化按钮(Minimized Button)" id="15"/>
											<part displayName="帮助按钮(Help Button)" id="23"/>
											<part displayName="系统菜单(System Menu)" id="13"/>
										</parts>
									</group>
									<group display="yes" name="工具窗体(Tool Window)">
										<parts>
											<part displayName="关闭按钮(Close Button)" id="19"/>
										</parts>
									</group>
									<group display="yes" name="MDI窗体(MDI Window)">
										<parts>
											<part displayName="关闭按钮(Close Button)" id="20"/>
											<part displayName="还原按钮(Restore Button)" id="22"/>
											<part displayName="最小化按钮(Minimized Button)" id="16"/>
											<part displayName="帮助按钮(Help Button)" id="24"/>
											<part displayName="系统菜单(System Menu)" id="14"/>
										</parts>
									</group>
								</groups>
							</group>
						<group display="yes" name="杂项(Misc)">
								<groups>
									<group display="yes" name="水平(Horizontal)">
										<parts>
											<part displayName="卷帘(Scroll)" id="25"/>
											<part displayName="裁剪(Thumb)" id="26"/>
										</parts>
									</group>
									<group display="yes" name="垂直(Vertical)">
										<parts>
											<part displayName="卷帘(Scroll)" id="27"/>
											<part displayName="裁剪(Thumb)" id="28"/>
										</parts>
									</group>
								</groups>
								<parts>
									<part displayName="对话框(Dialog)" id="29"/>
								</parts>
							</group>
						</groups>
					</group>
				</groups>
			</class>
		</classes>
		<groups>
		<group name="透明(Aero)">
				<classes>
					<class displayName="DWM窗口(DWM Window)" name="DwmWindow">
						<groups>
							<group name="框架(Frames)">
								<groups>
									<group name="窗体(Window)">
										<parts>
											<part displayName="下部(Bottom)" id="1"/>
											<part displayName="左边(Left)" id="31"/>
											<part displayName="右边(Right)" id="33"/>
											<part displayName="上部(Top)" id="46"/>
										</parts>
									</group>
									<group name="工具窗体(Tool Window)">
										<parts>
											<part displayName="下部(Bottom)" id="35"/>
											<part displayName="左边(Left)" id="42"/>
											<part displayName="右边(Right)" id="43"/>
											<part displayName="上部(Top)" id="44"/>
										</parts>
									</group>
									<group name="底图预览窗口(Aero Peek Window)">
										<groups>
											<group name="普通(Normal)">
												<parts>
													<part displayName="下部(Bottom)" id="53"/>
													<part displayName="左边(Left)" id="50"/>
													<part displayName="右边(Right)" id="51"/>
													<part displayName="上部(Top)" id="52"/>
												</parts>
											</group>
											<group name="工具窗体(Tool Window)">
												<parts>
													<part displayName="下部(Bottom)" id="57"/>
													<part displayName="左边(Left)" id="54"/>
													<part displayName="右边(Right)" id="55"/>
													<part displayName="上部(Top)" id="56"/>
												</parts>
											</group>
										</groups>
									</group>
									<group name="无阴影窗口(Shadowless Window)">
										<groups>
											<group name="普通(Normal)">
												<parts>
													<part displayName="下部(Bottom)" id="49"/>
													<part displayName="上部(Top)" id="48"/>
												</parts>
											</group>
											<group name="透明框(Aero Peek)">
												<parts>
													<part displayName="下部(Bottom)" id="61"/>
													<part displayName="上部(Top)" id="60"/>
												</parts>
											</group>
										</groups>
									</group>
									<group name="窗口阴影(Window Shadows)">
										<parts>
											<part displayName="下部(Bottom)" id="2"/>
											<part displayName="上部(Left)" id="32"/>
											<part displayName="右边(Right)" id="34"/>
											<part displayName="上部(Top)" id="47"/>
										</parts>
									</group>
									<group name="细节(Details)">
										<groups>
											<group name="底图反射(Reflections)">
												<parts>
													<part displayName="窗口预览透视底图(Aero Peek Background)" id="62"/>
												</parts>
											</group>
											<group name="发光字(Glows)">
												<parts>
													<part displayName="标题文本(Caption Text)" id="45"/>
												</parts>
											</group>
										</groups>
									</group>
								</groups>
							</group>
							<group name="属性控制(Controls)">
								<groups>
									<group name="标题按钮(Captions)">
										<groups>
											<group name="窗口(Window)">
												<groups>
													<group name="关闭按钮(Close Button)">
														<groups>
															<group name="普通按钮(Normal Button)">
																<parts>
																	<part displayName="活动状态(Active)" id="7"/>
																	<part displayName="非活动状态(Inactive)" id="8"/>
																</parts>
															</group>
															<group name="单按钮(Lone Button)">
																<parts>
																	<part displayName="活动状态(Active)" id="9"/>
																	<part displayName="非活动状态(Inactive)" id="10"/>
																</parts>
															</group>
															<group name="关闭按钮字形(Close Glyph)">
																<parts>
																	<part displayName="96dpi" id="11"/>
																	<part displayName="120dpi" id="12"/>
																	<part displayName="144dpi" id="13"/>
																	<part displayName="192dpi" id="14"/>
																</parts>
															</group>
														</groups>
													</group>
													<group name="还原/最大化 按钮(Restore/Maximize Button)">
														<groups>
															<group name="按钮(Button)">
																<parts>
																	<part displayName="活动状态(Active)" id="3"/>
																	<part displayName="非活动状态(Inactive)" id="4"/>
																</parts>
															</group>
															<group name="还原按钮字形(Restore Glyph)">
																<parts>
																	<part displayName="96dpi" id="27"/>
																	<part displayName="120dpi" id="28"/>
																	<part displayName="144dpi" id="29"/>
																	<part displayName="192dpi" id="30"/>
																</parts>
															</group>
															<group name="最大化按钮字形(Maximize Glyph)">
																<parts>
																	<part displayName="96dpi" id="19"/>
																	<part displayName="120dpi" id="20"/>
																	<part displayName="144dpi" id="21"/>
																	<part displayName="192dpi" id="22"/>
																</parts>
															</group>
														</groups>
													</group>
												<group name="最小化/帮助 按钮(Minimize/Help Button)">
														<groups>
															<group name="按钮(Button)">
																<parts>
													<part displayName="活动状态(Active)" id="5"/>
													<part displayName="非活动状态(Inactive)" id="6"/>
																</parts>
															</group>
													<group name="最小化按钮字形(Minimize Glyph)">
																<parts>
																	<part displayName="96dpi" id="23"/>
																	<part displayName="120dpi" id="24"/>
																	<part displayName="144dpi" id="25"/>
																	<part displayName="192dpi" id="26"/>
																</parts>
															</group>
													<group name="帮助按钮字形(Help Glyph)">
																<parts>
																	<part displayName="96dpi" id="15"/>
																	<part displayName="120dpi" id="16"/>
																	<part displayName="144dpi" id="17"/>
																	<part displayName="192dpi" id="18"/>
																</parts>
															</group>
														</groups>
													</group>
												</groups>
											</group>
										<group name="工具窗体(Tool Window)">
												<groups>
													<group name="小关闭按钮(Small Button)">
														<parts>
															<part displayName="活动状态(Active)" id="36"/>
															<part displayName="非活动状态(Inactive)" id="37"/>
														</parts>
													</group>
													<group name="小按钮字形(Small Button Glyph)">
														<parts>
															<part displayName="96dpi" id="38"/>
															<part displayName="120dpi" id="39"/>
															<part displayName="144dpi" id="40"/>
															<part displayName="192dpi" id="41"/>
														</parts>
													</group>
												</groups>
											</group>
										</groups>
									</group>
									<group name="窗口(Windows 10 Captions)">
										<groups>
											<group name="窗口(Window)">
												<groups>
													<group name="关闭按钮(Close Button)">
														<groups>
														<group name="关闭按钮字形(Close Glyph)">
																<parts>
																	<part displayName="96dpi" id="64"/>
																	<part displayName="120dpi" id="65"/>
																	<part displayName="144dpi" id="66"/>
																	<part displayName="192dpi" id="67"/>
																</parts>
															</group>
														</groups>
													</group>
												<group name="还原/最大化 按钮(Restore/Maximize Button)">
														<groups>
															<group name="按钮(Button)">
																<parts>
												<part displayName="活动状态(Active)" id="88"/>
												<part displayName="非活动状态(Inactive)" id="89"/>
																</parts>
															</group>
													<group name="还原按钮字形(Restore Glyph)">
																<parts>
																	<part displayName="96dpi" id="80"/>
																	<part displayName="120dpi" id="81"/>
																	<part displayName="144dpi" id="82"/>
																	<part displayName="192dpi" id="83"/>
																</parts>
															</group>
														<group name="最大化按钮字形(Maximize Glyph)">
																<parts>
																	<part displayName="96dpi" id="72"/>
																	<part displayName="120dpi" id="73"/>
																	<part displayName="144dpi" id="74"/>
																	<part displayName="192dpi" id="75"/>
																</parts>
															</group>
														</groups>
													</group>
												<group name="最小化/帮助 按钮(Minimize/Help Button)">
														<groups>
														<group name="按钮(Button)">
																<parts>
																	<part displayName="活动状态(Active)" id="90"/>
																	<part displayName="非活动状态(Inactive)" id="91"/>
																</parts>
															</group>
														<group name="最小化按钮字形(Minimize Glyph)">
																<parts>
																	<part displayName="96dpi" id="76"/>
																	<part displayName="120dpi" id="77"/>
																	<part displayName="144dpi" id="78"/>
																	<part displayName="192dpi" id="79"/>
																</parts>
															</group>
													<group name="帮助按钮字形(Help Glyph)">
																<parts>
																	<part displayName="96dpi" id="68"/>
																	<part displayName="120dpi" id="69"/>
																	<part displayName="144dpi" id="70"/>
																	<part displayName="192dpi" id="71"/>
																</parts>
															</group>
														</groups>
													</group>
												</groups>
											</group>
										<group name="工具窗体(Tool Window)">
												<groups>
													<group name="小按钮字形(Small Button Glyph)">
														<parts>
															<part displayName="96dpi" id="84"/>
															<part displayName="120dpi" id="85"/>
															<part displayName="144dpi" id="86"/>
															<part displayName="192dpi" id="87"/>
														</parts>
													</group>
												</groups>
											</group>
										</groups>
									</group>
									<group name="杂项(Misc)">
										<parts>
											<part displayName="加载旋转动画(Loading Spin Animation)" id="58"/>
											<part displayName="触屏移动效果(Touch Indicators)" id="59"/>
											<part displayName="开始按钮/Metro[ALT+TAB]程序切换器(Start Button/Metro App Switcher)" id="63"/>
										</parts>
									</group>
								</groups>
							</group>
						</groups>
					</class>
					<class displayName="DWM Touch" name="DWMTouch"/>
					<class displayName="DWM Pen" name="DWMPen"/>
					<class displayName="窗体(Window)"  name="CompositedWindow::Window">
						<groups>
						<group display="yes" name="框架(Frames)">
								<groups>
									<group display="yes" name="窗口(Window)">
										<parts>
											<part displayName="顶部(Top)" id="1"/>
											<part displayName="左边(Left)" id="7"/>
											<part displayName="右边(Right)" id="8"/>
											<part displayName="底部(Bottom)" id="9"/>
											<part displayName="最小化(Minimized)" id="3"/>
											<part displayName="最大化(Maximized)" id="5"/>
										</parts>
									</group>
									<group display="yes" name="工具窗体(Tool Window)">
										<parts>
											<part displayName="顶部(Top)" id="2"/>
											<part displayName="左边(Left)" id="10"/>
											<part displayName="右边(Right)" id="11"/>
											<part displayName="底部(Bottom)" id="12"/>
											<part displayName="最小化(Minimized)" id="4"/>
											<part displayName="最大化(Maximized)" id="6"/>
										</parts>
									</group>
									<group display="yes" name="尺寸模板(Sizing Template)">
										<parts>
											<part displayName="窗体(Window)" id="30"/>
											<part displayName="工具窗体(Tool Window)" id="31"/>
											<part displayName="左窗口边框(Left Window Border)" id="32"/>
											<part displayName="左工具窗口边框(Left Tool Window Border)" id="33"/>
											<part displayName="右窗口边框(Right Window Border)" id="34"/>
											<part displayName="右工具窗口边框(Right Tool Window Border)" id="35"/>
											<part displayName="底窗边框(Bottom Window Border)" id="36"/>
											<part displayName="底部工具窗口边框(Bottom Tool Window Border)" id="37"/>
											<part displayName="框架(Frame)" id="38"/>
										</parts>
									</group>
								</groups>
							</group>
	<group display="yes" name="属性控制(Controls)">
								<groups>
									<group display="yes" name="标题按钮(Captions)">
										<groups>
											<group display="yes" name="窗体(Window)">
												<parts>
													<part displayName="关闭按钮(Close Button)" id="18"/>
													<part displayName="最大化按钮(Maximized Button)" id="17"/>
													<part displayName="还原按钮(Restore Button)" id="21"/>
													<part displayName="最小化按钮(Minimized Button)" id="15"/>
													<part displayName="帮助按钮(Help Button)" id="23"/>
													<part displayName="系统菜单(System Menu)" id="13"/>
												</parts>
											</group>
											<group display="yes" name="工具窗体(Tool Window)">
												<parts>
												<part displayName="关闭按钮(Close Button)" id="19"/>
												</parts>
											</group>
											<group display="yes" name="MDI Window">
												<parts>
													<part displayName="关闭按钮(Close Button)" id="20"/>
													<part displayName="还原按钮(Restore Button)" id="22"/>
													<part displayName="最小化按钮(Minimized Button)" id="16"/>
													<part displayName="帮助按钮(Help Button)" id="24"/>
													<part displayName="系统菜单(System Menu)" id="14"/>
												</parts>
											</group>
										</groups>
									</group>
									<group display="yes" name="杂项(Misc)">
										<groups>
											<group display="yes" name="水平(Horizontal)">
												<parts>
													<part displayName="卷帘(Scroll)" id="25"/>
													<part displayName="裁剪(Thumb)" id="26"/>
												</parts>
											</group>
											<group display="yes" name="垂直(Vertical)">
												<parts>
													<part displayName="卷帘(Scroll)" id="27"/>
													<part displayName="裁剪(Thumb)" id="28"/>
												</parts>
											</group>
										</groups>
										<parts>
											<part displayName="对话框(Dialog)" id="29"/>
										</parts>
									</group>
								</groups>
							</group>
						</groups>
					</class>
				</classes>
			</group>
		</groups>
	</group>
<group display="yes" name="任务栏 &amp; 系统托盘(Taskbar &amp; System Tray)">
		<groups>
		<group display="yes" name="任务栏 两侧(TaskBar)">
				<groups>
				<group name="透明(Aero)">
						<classes>
							<class displayName="任务栏 两侧(需SIB)(TaskBar (For SIB Only))" name="TaskBar2Composited::Taskbar"/>
							<class displayName="横工具栏(ToolBar)" name="TaskBarComposited::Toolbar"/>
							<class displayName="竖工具栏(ToolBar (Vertical))" name="TaskBarVertComposited::Toolbar"/>
							<class displayName="功能条(Rebar)" name="TaskBarComposited::Rebar"/>
							<class displayName="功能条(小图标模式任务栏)(Rebar (Small Icons))" name="TaskBarSmallIcons::Rebar"/>
							<class displayName="横显示桌面按钮(需SIB)(Show Desktop (For SIB Only))" name="ShowDesktop::Button"/>
							<class displayName="竖显示桌面按钮(需SIB)(Show Desktop (Vertical) (For SIB Only))" name="VerticalShowDesktop::Button"/>
							<class displayName="任务栏显示桌面(Taskbar Show Desktop)" name="TaskbarShowDesktop"/>
							<class displayName="开始按钮(Start Button)" name="TaskbarPearl"/>
						</classes>
					</group>
					<group name="基础(Basic)">
						<classes>
							<class displayName="{name}" name="Taskbar"/>
							<class displayName="任务栏 两侧(TaskBar)" name="TaskBar2::Taskbar"/>
							<class displayName="横工具栏(ToolBar)" name="TaskBar::Toolbar"/>
							<class displayName="竖工具栏(ToolBar (Vertical))" name="TaskBarVert::Toolbar"/>
							<class displayName="功能条(Rebar)" name="TaskBar::Rebar"/>
							<class displayName="功能条(小按钮)(Rebar (Small Icons))" name="TaskBarSmallIcons::Rebar"/>
							<class displayName="暗黑模式组件固定状态(HC Black Rebar)" name="TaskBarHCBlack::Rebar"/>
							<class displayName="暗黑模式小按钮组件固定状态(Small Icons HC Black Rebar)" name="TaskBarSmallIconsHCBlack::Rebar"/>
						</classes>
					</group>
				</groups>
			</group>
			<group display="yes" name="任务栏 中部(TaskBand)">
				<groups>
					<group name="透明(Aero)">
						<classes>
							<class displayName="任务栏中部(TaskBand)" name="TaskBand2Composited::TaskBand2"/>
							<class displayName="中部 小按钮(TaskBand(SmallIcons))" name="TaskBand2CompositedSmallIcons::TaskBand2"/>
							<class displayName="中部 垂直(TaskBand (Vertical)" name="TaskBand2CompositedVertical::TaskBand2"/>
							<class displayName="中部 垂直8(TaskBand (Vertical8))" name="TaskBand2CompositedVertical8::TaskBand2"/>
							<class displayName="中部 小按钮垂直(TaskBand (SmallIconsVertical))" name="TaskBand2CompositedSmallIconsVertical::TaskBand2"/>
							<class displayName="中部 小按钮垂直8(TaskBand (SmallIconsVertical8))" name="TaskBand2CompositedSmallIconsVertical8::TaskBand2"/>
					<class displayName="滚动条(Scroll Bar)" name="TaskBand2Composited::ScrollBar"/>
							<class displayName="滚动条(Scroll Bar)" name="TaskBand2Composited8::ScrollBar"/>
						</classes>
						<groups>
					<group display="yes" name="任务栏预览窗口(TaskBandExtendedUI)">
								<classes>
											<class displayName="缩略图&amp;属性控制(Thumbnails &amp; Controls)" name="TaskbandExtendedUI"/>
									<class displayName="Windows8 缩略图&amp;属性控制(Windows 8 Thumbnails &amp; Controls)" name="W8::TaskbandExtendedUI"/>
									<class displayName="SIB缩略图&amp;属性控制(SiB Thumbnails &amp; Controls)" name="W10::TaskbandExtendedUI"/>
								</classes>
							</group>
						</groups>
					</group>
					<group name="基础(Basic)">
						<classes>
							<class displayName="中部(TaskBand)" name="TaskBand2"/>
							<class displayName="中部 小按钮(TaskBand (SmallIcons))" name="TaskBand2SmallIcons::TaskBand2"/>
							<class displayName="中部 垂直(TaskBand Vertical)" name="TaskBand2Vertical::TaskBand2"/>
							<class displayName="中部 垂直 小按钮(TaskBand (SmallIcons))" name="TaskBand2SmallIconsVertical::TaskBand2"/>
							<class displayName="滚动条(Scroll Bar)" name="TaskBand2::ScrollBar"/>
						</classes>
					</group>
				</groups>
			</group>
			<group display="yes" name="系统托盘(System Tray)">
				<groups>
					<group displayName="no" name="透明(Aero)">
						<classes>
							<class displayName="{match}" name="TrayNotifyComposited::*"/>
						<class displayName="弹出(Flyout)" name="Composited::TrayNotifyFlyout"/>
						</classes>
						<groups>
					<group displayName="yes" name="水平(Horizontal)">
								<classes>
									<class displayName="系统托盘弹出按钮顶部(System Tray Flyout Button Top)" name="TrayNotifyHorizOpenComposited::Button"/>
									<class displayName="系统托盘弹出按钮底部(System Tray Flyout Button Bottom)" name="TrayNotifyHorizComposited::Button"/>
								</classes>
							</group>
							<group displayName="yes" name="垂直(Vertical)">
								<classes>
									<class displayName="系统托盘弹出按钮左边(System Tray Flyout Button Left)" name="TrayNotifyVertOpenComposited::Button"/>
									<class displayName="系统托盘弹出按钮右边(System Tray Flyout Button Right)" name="TrayNotifyVertComposited::Button"/>
									</classes>
							</group>
						</groups>
					</group>
					<group displayName="yes" name="基础(Basic)">
						<classes>
							<class displayName="{match}" name="TrayNotify::*"/>
							<class displayName="托盘通知弹出(Tray Notify Flyout)" name="TrayNotifyFlyout"/>
							<class displayName="系统托盘图标面板弹出(System Tray Icons Panel Flyout)" name="Flyout"/>
						</classes>
						<groups>
							<group displayName="yes" name="水平(Horizontal)">
								<classes>
										<class displayName="系统托盘弹出顶部(System Tray Flyout Button Top)" name="TrayNotifyHorizOpen::Button"/>
									<class displayName="系统托盘弹出底部(System Tray Flyout Button Bottom)" name="TrayNotifyHoriz::Button"/>
									<class displayName="{match}" name="TrayNotifyHoriz::*"/>
									</classes>
							</group>
				<group displayName="yes" name="垂直(Vertical)">
								<classes>
									displayName="系统托盘弹出按钮左边(System Tray Flyout Button Left)" name="TrayNotifyVertOpen::Button"/>
									<class displayName="系统托盘弹出按钮右边(System Tray Flyout Button Right)" name="TrayNotifyVert::Button"/>
									<class displayName="{match}" name="TrayNotifyVert::*"/>
									</classes>
							</group>
						</groups>
					</group>
				</groups>
			</group>
		</groups>
	</group>
<group display="yes" name="工具栏,页眉, &amp; 功能条(Toolbars, Headers, &amp; Rebar)">
		<groups>
			<group name="功能条(Rebar)">
					<classes>
					<class displayName="交替功能条(AlternateRebar)" name="AlternateRebar::Rebar"/>
					<class displayName="浏览器选项卡(BrowserTabBar)" name="BrowserTabBar::Rebar"/>
					<class displayName="信息条(Communications)" name="Communications::Rebar"/>
					<class displayName="基本信息栏(ITBarBase)" name="ITBarBase::Rebar"/>
					<class displayName="媒体(Media)" name="Media::Rebar"/>
					<class displayName="功能条(Rebar)" name="Rebar"/>
				</classes>
			</group>
			<group name="工具栏 &amp; 页眉(Toolbars &amp; Headers)">
				<classes>
					<class displayName="交替工具栏(Alternate)" name="Alternate::Toolbar"/>
					<class displayName="信息条(Communications)" name="Communications::Toolbar"/>
					<class displayName="页眉(Header)" name="Header"/>
					<class displayName="左弹出窗口(LVPopup)" name="LVPopup::Toolbar"/>
					<class displayName="媒体(Media)" name="Media::Toolbar"/>
					<class displayName="状态栏分离器(Status Bar Separator)" name="ShellStatusBarSeparator"/>
					<class displayName="列表视图弹出(List View Pop-up)" name="ListViewPopUp"/>
					<class displayName="列表视图弹出(底部)(List View Pop-up (Bottom))" name="LVPopUpBottom::Toolbar"/>
				</classes>
			</group>
		</groups>
	</group>
	<group display="yes" name="地址栏,面包屑导航栏[地址栏], &amp; 搜索栏(Address, Breadcrumb, &amp; Search)">
		<groups>
			<group name="地址栏(Address)">
				<groups>
					<group name="跳转工具栏(Go Toolbar)">
						<groups>
						<group name="透明(Aero)">
								<groups>
												<group name="普通(Normal)">
										<classes>
											<class displayName="活动状态(Active)" name="GoComposited::Toolbar"/>
											<class displayName="非活动状态(InActive)" name="InactiveGoComposited::Toolbar"/>
										</classes>
									</group>
										<group name="最大化(Max)">
										<classes>
											<class displayName="活动状态(Active)" name="MaxGoComposited::Toolbar"/>
											<class displayName="非活动状态(InActive)" name="MaxInactiveGoComposited::Toolbar"/>
										</classes>
									</group>
								</groups>
							</group>
					<group name="基础(Basic)">
								<groups>
									<group name="普通(Normal)">
										<classes>
											<class displayName="活动状态(Active)" name="Go::Toolbar"/>
											<class displayName="非活动状态(InActive)" name="InactiveGo::Toolbar"/>
										</classes>
									</group>
									<group name="最大化(Max)">
										<classes>
											<class displayName="活动状态(Active)" name="MaxGo::Toolbar"/>
											<class displayName="非活动状态(InActive)" name="MaxInactiveGo::Toolbar"/>
										</classes>
									</group>
								</groups>
							</group>
						</groups>
					</group>
				</groups>
			</group>
			<group name="面包屑导航栏(地址栏)(Breadcrumb)">
				<groups>
					<group name="透明(Aero)">
						<groups>
		<group name="普通(Normal)">
								<classes>
									<class displayName="满格 活动状态(Overflow Active)" name="BreadcrumbBarComposited::BreadcrumbBar"/>
									<class displayName="满格 非活动状态(Overflow Inactive)" name="InactiveBreadcrumbBarComposited::BreadcrumbBar"/>
								</classes>
							</group>
						<group name="最大化(Max)">
								<classes>
									<class displayName="满格 活动状态(Overflow Active)" name="MaxBreadcrumbBarComposited::BreadcrumbBar"/>
									<class displayName="满格 非活动状态(Overflow Inactive)" name="MaxInactiveBreadcrumbBarComposited::BreadcrumbBar"/>
								</classes>
							</group>
						</groups>
					</group>
					<group name="基础(Basic)">
						<groups>
							<group name="普通(Normal)">
								<classes>
									<class displayName="满格 活动状态(Overflow Active)" name="BreadcrumbBar"/>
									<class displayName="满格 非活动状态(Overflow Inactive)" name="InactiveBreadcrumbBar::BreadcrumbBar"/>
								</classes>
							</group>
			<group name="最大化(Max)">
								<classes>
									<class displayName="满格 活动状态(Overflow Active)" name="MaxBreadcrumbBar::BreadcrumbBar"/>
									<class displayName="满格 非活动状态(Overflow Inactive)" name="MaxInactiveBreadcrumbBar::BreadcrumbBar"/>
								</classes>
							</group>
						</groups>
					</group>
				</groups>
			</group>
			<group name="搜索框(Search)">
				<classes>
					<class displayName="搜索范围(SearchHome)" name="SearchHome"/>
				</classes>
				<groups>
					<group name="按钮工具栏(Button Toolbar)">
						<classes>
					<class displayName="透明(Aero)" name="SearchButtonComposited::Toolbar"/>
					<class displayName="基础(Basic)" name="SearchButton::Toolbar"/>
						</classes>
					</group>
					<groups>
				<group name="透明(Aero)">
							<groups>
				<group name="普通(Normal)">
									<classes>
										<class displayName="活动状态(Active)" name="SearchBoxComposited::SearchBox"/>
										<class displayName="非活动状态(Inactive)" name="InactiveSearchBoxComposited::SearchBox"/>
									</classes>
								</group>
								<group name="最大化(Max)">
									<classes>
										<class displayName="活动状态(Active)" name="MaxSearchBoxComposited::SearchBox"/>
										<class displayName="非活动状态(Inactive)" name="MaxInactiveSearchBoxComposited::SearchBox"/>
									</classes>
								</group>
							</groups>
						</group>
					<group name="基础(Basic)">
							<groups>
	<group name="普通(Normal)">
									<classes>
										<class displayName="活动状态(Active)" name="SearchBox"/>
										<class displayName="非活动状态(Inactive)" name="InactiveSearchBox::SearchBox"/>
									</classes>
								</group>
		<group name="最大化(Max)">
									<classes>
										<class displayName="活动状态(Active)" name="MaxSearchBox::SearchBox"/>
										<class displayName="非活动状态(Inactive)" name="MaxInactiveSearchBox::SearchBox"/>
									</classes>
								</group>
							</groups>
						</group>
					</groups>
				</groups>
			</group>
		</groups>
	</group>
	<group display="yes" name="按钮,组件，&amp; 属性控制(Buttons, Boxes, &amp; Controls)">
		<groups>
			<group name="按钮(Buttons)">
				<classes>
					<class displayName="按钮(Button)" name="Button"/>
					<class displayName="旋转按钮(Spin)" name="Spin"/>
					<class displayName="复制关闭(Copy Close)" name="CopyClose"/>
					<class displayName="暂停(Pause)" name="Pause"/>
					<class displayName="文本选择抓取器(Text Selection Gripper)" name="TextSelectionGripper"/>
				</classes>
			</group>
			<group name="组件(Boxes)">
				<classes>
					<class displayName="列表框(ListBox)" name="ListBox"/>
					<class displayName="组合框(ComboBox))" name="Combobox"/>
					<class displayName="命令条组合框(Communications ComboBox)" name="Communications::Combobox"/>
					<class displayName="静态文本(Static Text)" name="Static"/>
				</classes>
			</group>
		<group name="滚动条 &amp; 滑动条(Scroll Bars &amp; Trackers)">
				<classes>
					<class displayName="滑动条(TrackBar)" name="TrackBar"/>
				</classes>
			</group>
			<group name="进度条(Progress Bars)">
				<classes>
					<class displayName="普通(Normal)" name="Progress"/>
					<class displayName="扫描状态(Indeterminate)" name="Indeterminate::Progress"/>
				</classes>
			</group>
		</groups>
	</group>
	<group display="yes" name="列表,菜单, &amp; 标签(Lists, Menus, &amp; Tabs)">
		<classes>
			<class displayName="浏览器选项卡(BrowserTab)" name="BrowserTab::Tab"/>
			<class displayName="标签(Tab)" name="Tab"/>
			<class displayName="空标记(EmptyMarkup)" name="EmptyMarkup"/>
			<class displayName="列表视图(ListView)" name="ListView"/>
			<class displayName="树形列表(TreeView)" name="TreeView"/>
			<class displayName="右键菜单(Context Menu)" name="Menu"/>
			<class displayName="沉浸式右键菜单(Immersive Context Menu)" name="ImmersiveStart::Menu"/>
			<class displayName="沉浸式暗黑背景右键菜单(Immersive Dark Context Menu)" name="ImmersiveStartDark::Menu"/>
			<class displayName="命令条菜单(Communications Menu)" name="Communications::Menu"/>
			<class displayName="媒体菜单(Media Menu)" name="Media::Menu"/>
			<class displayName="下拉列表(DropList)" name="DropListControl"/>
		</classes>
	</group>
	<group display="yes" name="资源管理器 &amp; 扩展(Explorer &amp; Shell)">
		<groups>
			<group name="资源管理器(Explorer)">
				<classes>
					<class displayName="菜单栏(Menu Bar)" name="Default::Rebar"/>
					<class displayName="列表视图(ListView)" name="Explorer::ListView"/>
					<class displayName="桌面列表视图(Desktop ListView)" name="Desktop::ListView"/>
					<class displayName="信息栏(InfoBar)" name="InfoBar"/>
					<class displayName="位置条(PlacesBar)" name="Placesbar::Toolbar"/>
					<class displayName="屏障页(主组)(Barrier Page (Home Groups))" name="BarrierPage"/>
				</classes>
				<groups>
					<group name="控制面板(Control Panel)">
						<classes>
							<class displayName="命令长条(CommandModule)" name="CPLCommandModule::CommandModule"/>
							<class displayName="控制面板(ControlPanel)" name="ControlPanel"/>
						</classes>
					</group>
					<group name="浏览条(Explorer Bar)">
						<classes>
							<class displayName="条(Bar)" name="ExplorerBar"/>
							<class displayName="固定(Rebar)" name="ExplorerBar::Rebar"/>
						</classes>
					</group>
					<group name="菜单(Menu)">
						<classes>
							<class displayName="菜单条(MenuBand)" name="ExplorerMenu::MenuBand"/>
							<class displayName="工具条(Toolbar)" name="ExplorerMenu::Toolbar"/>
						</classes>
					</group>
					<group name="Help">
						<classes>
							<class displayName="页眉(Header)" name="Help::ReBar"/>
							<class displayName="{match}" name="Help::*"/>
							<class displayName="搜索框(SearchBox)" name="HelpSearchBox"/>
						</classes>
					</group>
				</groups>
			</group>
			<group name="扩展(Shell)">
				<classes>
					<class displayName="透明向导(AeroWizard)" name="AeroWizard"/>
					<class displayName="按下Alt+Tab键(AltTab)" name="AltTab"/>
					<class displayName="阅历框(MonthCal)" name="MonthCal"/>
					<class displayName="任务对话框(TaskDialog)" name="TaskDialog"/>
					<class displayName="日期拾取器(DatePicker)" name="DatePicker"/>
					<class displayName="拖放效果(DragDrop)" name="DragDrop"/>
					<class displayName="链接(Link)" name="Link"/>
					<class displayName="文本发光(TextGlow)" name="TextGlow"/>
				</classes>
				<groups>
					<group name="信息窗格(InfoPane)">
						<classes>
						<class displayName="静态(Static)" name="InfoPaneStatic::Static"/>
						<class displayName="按钮(Button)" name="InfoPaneButton::Button"/>
						</classes>
					</group>
			<group name="预览窗格控制(PreviewPaneControl)">
						<classes>
							<class displayName="{match}:Edit" name="*PreviewPaneControl:*"/>
						</classes>
					</group>
					<group name="Task Manager">
						<classes>
							<class displayName="任务管理器(Task Manager)" name="TaskManager">
								<groups>
									<group name="热图(Heatmap)">
										<parts>
									<part id="3" displayName="背景(Background)"/>
									<part id="4" displayName="0级(Level 0)"/>
									<part id="5" displayName="1级(Level 1)"/>
									<part id="6" displayName="2级(Level 2)"/>
									<part id="7" displayName="3级(Level 3)"/>
									<part id="8" displayName="4级(Level 4)"/>
									<part id="9" displayName="5级(Level 5)"/>
									<part id="10" displayName="6级(Level 6)"/>
									<part id="11" displayName="7级(Level 7)"/>
									<part id="12" displayName="8级(Level 8)"/>
									<part id="13" displayName="9级(Level 9)"/>
									<part id="43" displayName="标头9级(Header Level 9)"/>
									<part id="45" displayName="突出显示程序分离器(Highlighted Program Separator)"/>
									<part id="46" displayName="选定程序分离器(Selected Program Separator)"/>

</parts>
									</group>
									<group name="CPU热图(CPU Heatmap)">
										<parts>
										<part id="25" displayName="使用标签(Usage Label)"/>
									<part id="26" displayName="0级(Level 0)"/>
									<part id="27" displayName="1级(Level 1)"/>
									<part id="28" displayName="2级(Level 2)"/>
									<part id="29" displayName="3级(Level 3)"/>
									<part id="30" displayName="4级(Level 4)"/>
									<part id="31" displayName="5级(Level 5)"/>
									<part id="32" displayName="未知 0级(Unknown Level 0)"/>
									<part id="33" displayName="未知 1级(Unknown Level 1)"/>
									<part id="34" displayName="未知 2级(Unknown Level 2)"/>
									<part id="35" displayName="未知 3级(Unknown Level 3)"/>
									<part id="36" displayName="未知 4级(Unknown Level 4)"/>
									<part id="37" displayName="未知 5级(Unknown Level 5)"/>
									<part id="38" displayName="边框(Border)"/>
									<part id="39" displayName="列表横线(Row Line)"/>
									<part id="40" displayName="列表竖线(Column Line)"/>
										</parts>
									</group>
									<group name="顶部(Headers)">
										<parts>
										<part id="14" displayName="图表名称(Chart Name)"/>
									<part id="15" displayName="硬件名称(Hardware Name)"/>
									<part id="16" displayName="组标题(Group Header)"/>
									<part id="17" displayName="属性标签(Attribute Label)"/>
									<part id="18" displayName="属性值/子窗口标签(Attribute Value / Child Window Label)"/>
									<part id="19" displayName="统计值(Statistic Value)"/>
									<part id="24" displayName="顶部标签(Header Label)"/>
									<part id="42" displayName="分离器梯度 1(Separator Gradient 1)"/>
									<part id="41" displayName="分离器梯度 2(Separator Gradient 2)"/>
									<part id="44" displayName="缩放图形(Graph Scale)"/>
										</parts>
									</group>
									<group name="内存构图(Memory Composition)">
										<parts>
										<part id="20" displayName="剩余内存等待(Free and Standby)"/>
									<part id="21" displayName="已使用内存(In use)"/>
									<part id="22" displayName="变动(Modified)"/>
									<part id="23" displayName="分离器(Separator)"/>
										</parts>
									</group>
								</groups>
							</class>
<class displayName="性能图表(Performance Charts)" name="ChartView">
								<groups>
									<group name="处理器(CPU)">
										<parts>
										<part id="1" displayName="背景(Background)"/>
									<part id="2" displayName="边框线(Border)"/>
									<part id="3" displayName="网格(Grid)"/>
									<part id="4" displayName="已使用边框(Utilization Border)"/>
									<part id="5" displayName="已使用填充(Utilization Fill)"/>
									<part id="6" displayName="剩余边框(Kerning Border)"/>
									<part id="7" displayName="剩余填充(Kerning Fill)"/>
										</parts>
									</group>
									<group name="内存(Memory)">
										<parts>
										<part id="8" displayName="背景(Background)"/>
									<part id="9" displayName="边框线(Border)"/>
									<part id="10" displayName="网格(Grid)"/>
									<part id="11" displayName="使用中边框(Usage Border)"/>
									<part id="12" displayName="使用中填充(Usage Fill)"/>
									<part id="13" displayName="未使用边框(Not Used)"/>
									<part id="14" displayName="未使用填充(Not Used)"/>
										</parts>
									</group>
									<group name="磁盘(Disk)">
										<parts>
										<part id="15" displayName="背景(Background)"/>
									<part id="16" displayName="边框线(Border)"/>
									<part id="17" displayName="网格(Grid)"/>
									<part id="18" displayName="读取速度/活动时间边界(Read Speed / Active Time Border)"/>
									<part id="19" displayName="有效时间填充(Active Time Fill)"/>
									<part id="20" displayName="写入速度边框(Write Speed Border)"/>
									<part id="21" displayName="未使用(Not Used)"/>
										</parts>
									</group>
									<group name="以太网/Wi-Fi(Ethernet / Wi-Fi)">
										<parts>
										<part id="22" displayName="背景(Background)"/>
									<part id="23" displayName="边框线(Border)"/>
									<part id="24" displayName="网格(Grid)"/>
									<part id="25" displayName="接受量边框(Receive Border)"/>
									<part id="26" displayName="接收量填充(Receive Fill)"/>
									<part id="27" displayName="发送量边框(Send Border)"/>
									<part id="28" displayName="未使用(Not Used)"/>
										</parts>
									</group>
									<group name="复制(Copy)">
										<parts>
										<part id="30" displayName="网格(Grid)"/>
									<part id="31" displayName="传输速度边框(Transfer Speed Border)"/>
									<part id="32" displayName="传输速度填充(Transfer Speed Fill)"/>
									<part id="33" displayName="移动文件速度边框(Transfer Speed Progress Border)"/>
									<part id="34" displayName="传输速度顶边填充(Transfer Speed Top Fill)"/>
										</parts>
									</group>
								</groups>
							</class>
						</classes>
					</group>
				</groups>
			</group>
		</groups>
	</group>
<!--Windows 10 Dark Mode //////////////////////////////////////////////////////////////////////////////////////////////////////////-->	
	<group display="yes" name="Windows 10 暗黑模式(Windows 10 Dark Mode)">
		<groups>
			<group display="yes" name="工具栏,页眉, &amp; 固定条(Toolbars, Headers, &amp; Rebar)">
				<groups>
					<group name="固定条(Rebar)">
						<groups>
							<group name="导航条(NavBar)">
								<groups>
									<group name="透明(Aero)">
										<groups>
											<group name="普通(Normal)">
												<classes>
													<class displayName="活动状态(Active)" name="DarkModeNavbarComposited::Rebar"/>
													<class displayName="非活动状态(Inactive)" name="DarkModeInactiveNavbarComposited::Rebar"/>
												</classes>
											</group>
											<group name="最大(Max)">
												<classes>
													<class displayName="活动状态(Active)" name="DarkModeMaxNavbarComposited::Rebar"/>
													<class displayName="非活动状态(Inactive)" name="DarkModeMaxInactiveNavbarComposited::Rebar"/>
												</classes>
											</group>
										</groups>
									</group>
									<group name="基础(Basic)">
										<classes>
											<class displayName="底基(Base)" name="DarkModeNavbarBase::Rebar"/>
											<class displayName="非顶部(NonTopmost)" name="DarkModeNavbarNonTopmost::Rebar"/>
										</classes>
										<groups>
											<group name="普通(Normal)">
												<classes>
													<class displayName="活动状态(Active)" name="DarkModeNavbar::Rebar"/>
													<class displayName="非活动状态(Inactive)" name="DarkModeInactiveNavbar::Rebar"/>
												</classes>
											</group>
											<group name="最大(Max)">
												<classes>
													<class displayName="活动状态(Active)" name="DarkModeMaxNavbar::Rebar"/>
													<class displayName="非活动状态(Inactive)" name="DarkModeMaxInactiveNavbar::Rebar"/>
												</classes>
											</group>
										</groups>
									</group>
								</groups>
							</group>
						</groups>
					</group>
					<group name="工具栏, &amp; 页眉(Toolbars &amp; Headers)">
						<classes>
							<class displayName="工具栏(Toolbar)" name="DarkMode::Toolbar"/>
							<class displayName="项目视图页眉(Items View Header)" name="DarkMode_ItemsView::Header"/>
							<class displayName="状态(Status)" name="DarkMode::Status"/>
						</classes>
					</group>
				</groups>
			</group>
			<group display="yes" name="地址栏,面包屑导航栏[地址栏], &amp; 搜索栏(Address, Breadcrumb, &amp; Search)">
				<groups>
					<group name="地址栏(Address)">
						<groups>
					<group name="地址栏(AddressBand)">
						<groups>
							<group name="透明(Aero)">
								<classes>
									<class displayName="地址栏(AddressBand)" name="DarkMode_ABComposited::AddressBand"/>
								</classes>
							</group>
						</groups>
					</group>
							<group name="组合框(ComboBox)">
								<groups>
									<group name="普通(Normal)">
										<classes>
											<class displayName="活动状态(Active)" name="DarkMode_AddressComposited::ComboBox"/>
											<class displayName="非活动状态(Inactive)" name="DarkMode_InactiveAddressComposited::ComboBox"/>
										</classes>
									</group>
									<group name="最大(Max)">
										<classes>
											<class displayName="活动状态(Active)" name="DarkMode_MaxAddressComposited::ComboBox"/>
											<class displayName="非活动状态(Inactive)" name="DarkMode_MaxInactiveAddressComposited::ComboBox"/>
										</classes>
									</group>
								</groups>
							</group>
							<group name="编辑(Edit)">
								<groups>
									<group name="普通(Normal)">
										<classes>
											<class displayName="活动状态(Active)" name="DarkMode_AddressComposited::Edit"/>
											<class displayName="非活动状态(Inactive)" name="DarkMode_InactiveAddressComposited::Edit"/>
										</classes>
									</group>
									<group name="最大(Max)">
										<classes>
											<class displayName="活动状态(Active)" name="DarkMode_MaxAddressComposited::Edit"/>
											<class displayName="非活动状态(Inactive)" name="DarkMode_MaxInactiveAddressComposited::Edit"/>
										</classes>
									</group>
								</groups>
							</group>
						</groups>
					</group>
					<group name="面包屑导航栏[地址栏](Breadcrumb)">
						<groups>
							<group name="普通(Normal)">
								<classes>
									<class displayName="活动状态(Active Crumbs)" name="DarkMode_BBComposited::Toolbar"/>
									<class displayName="非活动状态(Inactive Crumbs)" name="DarkMode_InactiveBBComposited::Toolbar"/>
								</classes>
							</group>
							<group name="最大(Max)">
								<classes>
									<class displayName="活动状态(Active Crumbs)" name="DarkMode_MaxBBComposited::Toolbar"/>
									<class displayName="非活动状态(Inactive Crumbs)" name="DarkMode_MaxInactiveBBComposited::Toolbar"/>
								</classes>
							</group>
						</groups>
					</group>
					<group name="Search">
						<classes>
							<class displayName="更多搜索(TryHarder)" name="DarkMode::TryHarder"/>
						</classes>
						<groups>
							<group name="搜索编辑框(Edit)">
								<groups>
									<group name="透明(Aero)">
										<groups>
											<group name="普通(Normal)">
												<classes>
													<class displayName="活动状态(Active)" name="DarkMode_SearchBoxEditComposited::Edit"/>
													<class displayName="非活动状态(Inactive)" name="DarkMode_InactiveSearchBoxEditComposited::Edit"/>
												</classes>
											</group>
											<group name="最大(Max)">
												<classes>
													<class displayName="活动状态(Active)" name="DarkMode_MaxSearchBoxEditComposited::Edit"/>
													<class displayName="非活动状态(Inactive)" name="DarkMode_MaxInactiveSearchBoxEditComposited::Edit"/>
												</classes>
											</group>
										</groups>
									</group>
								</groups>
							</group>
							<group name="搜索框(SearchBox)">
								<groups>
									<group name="透明(Aero)">
										<groups>
											<group name="普通(Normal)">
												<classes>
													<class displayName="活动状态(Active)" name="DarkMode_SearchBoxComposited::SearchBox"/>
													<class displayName="非活动状态(Inactive)" name="DarkMode_InactiveSearchBoxComposited::SearchBox"/>
												</classes>
											</group>
											<group name="最大(Max)">
												<classes>
													<class displayName="活动状态(Active)" name="DarkMode_MaxSearchBoxComposited::SearchBox"/>
													<class displayName="非活动状态(Inactive)" name="DarkMode_MaxInactiveSearchBoxComposited::SearchBox"/>
												</classes>
											</group>
										</groups>
									</group>
									<group name="基础(Basic)">
										<groups>
											<group name="普通(Normal)">
												<classes>
													<class displayName="活动状态(Active)" name="DarkMode::SearchBox"/>
												</classes>
											</group>
										</groups>
									</group>
								</groups>
							</group>
						</groups>
					</group>
				</groups>
			</group>
			<group display="yes" name="按钮,组件，&amp; 属性控制(Buttons, Boxes, &amp; Controls)">
				<groups>
					<group name="按钮(Buttons)">
						<classes>
							<class displayName="资源管理器按钮(Explorer Button)" name="DarkMode_Explorer::Button"/>
							<class displayName="导航(Navigation)" name="DarkMode::Navigation"/>
						</classes>
					</group>
					<group name="组件(Boxes)">
						<classes>
							<class displayName="动态组合框(CFD ComboBox)" name="DarkMode_CFD::Combobox"/>
						</classes>
						<groups>
							<group name="编辑(Edit)">
								<classes>
									<class displayName="动态编辑(CFD Edit)" name="DarkMode_CFD::Edit"/>
								</classes>
							</group>
						</groups>
					</group>
					<group name="滚动条 &amp; 滑动条(Scroll Bars &amp; Trackers)">
						<classes>
							<class displayName="资源管理器滚动条(Explorer ScrollBar)" name="DarkMode_Explorer::ScrollBar"/>
						</classes>
					</group>
				</groups>
			</group>
			<group display="yes" name="列表,菜单, &amp; 选项卡(Lists, Menus, &amp; Tabs)">
				<classes>
					<class displayName="右键菜单(Context Menu)" name="DarkMode::Menu"/>
					<class displayName="沉浸式暗黑背景右键菜单(Immersive Context Menu)" name="DarkMode_ImmersiveStart::Menu"/>
				</classes>
			</group>
			<group display="yes" name="文件资源管理器 &amp; 扩展(Explorer &amp; Shell)">
				<groups>
					<group name="文件资源管理器(Explorer)">
						<classes>
							<class displayName="树形列表(TreeView)" name="DarkMode_Explorer::TreeView"/>
							<class displayName="资源管理器编辑(Edit)" name="DarkMode_Explorer::Edit"/>
							<class displayName="命令长条(CommandModule)" name="DarkMode::CommandModule"/>
							<class displayName="工具提示(Tooltip)" name="DarkMode_Explorer::Tooltip"/>
							<class displayName="阅读窗格(ReadingPane)" name="DarkMode::ReadingPane"/>
							<class displayName="预览窗格(PreviewPane)" name="DarkMode::PreviewPane"/>
							<class displayName="树形列表(ProperTree)" name="DarkMode::ProperTree"/>
							<class displayName="资源管理器命令长条(Explorer CommandModule)" name="DarkMode_Explorer::CommandModule"/>
							<class displayName="资源管理器横幅(File Explorer Banner Container)" name="DarkMode::FileExplorerBannerContainer"/>
							<class displayName="资源管理器导航窗格(Explorer Nav Pane)" name="DarkMode::ExplorerNavPane"/>
							<class displayName="资源管理器状态栏(Explorer Status Bar)" name="DarkMode::ExplorerStatusBar"/>
						</classes>
						<groups>
						<group name="项目视图(Items View)">
								<classes>
									<class displayName="项目视图(ItemsView)" name="DarkMode::ItemsView"/>
									<class displayName="列表视图(ListView)" name="DarkMode_ItemsView::ListView"/>
								</classes>
							</group>
						</groups>
					</group>
					<group name="扩展(Shell)">
						<groups>
			<group name="信息面板(InfoPane)">
								<classes>
									<class displayName="工具栏(Toolbar)" name="DarkMode_InfoPaneToolbar::Toolbar"/>
								</classes>
							</group>
							<group name="预览窗格控件(PreviewPaneControl)">
								<classes>
									<class displayName="项目对话框:编辑(CommonItemsDialog:Edit)" name="DarkMode::CommonItemsDialog"/>
								</classes>
							</group>
						</groups>
					</group>
				</groups>
			</group>
		</groups>
	</group>
<!--Windows 10 Light Mode //////////////////////////////////////////////////////////////////////////////////////////////////////////-->		
	<group display="yes" name="Windows 10 明亮模式(Windows 10 Light Mode)">
		<groups>
			<group display="no" name="开始菜单(Start Menu)">
				<groups>
					<group name="面板(Panels)">
						<classes>
							<class displayName="透明(Aero)" name="StartPanelLight::StartPanelPriv">
								<groups>
									<group name="所有程序列表(Programs List)">
										<groups>
											<group name="面板设定(Panels)">
												<parts>
											<part displayName="所有程序(Programs List)" id="6"/>
											<part displayName="所有程序扩展(Programs List Extended)" id="7"/>
											<part displayName="所有程序分隔符(Programs List Separator)" id="8"/>
											<part displayName="更多程序(More Programs)" id="2"/>
											<part displayName="更多程序扩展(More Programs Extended)" id="3"/>
											<part displayName="所有程序展开(NSCHost)" id="17"/>
												</parts>
											</group>
											<group name="属性控制(Controls)">
												<parts>
											<part displayName="所有程序列表项目(Programs List Item)" id="29"/>
											<part displayName="所有程序列表左侧背景(Programs List Split Button Left)" id="28"/>
											<part displayName="所有程序列表右侧背景(Programs List Split Button Right)" id="31"/>
											<part displayName="所有程序选项卡背景(More Programs Tab)" id="16"/>
											<part displayName="所有程序箭头(More Programs Arrow)" id="4"/>
											<part displayName="所有程序返回箭头(More Programs Arrow Back)" id="21"/>
												</parts>
											</group>
										</groups>
									</group>
									<group name="面板列表(Places List)">
										<groups>
											<group name="面板设定(Panels)">
												<parts>
											<part displayName="用户头像框(User Pane)" id="1"/>
											<part displayName="面板列表(Places List)" id="9"/>
											<part displayName="面板列表扩展(Places List Extended)" id="10"/>
											<part displayName="面板列表分隔符(Places List Separator)" id="11"/>
											<part displayName="注销按钮背景(Logoff)" id="14"/>
											<part displayName="注销按钮背景扩展(Logoff Extended)" id="15"/>
												</parts>
											</group>
											<group name="属性控制(Controls)">
												<parts>
											<part displayName="面板列表悬停(Places List Item Hover)" id="36"/>
											<part displayName="注销按钮背景框左侧(Logoff Split Button Left)" id="37"/>
											<part displayName="注销按钮背景框左侧扩展(Logoff Split Button Left Extended)" id="38"/>
											<part displayName="注销按钮背景框右侧(Logoff Split Button Right)" id="23"/>
											<part displayName="注销按钮背景框右侧扩展(Logoff Split Button Right Extended)" id="24"/>
												</parts>
											</group>
										</groups>
									</group>
									<group name="跳跃列表(Jump List)">
										<groups>
											<group name="面板设定(Panels)">
												<parts>
											<part displayName="用户跳跃列表(Jump List User)" id="12"/>
											<part displayName="系统跳跃列表(Jump List System)" id="13"/>
												</parts>
											</group>
											<group name="属性控制(Controls)">
												<parts>
											<part displayName="跳跃列表箭头(Jump List Arrow)" id="5"/>
											<part displayName="项目引脚图标大小(Pin Item Icon Size)" id="25"/>
											<part displayName="项目垂直引脚图标(Pin Item Icon Vertical Offset)" id="26"/>
											<part displayName="项目水平引脚图标(Pin Item Icon Horizontal Offset)" id="27"/>
											<part displayName="跳跃列表项目(Jump List Item)" id="32"/>
											<part displayName="跳跃列表背景框右侧(Jump List Split Button Left)" id="33"/>
											<part displayName="跳跃列表编辑框左侧(Jump List Split Button Right)" id="35"/>
												</parts>
											</group>
										</groups>
									</group>
									<group name="搜索(Search)">
										<parts>
										<part displayName="搜索框(Open Box)" id="18"/>
									<part displayName="搜索框扩展(Open Box Extended)" id="19"/>
									<part displayName="搜索结果列表(Search View)" id="20"/>
									<part displayName="更多搜索结果(More Results)" id="22"/>
										</parts>
									</group>
								</groups>
							</class>
							<class displayName="底部(Bottom)" name="StartPanelCompositedBottom::StartPanelPriv">
								<group name="面板列表(Places List)">
									<parts>
										<part displayName="用户窗格(User Pane)" id="1"/>
										<part displayName="面板列表(Places List)" id="9"/>
									</parts>
								</group>
							</class>
						</classes>
					</group>
				</groups>
			</group>
			<group display="yes" name="任务栏 &amp; 系统托盘(Taskbar &amp; System Tray)">
				<groups>
					<group display="yes" name="任务栏 两侧(TaskBar)">
						<groups>
							<group name="透明(Aero)">
								<classes>
									<class displayName="任务栏 两侧(需SIB)(TaskBar (For SIB Only))" name="TaskBar2CompositedLight::Taskbar"/>
									<class displayName="功能条(Rebar)" name="TaskBarCompositedLight::Rebar"/>
								</classes>
							</group>
							<group name="基础(Basic)">
								<classes>
									<class displayName="任务栏 两侧(TaskBar)" name="TaskBar2Light::Taskbar"/>
									<class displayName="横工具栏(ToolBar)" name="TaskBarLight::Toolbar"/>
									<class displayName="竖工具栏(ToolBar (Vertical))" name="TaskBarVertLight::Toolbar"/>
									<class displayName="功能条(Rebar)" name="TaskbarLight::Rebar"/>
									<class displayName="功能条 小按钮(Rebar (Small Icons))" name="TaskBarSmallIconsLight::Rebar"/>
									<class displayName="明亮模式组件固定状态(HC White Rebar)" name="TaskBarHCWhite::Rebar"/>
									<class displayName="明亮模式小按钮组件固定状态(Small Icons HC White Rebar)" name="TaskBarSmallIconsHCWhite::Rebar"/>
									<class displayName="横任务栏显示桌面(需SIB)(Show Desktop (For SIB Only))" name="ShowDesktopLight::Button"/>
									<class displayName="竖任务栏显示桌面(需SIB)(Show Desktop (Vertical) (For SIB Only))" name="VerticalShowDesktopLight::Button"/>
									<class displayName="任务栏显示桌面(Taskbar Show Desktop)" name="TaskbarShowDesktopLight::TaskbarShowDesktop"/>
									<class displayName="开始按钮(Start Button)" name="TaskbarPearlLight::TaskbarPearl"/>
								</classes>
							</group>
						</groups>
					</group>
					<group display="yes" name="任务栏 中部(TaskBand)">
						<groups>
							<group name="透明(Aero)">
								<classes>
									<class displayName="任务栏 中部(TaskBand)" name="TaskBand2CompositedLight::TaskBand2"/>
									<class displayName="中部面板(TaskBand ({match}))" name="TaskBand2Composited*::TaskBand2"/>
								</classes>
								<groups>
									<group display="yes" name="任务栏预览窗口(TaskBandExtendedUI)">
										<classes>
											<class displayName="缩略图&amp;属性控制(Thumbnails &amp; Controls)" name="TaskbandExtendedUILight::TaskbandExtendedUI"/>
										</classes>
									</group>
								</groups>
							</group>
							<group name="基础(Basic)">
								<classes>
									<class displayName="任务栏 中部(TaskBand)" name="TaskBand2Light::TaskBand2"/>
									<class displayName="中部面板(TaskBand ({match}))" name="TaskBand2*::Taskband2"/>
									<class displayName="滚动条(Scroll Bar)" name="TaskBand2Light::ScrollBar"/>
								</classes>
							</group>
						</groups>
					</group>
					<group display="yes" name="系统托盘(System Tray)">
						<groups>
							<group display="no" name="透明(Aero)">
								<classes>
									<class displayName="{match}" name="TrayNotifyComposited::*"/>
									<class displayName="弹出(Flyout)" name="Composited::TrayNotifyFlyout"/>
								</classes>
								<groups>
									<group displayName="yes" name="水平(Horizontal)">
										<classes>
											<class displayName="{match}" name="TrayNotifyHorizComposited::*"/>
										</classes>
									</group>
									<group displayName="yes" name="垂直(Vertical)">
										<classes>
											<class displayName="{match}" name="TrayNotifyVertComposited::*"/>
											</classes>
									</group>
								</groups>
							</group>
							<group displayName="yes" name="基础(Basic)">
								<classes>
									<class displayName="{match}" name="TrayNotify::*"/>
									<class displayName="托盘通知弹出(Tray Notify Flyout)" name="TrayNotifyFlyout"/>
									<class displayName="系统托盘图标面板弹出(System Tray Icons Panel Flyout)" name="Flyout"/>
								</classes>
								<groups>
									<group displayName="yes" name="水平(Horizontal)">
										<classes>
											<class displayName="系统托盘弹出顶部(System Tray Flyout Button Top)" name="TrayNotifyHorizOpen::Button"/>
											<class displayName="系统托盘弹出底部(System Tray Flyout Button Bottom)" name="TrayNotifyHoriz::Button"/>
											<class displayName="组件系统托盘弹出顶部(HC System Tray Flyout Button Top)" name="TrayNotifyHorizOpenHCWhite::Button"/>
											<class displayName="组件系统托盘弹出底部(HC System Tray Flyout Button Bottom)" name="TrayNotifyHorizHCWhite::Button"/>									
											<class displayName="{match}" name="TrayNotifyHoriz::*"/>
											</classes>
									</group>
									<group displayName="yes" name="垂直(Vertical)">
										<classes>
																			<class displayName="系统托盘弹出按钮左边(System Tray Flyout Button Left)" name="TrayNotifyVertOpen::Button"/>
									<class displayName="系统托盘弹出按钮右边(System Tray Flyout Button Right)" name="TrayNotifyVert::Button"/>
									<class displayName="组件系统托盘弹出按钮左边(HC System Tray Flyout Button Left)" name="TrayNotifyVertOpenHCWhite::Button"/>
									<class displayName="组件系统托盘弹出按钮右(边HC System Tray Flyout Button Right)" name="TrayNotifyVertHCWhite::Button"/>									
											<class displayName="{match}" name="TrayNotifyVert::*"/>
											</classes>
									</group>
								</groups>
							</group>
						</groups>
					</group>
				</groups>
			</group>			
		<group display="yes" name="工具栏,页眉, &amp; 功能条(Toolbars, Headers, &amp; Rebar)">
				<groups>
					<group name="功能条(Rebar)">
						<groups>
							<group name="导航栏(NavBar)">
								<groups>
									<group name="透明(Aero)">
										<groups>
											<group name="普通(Normal)">
												<classes>
													<class displayName="活动状态(Active)" name="NavbarComposited::Rebar"/>
													<class displayName="非活动状态(Inactive)" name="InactiveNavbarComposited::Rebar"/>
												</classes>
											</group>
											<group name="最大化(Max)">
												<classes>
													<class displayName="活动状态(Active)" name="MaxNavbarComposited::Rebar"/>
													<class displayName="非活动状态(Inactive)" name="MaxInactiveNavbarComposited::Rebar"/>
												</classes>
											</group>
										</groups>
									</group>
									<group name="基础(Basic)">
										<classes>
											<class displayName="底基(Base)" name="NavbarBase::Rebar"/>
											<class displayName="非顶层(NonTopmost)" name="NavbarNonTopmost::Rebar"/>
										</classes>
										<groups>
											<group name="普通(Normal)">
												<classes>
													<class displayName="活动状态(Active)" name="Navbar::Rebar"/>
													<class displayName="非活动状态(Inactive)" name="InactiveNavbar::Rebar"/>
												</classes>
											</group>
											<group name="最大化(Max)">
												<classes>
													<class displayName="活动状态(Active)" name="MaxNavbar::Rebar"/>
													<class displayName="非活动状态(Inactive)" name="MaxInactiveNavbar::Rebar"/>
												</classes>
											</group>
										</groups>
									</group>
								</groups>
							</group>
						</groups>
					</group>
		<group name="工具栏 &amp; 页眉(Toolbars &amp; Headers)">
						<classes>
							<class displayName="工具栏(Toolbar)" name="Toolbar"/>
							<class displayName="项目视图标题(Items View Header)" name="ItemsView::Header"/>
							<class displayName="状态(Status)" name="Status"/>
						</classes>
					</group>
				</groups>
			</group>
			<group display="yes" name="地址栏,面包屑导航栏[地址栏], &amp; 搜索栏(Address, Breadcrumb, &amp; Search)">
				<groups>
					<group name="地址栏(Address)">
						<groups>
							<group name="地址栏(AddressBand)">
								<groups>
									<group name="透明(Aero)">
										<classes>
											<class displayName="地址栏(AddressBand)" name="ABComposited::AddressBand"/>
											<class displayName="地址栏:绿色(AddressBand: Green)" name="ABGreenComposited::AddressBand"/>
											<class displayName="地址栏:红色(AddressBand: Red)" name="ABRedComposited::AddressBand"/>
											<class displayName="地址栏:黄色(AddressBand: Yellow)" name="ABYellowComposited::AddressBand"/>
										</classes>
									</group>
									<group name="基础(Basic)">
										<classes>
											<class displayName="地址栏(AddressBand)" name="AB::AddressBand"/>
											<class displayName="地址栏:绿色(AddressBand: Green)" name="ABGreen::AddressBand"/>
											<class displayName="地址栏:红色(AddressBand: Red)" name="ABRed::AddressBand"/>
											<class displayName="地址栏:黄色(AddressBand: Yellow)" name="ABYellow::AddressBand"/>
										</classes>
									</group>
								</groups>
							</group>
							<group name="组合框(ComboBox)">
								<groups>
									<group name="透明(Aero)">
										<groups>
											<group name="普通(Normal)">
												<classes>
													<class displayName="活动状态(Active)" name="AddressComposited::ComboBox"/>
													<class displayName="非活动状态(Inactive)" name="InactiveAddressComposited::ComboBox"/>
												</classes>
											</group>
											<group name="最大化(Max)">
												<classes>
													<class displayName="活动状态(Active)" name="MaxAddressComposited::ComboBox"/>
													<class displayName="非活动状态(Inactive)" name="MaxInactiveAddressComposited::ComboBox"/>
												</classes>
											</group>
										</groups>
									</group>
									<group name="基础(Basic)">
										<groups>
											<group name="普通(Normal)">
												<classes>
													<class displayName="活动状态(Active)" name="Address::ComboBox"/>
													<class displayName="非活动状态(Inactive)" name="InactiveAddress::ComboBox"/>
												</classes>
											</group>
											<group name="最大化(Max)">
												<classes>
													<class displayName="活动状态(Active)" name="MaxAddress::ComboBox"/>
													<class displayName="非活动状态(Inactive)" name="MaxInactiveAddress::ComboBox"/>
												</classes>
											</group>
										</groups>
									</group>
								</groups>
							</group>
							<group name="编辑框(Edit)">
								<groups>
									<group name="透明(Aero)">
										<groups>
											<group name="普通(Normal)">
												<classes>
													<class displayName="活动状态(Active)" name="AddressComposited::Edit"/>
													<class displayName="非活动状态(Inactive)" name="InactiveAddressComposited::Edit"/>
												</classes>
											</group>
											<group name="最大化(Max)">
												<classes>
													<class displayName="活动状态(Active)" name="MaxAddressComposited::Edit"/>
													<class displayName="非活动状态(Inactive)" name="MaxInactiveAddressComposited::Edit"/>
												</classes>
											</group>
										</groups>
									</group>
									<group name="基础(Basic)">
										<groups>
											<group name="普通(Normal)">
												<classes>
													<class displayName="活动状态(Active)" name="Address::Edit"/>
													<class displayName="非活动状态(Inactive)" name="InactiveAddress::Edit"/>
												</classes>
											</group>
											<group name="最大化(Max)">
												<classes>
													<class displayName="活动状态(Active)" name="MaxAddress::Edit"/>
													<class displayName="非活动状态(Inactive)" name="MaxInactiveAddress::Edit"/>
												</classes>
											</group>
										</groups>
									</group>
								</groups>
							</group>
						</groups>
					</group>
					<group name="Breadcrumb">
						<groups>
							<group name="透明(Aero)">
								<groups>
									<group name="普通(Normal)">
										<classes>
											<class displayName="Active Crumbs" name="BBComposited::Toolbar"/>
											<class displayName="Inactive Crumbs" name="InactiveBBComposited::Toolbar"/>
										</classes>
									</group>
									<group name="最大化(Max)">
										<classes>
											<class displayName="Active Crumbs" name="MaxBBComposited::Toolbar"/>
											<class displayName="Inactive Crumbs" name="MaxInactiveBBComposited::Toolbar"/>
										</classes>
									</group>
								</groups>
							</group>
							<group name="基础(Basic)">
								<groups>
									<group name="普通(Normal)">
										<classes>
											<class displayName="Active Crumbs" name="BB::Toolbar"/>
											<class displayName="InActive Crumbs" name="InactiveBB::Toolbar"/>
										</classes>
									</group>
									<group name="最大化(Max)">
										<classes>
											<class displayName="Active Crumbs" name="MaxBB::Toolbar"/>
											<class displayName="InActive Crumbs" name="MaxInactiveBB::Toolbar"/>
										</classes>
									</group>
								</groups>
							</group>
						</groups>
					</group>
					<group name="Search">
						<classes>
							<class displayName="TryHarder" name="TryHarder"/>
						</classes>
						<groups>
							<group name="编辑框(Edit)">
								<groups>
									<group name="透明(Aero)">
										<groups>
											<group name="普通(Normal)">
												<classes>
													<class displayName="活动状态(Active)" name="SearchBoxEditComposited::Edit"/>
													<class displayName="非活动状态(Inactive)" name="InactiveSearchBoxEditComposited::Edit"/>
												</classes>
											</group>
											<group name="最大化(Max)">
												<classes>
													<class displayName="活动状态(Active)" name="MaxSearchBoxEditComposited::Edit"/>
													<class displayName="非活动状态(Inactive)" name="MaxInactiveSearchBoxEditComposited::Edit"/>
												</classes>
											</group>
										</groups>
									</group>
									<group name="基础(Basic)">
										<groups>
											<group name="普通(Normal)">
												<classes>
													<class displayName="活动状态(Active)" name="SearchBoxEdit::Edit"/>
													<class displayName="非活动状态(Inactive)" name="InactiveSearchBoxEdit::Edit"/>
												</classes>
											</group>
											<group name="最大化(Max)">
												<classes>
													<class displayName="活动状态(Active)" name="MaxSearchBoxEdit::Edit"/>
													<class displayName="非活动状态(Inactive)" name="MaxInactiveSearchBoxEdit::Edit"/>
												</classes>
											</group>
										</groups>
									</group>
								</groups>
								<classes>
									<class displayName="搜索编辑框(SearchEdit)" name="SearchEditBox"/>
								</classes>
							</group>
							<group name="搜索框(SearchBox)">
								<groups>
									<group name="透明(Aero)">
										<groups>
											<group name="普通(Normal)">
												<classes>
													<class displayName="活动状态(Active)" name="SearchBoxComposited::SearchBox"/>
													<class displayName="非活动状态(Inactive)" name="InactiveSearchBoxComposited::SearchBox"/>
												</classes>
											</group>
											<group name="最大化(Max)">
												<classes>
													<class displayName="活动状态(Active)" name="MaxSearchBoxComposited::SearchBox"/>
													<class displayName="非活动状态(Inactive)" name="MaxInactiveSearchBoxComposited::SearchBox"/>
												</classes>
											</group>
										</groups>
									</group>
									<group name="基础(Basic)">
										<groups>
											<group name="普通(Normal)">
												<classes>
													<class displayName="活动状态(Active)" name="SearchBox"/>
													<class displayName="非活动状态(Inactive)" name="InactiveSearchBox::SearchBox"/>
												</classes>
											</group>
											<group name="最大化(Max)">
												<classes>
													<class displayName="活动状态(Active)" name="MaxSearchBox::SearchBox"/>
													<class displayName="非活动状态(Inactive)" name="MaxInactiveSearchBox::SearchBox"/>
												</classes>
											</group>
										</groups>
									</group>
								</groups>
							</group>
						</groups>
					</group>
				</groups>
			</group>
			<group display="yes" name="按钮,组件，&amp; 属性控制(Buttons, Boxes, &amp; Controls)">
				<groups>
					<group name="按钮(Buttons)">
						<classes>
							<class displayName="资源管理器按钮(Explorer Button)" name="Explorer::Button"/>
							<class displayName="导航按钮(Navigation)" name="Navigation"/>
						</classes>
					</group>
					<group name="组件(Boxes)">
						<classes>
							<class displayName="动态组合框(CFD ComboBox)" name="CFD::Combobox"/>
						</classes>
						<groups>
							<group name="编辑框(Edit)">
								<classes>
									<class displayName="透明(Aero)" name="EditComposited::Edit"/>
									<class displayName="基础(Basic)" name="编辑框(Edit)"/>
								</classes>
							</group>
						</groups>
					</group>
					<group name="滚动条 &amp; 滑动条(Scroll Bars &amp; Trackers)">
						<classes>
							<class displayName="滚动条(ScrollBar)" name="ScrollBar"/>
							<class displayName="资源管理器滚动条(Explorer ScrollBar)" name="Explorer::ScrollBar"/>
						</classes>
					</group>
				</groups>
			</group>
			<group display="yes" name="列表,菜单, &amp; 选项卡(Lists, Menus, &amp; Tabs)">
				<classes>
					<class displayName="明亮模式沉浸式背景右键菜单(Light Mode Immersive Context Menu)" name="LightMode_ImmersiveStart::Menu"/>
				</classes>
			</group>
			<group display="yes" name="文件资源管理器 &amp; 扩展(Explorer &amp; Shell)">
				<groups>
					<group name="资源管理器(Explorer)">
						<classes>
							<class displayName="树形列表(TreeView)" name="Explorer::TreeView"/>
							<class displayName="编辑框(Edit)" name="Explorer::Edit"/>
							<class displayName="命令长条(CommandModule)" name="CommandModule"/>
							<class displayName="资源管理器工具提示(Tooltip)" name="Tooltip"/>
							<class displayName="阅读窗格(ReadingPane)" name="ReadingPane"/>
							<class displayName="预览窗格(PreviewPane)" name="PreviewPane"/>
							<class displayName="树形列表(ProperTree)" name="ProperTree"/>
							<class displayName="资源管理器命令长条(Explorer CommandModule)" name="Explorer::CommandModule"/>
							<class displayName="资源管理器横幅(File Explorer Banner Container)" name="FileExplorerBannerContainer"/>
							<class displayName="资源管理器导航窗格(Explorer Nav Pane)" name="ExplorerNavPane"/>
							<class displayName="资源管理器状态栏(Explorer Status Bar)" name="ExplorerStatusBar"/>
						</classes>
						<groups>
							<group name="项目视图(Items View)">
								<classes>
									<class displayName="项目视图(ItemsView)" name="ItemsView"/>
									<class displayName="列表视图(ListView)" name="ItemsView::ListView"/>
								</classes>
							</group>
						</groups>
					</group>
					<group name="扩展(Shell)">
						<groups>
							<group name="信息面板(InfoPane)">
								<classes>
									<class displayName="工具栏(Toolbar)" name="InfoPaneToolbar::Toolbar"/>
								</classes>
							</group>
							<group name="预览窗格控件(PreviewPaneControl)">
								<classes>
									<class displayName="项目对话框:编辑(CommonItemsDialog:Edit)" name="CommonItemsDialog"/>
								</classes>
							</group>
						</groups>
					</group>
				</groups>
			</group>
		</groups>
	</group>
<!--Windows Legacy /////////////////////////////////////////////////////////////////////////////////////////////////////////////////-->	
	<group display="yes" name="旧版(Windows Legacy)">
		<groups>
			<group display="yes" name="开始菜单(Start Menu)">
				<classes>
					<class displayName="基础(Basic)" name="StartPanel"/>
				</classes>
			</group>
			<group display="yes" name="任务栏 &amp; 系统托盘菜单(Taskbar &amp; System Tray)">
				<groups>
					<group display="yes" name="任务栏(Taskbar)">
						<groups>
							<group name="透明(Aero)">
								<classes>
									<class displayName="{match}" name="TaskbarComposited::*"/>
								</classes>
							</group>
							<group name="基础(Basic)">
								<classes>
									<class displayName="{match}" name="Taskbar::*"/>
									
								</classes>
							</group>
						</groups>
					</group>
					<group display="yes" name="任务栏(Taskband)">
						<groups>
							<group name="基础(Basic)">
								<classes>
									<class displayName="" name="Taskband"/>
									<class displayName="{match}" name="Taskband::*"/>
									<class displayName="Toolbar:GroupMenu" name="TaskBandGroupMenu::Toolbar"/>
									<class displayName="Toolbar:Vert" name="TaskBandVert::Toolbar"/>
								</classes>
							</group>
						</groups>
					</group>
				</groups>
			</group>
		</groups>
	</group>
	<group display="no" name="删除和未使用的类(Removed &amp; Unused Classes)">
		<classes>
			<class displayName="资源管理器横幅(FileExplorerBannerContainer)" name="LightMode::FileExplorerBannerContainer"/>
			<class displayName="计时函数(Timing Function)" name="TimingFunction"/>
			<class displayName="动画(Animations)" name="Animations"/>
		</classes>
	</group>
	<group display="yes" name="未知类(Unknown)">
		<classes>
			<class displayName="{match}" name="*"/>
			<class displayName="{match}" name="*8::*"/>
		</classes>
	</group>
</groups>