
<enums>
	<!-- copyright Andreas Verhoeven, 2008 -->
	<enum id="4001" name="BG类型(BGTYPE)">
		<values>
			<value id="0">图片文件(IMAGEFILE)
			</value>
			<value id="1">边界填充(BORDERFILL)
			</value>
			<value id="2">无(NONE)
			</value>
		</values>
	</enum>
	<enum id="4011" name="图像输出(IMAGELAYOUT)">
		<values>
			<value id="0">垂直(VERTICAL)
			</value>
			<value id="1">水平(HORIZONTAL)
			</value>
		</values>
	</enum>
	<enum id="4002" name="边界类型(BORDERTYPE)">
		<values>
			<value id="0">矩形(RECT)
			</value>
			<value id="1">圆弧(ROUNDRECT)
			</value>
			<value id="2">椭圆(ELLIPSE)
			</value>
		</values>
	</enum>
	<enum id="4003" name="填充类型(FILLTYPE)">
		<values>
			<value id="0">SOLID
			</value>
			<value id="1">VERTGRADIENT
			</value>
			<value id="2">HORZGRADIENT
			</value>
			<value id="3">RADIALGRADIENT
			</value>
			<value id="4">TILEIMAGE
			</value>
		</values>
	</enum>
	<enum id="4004" name="尺寸类型(SIZINGTYPE)">
		<values>
			<value id="0">原始尺寸(TRUESIZE)
			</value>
			<value id="1">拉伸(STRETCH)
			</value>
			<value id="2">平铺(TILE)
			</value>
		</values>
	</enum>
	<enum id="4005" name="H对齐(HALIGN)">
		<values>
			<value id="0">居左(LEFT)
			</value>
			<value id="1">居中(CENTER)
			</value>
			<value id="2">居右(RIGHT)
			</value>
		</values>
	</enum>
	<enum id="4006" name="内容对齐(CONTENTALIGNMENT)">
		<values>
			<value id="0">居左(LEFT)
			</value>
			<value id="1">居中(CENTER)
			</value>
			<value id="2">居右(RIGHT)
			</value>
		</values>
	</enum>
	<enum id="4007" name="V对齐(VALIGN)">
		<values>
			<value id="0">居上(TOP)
			</value>
			<value id="1">居中(CENTER)
			</value>
			<value id="2">居下(BOTTOM)
			</value>
		</values>
	</enum>
	<enum id="4008" name="偏移类型(OFFSETTYPE)">
		<values>
			<value id="0">居左上(TOPLEFT)
			</value>
			<value id="1">居右上(TOPRIGHT)
			</value>
			<value id="2">居中上(TOPMIDDLE)
			</value>
			<value id="3">居左下(BOTTOMLEFT)
			</value>
			<value id="4">居右下(BOTTOMRIGHT)
			</value>
			<value id="5">居中下(BOTTOMMIDDLE)
			</value>
			<value id="6">居中左(MIDDLELEFT)
			</value>
			<value id="7">居中右(MIDDLERIGHT)
			</value>
			<value id="8">左标题(LEFTOFCAPTION)
			</value>
			<value id="9">右标题(RIGHTOFCAPTION)
			</value>
			<value id="10">左按钮(LEFTOFLASTBUTTON)
			</value>
			<value id="11">右按钮(RIGHTOFLASTBUTTON)
			</value>
			<value id="12">上按钮(ABOVELASTBUTTON)
			</value>
			<value id="13">下按钮(BELOWLASTBUTTON)
			</value>
		</values>
	</enum>
	<enum id="4009" name="图标(ICONEFFECT)">
		<values>
			<value id="0">无(NONE)
			</value>
			<value id="1">发光(GLOW)
			</value>
			<value id="2">阴影(SHADOW)
			</value>
			<value id="3">脉冲(PULSE)
			</value>
			<value id="4">透明(ALPHA)
			</value>
		</values>
	</enum>
	<enum id="4010" name="文本阴影类型(TEXTSHADOWTYPE)">
		<values>
			<value id="0">无(NONE)
			</value>
			<value id="1">单一(SINGLE)
			</value>
			<value id="2">延伸(CONTINUOUS)
			</value>
		</values>
	</enum>
	<enum id="4012" name="字形类型(GLYPHTYPE)">
		<values>
			<value id="0">无(NONE)
			</value>
			<value id="1">图像放大(IMAGEGLYPH)
			</value>
			<value id="2">浮雕(FONTGLYPH)
			</value>
		</values>
	</enum>
	<enum id="4013" name="图像选择类型(IMAGESELECTTYPE)">
		<values>
			<value id="0">无(NONE)
			</value>
			<value id="1">尺寸(SIZE)
			</value>
			<value id="2">清晰度(DPI)
			</value>
		</values>
	</enum>
	<enum id="4015" name="开启尺寸渐变类型(TRUESIZESCALINGTYPE)">
		<values>
			<value id="0">无(NONE)
			</value>
			<value id="1">尺寸(SIZE)
			</value>
			<value id="2">清晰度(DPI)
			</value>
		</values>
	</enum>
	<enum id="4014" name="字形缩放类型(GLYPHFONTSIZINGTYPE)">
		<values>
			<value id="0">无(NONE)
			</value>
			<value id="1">尺寸(SIZE)
			</value>
			<value id="2">清晰度(DPI)
			</value>
		</values>
	</enum>
	<enum id="5102" name="5102">
		<values>
			<value id="0">0
			</value>
			<value id="1">1
			</value>
			<value id="2">2
			</value>
			<value id="3">3
			</value>
			<value id="5">5
			</value>
			<value id="6">6
			</value>
			<value id="9">9
			</value>
			<value id="12">12
			</value>
		</values>
	</enum>
	<enum id="5110" name="5110">
		<values>
			<value id="0">ActiveTitle
			</value>
			<value id="1">TitleText
			</value>
			<value id="2">ButtonFace
			</value>
			<value id="3">ButtonText
			</value>
			<value id="4">Background
			</value>
			<value id="5">GrayText
			</value>
			<value id="6">HotTrackingColor
			</value>
			<value id="7">InactiveTitle
			</value>
			<value id="8">InactiveTitleText
			</value>
			<value id="9">Hilight
			</value>
			<value id="10">HilightText
			</value>
			<value id="11">Window
			</value>
			<value id="12">WindowText
			</value>
		</values>
	</enum>
	<enum id="5111" name="5111">
		<values>
			<value id="0">ActiveTitle
			</value>
			<value id="1">TitleText
			</value>
			<value id="2">ButtonFace
			</value>
			<value id="3">ButtonText
			</value>
			<value id="4">Background
			</value>
			<value id="5">GrayText
			</value>
			<value id="6">HotTrackingColor
			</value>
			<value id="7">InactiveTitle
			</value>
			<value id="8">InactiveTitleText
			</value>
			<value id="9">Hilight
			</value>
			<value id="10">HilightText
			</value>
			<value id="11">Window
			</value>
			<value id="12">WindowText
			</value>
		</values>
	</enum>
	<enum id="5112" name="5112">
		<values>
			<value id="0">ActiveTitle
			</value>
			<value id="1">TitleText
			</value>
			<value id="2">ButtonFace
			</value>
			<value id="3">ButtonText
			</value>
			<value id="4">Background
			</value>
			<value id="5">GrayText
			</value>
			<value id="6">HotTrackingColor
			</value>
			<value id="7">InactiveTitle
			</value>
			<value id="8">InactiveTitleText
			</value>
			<value id="9">Hilight
			</value>
			<value id="10">HilightText
			</value>
			<value id="11">Window
			</value>
			<value id="12">WindowText
			</value>
		</values>
	</enum>
	<enum id="5113" name="5113">
		<values>
			<value id="0">ActiveTitle
			</value>
			<value id="1">TitleText
			</value>
			<value id="2">ButtonFace
			</value>
			<value id="3">ButtonText
			</value>
			<value id="4">Background
			</value>
			<value id="5">GrayText
			</value>
			<value id="6">HotTrackingColor
			</value>
			<value id="7">InactiveTitle
			</value>
			<value id="8">InactiveTitleText
			</value>
			<value id="9">Hilight
			</value>
			<value id="10">HilightText
			</value>
			<value id="11">Window
			</value>
			<value id="12">WindowText
			</value>
		</values>
	</enum>
	<enum id="5114" name="5114">
		<values>
			<value id="0">ActiveTitle
			</value>
			<value id="1">TitleText
			</value>
			<value id="2">ButtonFace
			</value>
			<value id="3">ButtonText
			</value>
			<value id="4">Background
			</value>
			<value id="5">GrayText
			</value>
			<value id="6">HotTrackingColor
			</value>
			<value id="7">InactiveTitle
			</value>
			<value id="8">InactiveTitleText
			</value>
			<value id="9">Hilight
			</value>
			<value id="10">HilightText
			</value>
			<value id="11">Window
			</value>
			<value id="12">WindowText
			</value>
		</values>
	</enum>
	<enum id="5115" name="5115">
		<values>
			<value id="0">ActiveTitle
			</value>
			<value id="1">TitleText
			</value>
			<value id="2">ButtonFace
			</value>
			<value id="3">ButtonText
			</value>
			<value id="4">Background
			</value>
			<value id="5">GrayText
			</value>
			<value id="6">HotTrackingColor
			</value>
			<value id="7">InactiveTitle
			</value>
			<value id="8">InactiveTitleText
			</value>
			<value id="9">Hilight
			</value>
			<value id="10">HilightText
			</value>
			<value id="11">Window
			</value>
			<value id="12">WindowText
			</value>
		</values>
	</enum>
	<enum id="5116" name="5116">
		<values>
			<value id="0">ActiveTitle
			</value>
			<value id="1">TitleText
			</value>
			<value id="2">ButtonFace
			</value>
			<value id="3">ButtonText
			</value>
			<value id="4">Background
			</value>
			<value id="5">GrayText
			</value>
			<value id="6">HotTrackingColor
			</value>
			<value id="7">InactiveTitle
			</value>
			<value id="8">InactiveTitleText
			</value>
			<value id="9">Hilight
			</value>
			<value id="10">HilightText
			</value>
			<value id="11">Window
			</value>
			<value id="12">WindowText
			</value>
		</values>
	</enum>
	<enum id="5117" name="5117">
		<values>
			<value id="0">ActiveTitle
			</value>
			<value id="1">TitleText
			</value>
			<value id="2">ButtonFace
			</value>
			<value id="3">ButtonText
			</value>
			<value id="4">Background
			</value>
			<value id="5">GrayText
			</value>
			<value id="6">HotTrackingColor
			</value>
			<value id="7">InactiveTitle
			</value>
			<value id="8">InactiveTitleText
			</value>
			<value id="9">Hilight
			</value>
			<value id="10">HilightText
			</value>
			<value id="11">Window
			</value>
			<value id="12">WindowText
			</value>
		</values>
	</enum>
	<enum id="5118" name="5118">
		<values>
			<value id="0">ActiveTitle
			</value>
			<value id="1">TitleText
			</value>
			<value id="2">ButtonFace
			</value>
			<value id="3">ButtonText
			</value>
			<value id="4">Background
			</value>
			<value id="5">GrayText
			</value>
			<value id="6">HotTrackingColor
			</value>
			<value id="7">InactiveTitle
			</value>
			<value id="8">InactiveTitleText
			</value>
			<value id="9">Hilight
			</value>
			<value id="10">HilightText
			</value>
			<value id="11">Window
			</value>
			<value id="12">WindowText
			</value>
		</values>
	</enum>
	<enum id="5119" name="5119">
		<values>
			<value id="0">ActiveTitle
			</value>
			<value id="1">TitleText
			</value>
			<value id="2">ButtonFace
			</value>
			<value id="3">ButtonText
			</value>
			<value id="4">Background
			</value>
			<value id="5">GrayText
			</value>
			<value id="6">HotTrackingColor
			</value>
			<value id="7">InactiveTitle
			</value>
			<value id="8">InactiveTitleText
			</value>
			<value id="9">Hilight
			</value>
			<value id="10">HilightText
			</value>
			<value id="11">Window
			</value>
			<value id="12">WindowText
			</value>
		</values>
	</enum>
	<enum id="5120" name="5120">
		<values>
			<value id="0">ActiveTitle
			</value>
			<value id="1">TitleText
			</value>
			<value id="2">ButtonFace
			</value>
			<value id="3">ButtonText
			</value>
			<value id="4">Background
			</value>
			<value id="5">GrayText
			</value>
			<value id="6">HotTrackingColor
			</value>
			<value id="7">InactiveTitle
			</value>
			<value id="8">InactiveTitleText
			</value>
			<value id="9">Hilight
			</value>
			<value id="10">HilightText
			</value>
			<value id="11">Window
			</value>
			<value id="12">WindowText
			</value>
		</values>
	</enum>
	<enum id="5121" name="5121">
		<values>
			<value id="0">ActiveTitle
			</value>
			<value id="1">TitleText
			</value>
			<value id="2">ButtonFace
			</value>
			<value id="3">ButtonText
			</value>
			<value id="4">Background
			</value>
			<value id="5">GrayText
			</value>
			<value id="6">HotTrackingColor
			</value>
			<value id="7">InactiveTitle
			</value>
			<value id="8">InactiveTitleText
			</value>
			<value id="9">Hilight
			</value>
			<value id="10">HilightText
			</value>
			<value id="11">Window
			</value>
			<value id="12">WindowText
			</value>
		</values>
	</enum>
	<enum id="5122" name="5122">
		<values>
			<value id="0">ActiveTitle
			</value>
			<value id="1">TitleText
			</value>
			<value id="2">ButtonFace
			</value>
			<value id="3">ButtonText
			</value>
			<value id="4">Background
			</value>
			<value id="5">GrayText
			</value>
			<value id="6">HotTrackingColor
			</value>
			<value id="7">InactiveTitle
			</value>
			<value id="8">InactiveTitleText
			</value>
			<value id="9">Hilight
			</value>
			<value id="10">HilightText
			</value>
			<value id="11">Window
			</value>
			<value id="12">WindowText
			</value>
		</values>
	</enum>
</enums>