
<properties>
	<!-- boolean properties -->
	<property name="总是显示(ALWAYSSHOWSIZINGBAR)" description="TRUE if the sizing bar associated with the part and state should always be shown."/>
	<property name="自动尺寸(AUTOSIZE)" description="TRUE if the nonclient caption area associated with the part and state vary with text width. "/>
	<property name="填充(BGFILL)" description="TRUE if true-sized images associated with the part and state are to be drawn on the background fill."/>
	<property name="边框(BORDERONLY)" description="TRUE if the image associated with the part and state should only have its border drawn. "/>
	<property name="合成(COMPOSITED)" description="TRUE if the control associated with the part and state will handle its own compositing of images. "/>
	<property name="合成不透明(COMPOSITEDOPAQUE)" description=""/>
	<property name="展开边框(DRAWBORDERS)" description=""/>
	<property name="平面菜单(FLATMENUS)" description="Describes how menus are drawn. If TRUE, menus are drawn without shadows. If FALSE, menus have shadows underneath them."/>
	<property name="字形(GLYPHONLY)" description="TRUE if the glyph associated with the part and state should be drawn without a background. "/>
	<property name="字形透明(GLYPHTRANSPARENT)" description="TRUE if the glyph associated with the part and state have transparent areas. "/>
	<property name="整体尺寸(INTEGRALSIZING)" description="TRUE if the truesize image or border associated with the part and state must be sized to a factor of 2. "/>
	<property name="局部化镜像(LOCALIZEDMIRRORIMAGE)" description=""/>
	<property name="镜像(MIRRORIMAGE)" description="TRUE if the image associated with the part and state should be flipped if the window is being viewed in right-to-left reading mode."/>
	<property name="无浮雕效果(NOETCHEDEFFECT)" description=""/>
	<property name="源缩放(SOURCEGROW)" description="TRUE if the image associated with the part and state will scale larger in size if necessary. "/>
	<property name="源变量(SOURCESHRINK)" description="TRUE if the image associated with the part and state will scale smaller in size if necessary. "/>
	<property name="文本应用覆盖(TEXTAPPLYOVERLAY)" description=""/>
	<property name="文本发光(TEXTGLOW)" description=""/>
	<property name="斜体字(TEXTITALIC)" description=""/>
	<property name="透明效果(TRANSPARENT)" description=""/>
	<property name="均匀尺寸(UNIFORMSIZING)" description="TRUE if the image associated with the part and state must have equal height and width. "/>
	<property name="用户图片(USERPICTURE)" description="TRUE if the image associated with the part and state is based on the current user. "/>
	<!-- color properties -->
	<property name="ACCENTCOLORHINT" description="The color used as an accent color hint for custom controls."/>
	<property name="ACTIVEBORDER" description=""/>
	<property name="ACTIVECAPTION" description=""/>
	<property name="APPWORKSPACE" description=""/>
	<property name="BACKGROUND" description=""/>
	<property name="BLENDCOLOR" description="The color used as a blend color."/>
	<property name="BODYTEXTCOLOR" description=""/>
	<property name="BORDERCOLOR" description="The color of the border associated with the part and state."/>
	<property name="BORDERCOLORHINT" description="The color used as a border color hint for custom controls."/>
	<property name="BTNFACE" description=""/>
	<property name="BTNHIGHLIGHT" description=""/>
	<property name="BTNSHADOW" description=""/>
	<property name="BTNTEXT" description=""/>
	<property name="BUTTONALTERNATEFACE" description=""/>
	<property name="CAPTIONTEXT" description=""/>
	<property name="DKSHADOW3D" description=""/>
	<property name="EDGEDKSHADOWCOLOR" description="The dark shadow color of the edge associated with this part and state."/>
	<property name="EDGEFILLCOLOR" description="The fill color of the edge associated with this part and state."/>
	<property name="EDGEHIGHLIGHTCOLOR" description="The highlight color of the edge associated with this part and state."/>
	<property name="EDGELIGHTCOLOR" description="The light color of the edge associated with this part and state."/>
	<property name="EDGESHADOWCOLOR" description="The shadow color of the edge associated with this part and state."/>
	<property name="FILLCOLOR" description="The color of the background fill associated with the part and state."/>
	<property name="FILLCOLORHINT" description="The color used as a fill color hint for custom controls."/>
	<property name="FROMCOLOR1" description=""/>
	<property name="FROMCOLOR2" description=""/>
	<property name="FROMCOLOR3" description=""/>
	<property name="FROMCOLOR4" description=""/>
	<property name="FROMCOLOR5" description=""/>
	<property name="GLOWCOLOR" description="The color of the glow for this part and state."/>
	<property name="GLYPHTEXTCOLOR" description="The color that the font-based glyph associated with this part and state will use."/>
	<property name="GLYPHTRANSPARENTCOLOR" description="The transparent glyph color associated with this part and state. If the GLYPHTRANSPARENT value for this part and state is TRUE, parts of the glyph that use this color are not drawn."/>
	<property name="GRADIENTACTIVECAPTION" description=""/>
	<property name="GRADIENTCOLOR1" description="The first color of the gradient associated with this part and state."/>
	<property name="GRADIENTCOLOR2" description="The second color of the gradient."/>
	<property name="GRADIENTCOLOR3" description="The third color of the gradient."/>
	<property name="GRADIENTCOLOR4" description="The fourth color of the gradient."/>
	<property name="GRADIENTCOLOR5" description="The fifth color of the gradient."/>
	<property name="GRADIENTINACTIVECAPTION" description=""/>
	<property name="GRAYTEXT" description=""/>
	<property name="HEADING1TEXTCOLOR" description=""/>
	<property name="HEADING2TEXTCOLOR" description=""/>
	<property name="HIGHLIGHT" description=""/>
	<property name="HIGHLIGHTTEXT" description=""/>
	<property name="HOTTRACKING" description=""/>
	<property name="INACTIVEBORDER" description=""/>
	<property name="INACTIVECAPTION" description=""/>
	<property name="INACTIVECAPTIONTEXT" description=""/>
	<property name="INFOBK" description=""/>
	<property name="INFOTEXT" description=""/>
	<property name="LIGHT3D" description=""/>
	<property name="MENU" description=""/>
	<property name="MENUBAR" description=""/>
	<property name="MENUHILIGHT" description=""/>
	<property name="MENUTEXT" description=""/>
	<property name="SCROLLBAR" description=""/>
	<property name="SHADOWCOLOR" description="The color of the shadow drawn underneath text associated with this part and state."/>
	<property name="TEXTBORDERCOLOR" description="The color of the text border associated with this part and state."/>
	<property name="TEXTCOLOR" description="The color of the text associated with this part and state."/>
	<property name="TEXTCOLORHINT" description=""/>
	<property name="TEXTSHADOWCOLOR" description="The color of the text shadow associated with this part and state."/>
	<property name="TRANSPARENTCOLOR" description="The transparent color associated with this part and state. If the TRANSPARENT value for this part and state is TRUE, parts of the graphic that use this color are not drawn."/>
	<property name="WINDOW" description=""/>
	<property name="WINDOWFRAME" description=""/>
	<property name="WINDOWTEXT" description=""/>
	<!-- diskstream properties -->
	<property name="ATLASIMAGE" description=""/>
	<!-- enum properties -->
	<property name="基本类型(BGTYPE)" description="这部分的基本绘图类型"/>
	<property name="BORDERTYPE" description="The type of border drawn if this part is a border fill."/>
	<property name="CONTENTALIGNMENT" description="The alignment of text in the caption associated with this part."/>
	<property name="FILLTYPE" description="The type of fill shape drawn if this part is a border fill."/>
	<property name="GLYPHTYPE" description="The type of glyph drawn on this part."/>
	<property name="GLYPHFONTSIZINGTYPE" description="The type of method used to select between different-sized glyphs."/>
	<property name="HALIGN" description="The horizontal alignment if this part uses a true-size image."/>
	<property name="ICONEFFECT" description="The type of effect to be displayed when this part is drawn using an effect."/>
	<property name="IMAGELAYOUT" description="The type of alignment used when multiple images are drawn."/>
	<property name="IMAGESELECTTYPE" description="The type of method used to select between sized images for this part."/>
	<property name="OFFSETTYPE" description="The alignment of this part on the window."/>
	<property name="SIZINGTYPE" description="The method used to size an image if this part uses an image file."/>
	<property name="TEXTSHADOWTYPE" description="The type of shadow effect to draw behind text associated with this part."/>
	<property name="TRUESIZESCALINGTYPE" description="The type of scaling used if this part uses a true-sized image."/>
	<property name="VALIGN" description="The vertical alignment if this part uses a true-size image."/>
	<!-- filename properties -->
	<property name="GLYPHIMAGEFILE" description="The  glyph image associated with this part and state."/>
	<property name="IMAGEFILE" description="The image associated with this part and state, or the image for multiple images associated with this part and state."/>
	<property name="IMAGEFILE1" description="The first scaled image associated with this part and state, for support of different resolutions."/>
	<property name="IMAGEFILE2" description="The second scaled image associated with this part and state, for support of different resolutions."/>
	<property name="IMAGEFILE3" description="The third scaled image associated with this part and state, for support of different resolutions."/>
	<property name="IMAGEFILE4" description="The fourth scaled image associated with this part and state, for support of different resolutions."/>
	<property name="IMAGEFILE5" description="The fifth scaled image associated with this part and state, for support of different resolutions."/>
	<property name="IMAGEFILE6" description="The sixth scaled image associated with this part and state, for support of different resolutions."/>
	<property name="SCALEDBACKGROUND" description=""/>
	<!-- font properties -->
	<property name="BODYFONT" description=""/>
	<property name="CAPTIONFONT" description=""/>
	<property name="GLYPHFONT" description="The font that the glyph associated with this part will be drawn with, if font-based glyphs are used."/>
	<property name="HEADING1FONT" description=""/>
	<property name="HEADING1FON2" description=""/>
	<property name="ICONTITLEFONT" description=""/>
	<property name="MENUFONT" description=""/>
	<property name="MSGBOXFONT" description=""/>
	<property name="SMALLCAPTIONFONT" description=""/>
	<property name="STATUSFONT" description=""/>
	<!-- int properties -->
	<property name="ALPHALEVEL" description="The alpha value (0-255) used for effects."/>
	<property name="ALPHATHRESHOLD" description="The minimum alpha value (0-255) that a pixel must have to be considered opaque."/>
	<property name="ANIMATIONDELAY" description=""/>
	<property name="ANIMATIONDURATION" description=""/>
	<property name="BORDERSIZE" description="The thickness of the border drawn if this part uses a border fill."/>
	<property name="CHARSET" description=""/>
	<property name="COLORIZATIONCOLOR" description=""/>
	<property name="COLORIZATIONOPACITY" description=""/>
	<property name="FRAMESPERSECOND" description=""/>
	<property name="FROMHUE1" description=""/>
	<property name="FROMHUE2" description=""/>
	<property name="FROMHUE3" description=""/>
	<property name="FROMHUE4" description=""/>
	<property name="FROMHUE5" description=""/>
	<property name="GLOWINTENSITY" description=""/>
	<property name="GLYPHINDEX" description="The character index into the selected font that will be used for the glyph, if the part uses a font-based glyph."/>
	<property name="GRADIENTRATIO1" description="The amount of the first gradient color (GRADIENTCOLOR1) to use in drawing the part. This value can be from 0 to 255, but this value plus the values of each of the GRADIENTRATIO values must add up to 255."/>
	<property name="GRADIENTRATIO2" description="The amount of the second gradient color (GRADIENTCOLOR1) to use in drawing the part. This value can be from 0 to 255, but this value plus the values of each of the GRADIENTRATIO values must add up to 255."/>
	<property name="GRADIENTRATIO3" description="The amount of the third gradient color (GRADIENTCOLOR1) to use in drawing the part. This value can be from 0 to 255, but this value plus the values of each of the GRADIENTRATIO values must add up to 255."/>
	<property name="GRADIENTRATIO4" description="The amount of the fourth gradient color (GRADIENTCOLOR1) to use in drawing the part. This value can be from 0 to 255, but this value plus the values of each of the GRADIENTRATIO values must add up to 255."/>
	<property name="GRADIENTRATIO5" description="The amount of the fifth gradient color (GRADIENTCOLOR1) to use in drawing the part. This value can be from 0 to 255, but this value plus the values of each of the GRADIENTRATIO values must add up to 255."/>
	<property name="HEIGHT" description="The height of the part."/>
	<property name="IMAGECOUNT" description="The number of state images present in an image file."/>
	<property name="MINCOLORDEPTH" description=""/>
	<property name="MINDPI1" description="The minimum dots per inch (dpi) that the first image file was designed for."/>
	<property name="MINDPI2" description="The minimum dpi that the second image file was designed for."/>
	<property name="MINDPI3" description="The minimum dpi that the third image file was designed for."/>
	<property name="MINDPI4" description="The minimum dpi that the fourth image file was designed for."/>
	<property name="MINDPI5" description="The minimum dpi that the fifth image file was designed for."/>
	<property name="MINDPI6" description="The minimum dpi that the sixth image file was designed for."/>
	<property name="OPACITY" description=""/>
	<property name="PIXELSPERFRAME" description=""/>
	<property name="PROGRESSCHUNKSIZE" description="The size of the progress control chunk shapes that define how far an operation has progressed."/>
	<property name="PROGRESSSPACESIZE" description="The total size of all of the progress control chunks."/>
	<property name="ROUNDCORNERHEIGHT" description="The roundness (0 to 100 percent) of the part's corners."/>
	<property name="ROUNDCORNERWIDTH" description="The roundness (0 to 100 percent) of the part's corners."/>
	<property name="SATURATION" description="The amount of saturation (0-255) to apply to an icon drawn using an effect."/>
	<property name="TEXTBORDERSIZE" description="The thickness of the border drawn around text characters."/>
	<property name="TEXTGLOWSIZE" description=""/>
	<property name="TOCOLOR1" description=""/>
	<property name="TOCOLOR2" description=""/>
	<property name="TOCOLOR3" description=""/>
	<property name="TOCOLOR4" description=""/>
	<property name="TOCOLOR5" description=""/>
	<property name="TOHUE1" description=""/>
	<property name="TOHUE2" description=""/>
	<property name="TOHUE3" description=""/>
	<property name="TOHUE4" description=""/>
	<property name="TOHUE5" description=""/>
	<property name="TRUESIZESTRETCHMARK" description="The percentage of a true-size image's original size at which the image will be stretched."/>
	<property name="WIDTH" description="The width of the part."/>
	<!-- intlist properties -->
	<property name="TRANSITIONDURATIONS" description="The duration of each frame when doing a transition between two images."/>
	<!-- margins properties -->
	<property name="CAPTIONMARGINS" description="The margins that define where caption text may be placed within a part."/>
	<property name="CONTENTMARGINS" description="The margins that define where content may be placed within a part. "/>
	<property name="SIZINGMARGINS" description="The margins used for sizing a non-true-size image."/>
	<!-- position properties -->
	<property name="MINSIZE" description="The minimum size that the normal image file can be used for before moving to the next smallest image file. "/>
	<property name="MINSIZE1" description="The minimum size that the first small image file can be used for."/>
	<property name="MINSIZE2" description="The minimum size that the second small image file can be used for."/>
	<property name="MINSIZE3" description="The minimum size that the third small image file can be used for."/>
	<property name="MINSIZE4" description="The minimum size that the fourth small image file can be used for."/>
	<property name="MINSIZE5" description="The minimum size that the fifth small image file can be used for."/>
	<property name="NORMALSIZE" description="The size of the normal image associated with this part. "/>
	<property name="OFFSET" description="The position offset from the alignment for this part. The alignment is defined by the OFFSETTYPE value."/>
	<property name="TEXTSHADOWOFFSET" description="The offset from the text at which text shadows are drawn."/>
	<!-- rect properties -->
	<property name="ANIMATIONBUTTONRECT" description=""/>
	<property name="ATLASRECT" description="The placement and size of an image in the Aero map."/>
	<property name="CUSTOMSPLITRECT" description=""/>
	<property name="DEFAULTPANESIZE" description="The default size of the part."/>
	<!-- size properties -->
	<property name="HEIGHT" description="Image height."/>
	<property name="WIDTH" description="Image width."/>
	<property name="CAPTIONBARHEIGHT" description="Caption bar height."/>
	<property name="CAPTIONBARWIDTH" description="Caption bar width."/>
	<property name="MENUBARHEIGHT" description="Menu bar height."/>
	<property name="MENUBARWIDTH" description="Menu bar width."/>
	<property name="PADDEDBORDERWIDTH" description="Padded border width."/>
	<property name="SCROLLBARHEIGHT" description="Scroll bar height."/>
	<property name="SCROLLBARWIDTH" description="Scroll bar width."/>
	<property name="SIZINGBORDERWIDTH" description="Width of a sizing border."/>
	<property name="SMCAPTIONBARHEIGHT" description="Small caption bar height."/>
	<property name="SMCAPTIONBARWIDTH" description="Small caption bar width."/>
	<!-- string properties -->
	<property name="ALIAS" description=""/>
	<property name="ATLASINPUTIMAGE" description=""/>
	<property name="AUTHOR" description=""/>
	<property name="CLASSICVALUE" description=""/>
	<property name="COLORSCHEMES" description=""/>
	<property name="COMPANY" description=""/>
	<property name="COPYRIGHT" description=""/>
	<property name="CSSNAME" description="The name of the Cascading Style Sheets (CSS) file associated with the theme specified by the theme."/>
	<property name="DESCRIPTION" description=""/>
	<property name="DISPLAYNAME" description=""/>
	<property name="LASTUPDATED" description=""/>
	<property name="SIZES" description=""/>
	<property name="TEXT" description="The text displayed by the part."/>
	<property name="TOOLTIP" description=""/>
	<property name="URL" description=""/>
	<property name="VERSION" description=""/>
	<property name="XMLNAME" description="The name of the XML file associated with the theme specified by the theme."/>
	<property name="NAME" description=""/>
</properties>