<!--
	Author:	Mr GRiM
-->
<stylescript>
	<copy>
		<properties sourceClass="SIB_StartPanelComposited::StartPanelPriv" sourcePart="0" destClass="StartPanelComposited::StartPanelPriv" destPart="0"/>
		<properties sourceClass="SIB_StartPanelComposited::StartPanelPriv" sourcePart="1" destClass="StartPanelComposited::StartPanelPriv" destPart="1"/>
		<properties sourceClass="SIB_StartPanelComposited::StartPanelPriv" sourcePart="2" destClass="StartPanelComposited::StartPanelPriv" destPart="2"/>
		<properties sourceClass="SIB_StartPanelComposited::StartPanelPriv" sourcePart="3" destClass="StartPanelComposited::StartPanelPriv" destPart="3"/>
		<properties sourceClass="SIB_StartPanelComposited::StartPanelPriv" sourcePart="4" destClass="StartPanelComposited::StartPanelPriv" destPart="4"/>
		<properties sourceClass="SIB_StartPanelComposited::StartPanelPriv" sourcePart="5" destClass="StartPanelComposited::StartPanelPriv" destPart="5"/>
		<properties sourceClass="SIB_StartPanelComposited::StartPanelPriv" sourcePart="6" destClass="StartPanelComposited::StartPanelPriv" destPart="6"/>
		<properties sourceClass="SIB_StartPanelComposited::StartPanelPriv" sourcePart="7" destClass="StartPanelComposited::StartPanelPriv" destPart="7"/>
		<properties sourceClass="SIB_StartPanelComposited::StartPanelPriv" sourcePart="8" destClass="StartPanelComposited::StartPanelPriv" destPart="8"/>
		<properties sourceClass="SIB_StartPanelComposited::StartPanelPriv" sourcePart="9" destClass="StartPanelComposited::StartPanelPriv" destPart="9"/>
		<properties sourceClass="SIB_StartPanelComposited::StartPanelPriv" sourcePart="10" destClass="StartPanelComposited::StartPanelPriv" destPart="10"/>
		<properties sourceClass="SIB_StartPanelComposited::StartPanelPriv" sourcePart="11" destClass="StartPanelComposited::StartPanelPriv" destPart="11"/>
		<properties sourceClass="SIB_StartPanelComposited::StartPanelPriv" sourcePart="12" destClass="StartPanelComposited::StartPanelPriv" destPart="12"/>
		<properties sourceClass="SIB_StartPanelComposited::StartPanelPriv" sourcePart="13" destClass="StartPanelComposited::StartPanelPriv" destPart="13"/>
		<properties sourceClass="SIB_StartPanelComposited::StartPanelPriv" sourcePart="14" destClass="StartPanelComposited::StartPanelPriv" destPart="14"/>
		<properties sourceClass="SIB_StartPanelComposited::StartPanelPriv" sourcePart="15" destClass="StartPanelComposited::StartPanelPriv" destPart="15"/>
		<properties sourceClass="SIB_StartPanelComposited::StartPanelPriv" sourcePart="16" destClass="StartPanelComposited::StartPanelPriv" destPart="16"/>
		<properties sourceClass="SIB_StartPanelComposited::StartPanelPriv" sourcePart="16" sourceState="1" destClass="StartPanelComposited::StartPanelPriv" destPart="16" destState="1"/>
		<properties sourceClass="SIB_StartPanelComposited::StartPanelPriv" sourcePart="16" sourceState="2" destClass="StartPanelComposited::StartPanelPriv" destPart="16" destState="2"/>
		<properties sourceClass="SIB_StartPanelComposited::StartPanelPriv" sourcePart="17" destClass="StartPanelComposited::StartPanelPriv" destPart="17"/>
		<properties sourceClass="SIB_StartPanelComposited::StartPanelPriv" sourcePart="18" destClass="StartPanelComposited::StartPanelPriv" destPart="18"/>
		<properties sourceClass="SIB_StartPanelComposited::StartPanelPriv" sourcePart="19" destClass="StartPanelComposited::StartPanelPriv" destPart="19"/>
		<properties sourceClass="SIB_StartPanelComposited::StartPanelPriv" sourcePart="20" destClass="StartPanelComposited::StartPanelPriv" destPart="20"/>
		<properties sourceClass="SIB_StartPanelComposited::StartPanelPriv" sourcePart="21" destClass="StartPanelComposited::StartPanelPriv" destPart="21"/>
		<properties sourceClass="SIB_StartPanelComposited::StartPanelPriv" sourcePart="22" destClass="StartPanelComposited::StartPanelPriv" destPart="22"/>
		<properties sourceClass="SIB_StartPanelComposited::StartPanelPriv" sourcePart="23" destClass="StartPanelComposited::StartPanelPriv" destPart="23"/>
		<properties sourceClass="SIB_StartPanelComposited::StartPanelPriv" sourcePart="24" destClass="StartPanelComposited::StartPanelPriv" destPart="24"/>
		<properties sourceClass="SIB_StartPanelComposited::StartPanelPriv" sourcePart="25" destClass="StartPanelComposited::StartPanelPriv" destPart="25"/>
		<properties sourceClass="SIB_StartPanelComposited::StartPanelPriv" sourcePart="26" destClass="StartPanelComposited::StartPanelPriv" destPart="26"/>
		<properties sourceClass="SIB_StartPanelComposited::StartPanelPriv" sourcePart="27" destClass="StartPanelComposited::StartPanelPriv" destPart="27"/>
		<properties sourceClass="SIB_StartPanelComposited::StartPanelPriv" sourcePart="28" destClass="StartPanelComposited::StartPanelPriv" destPart="28"/>
		<properties sourceClass="SIB_StartPanelComposited::StartPanelPriv" sourcePart="29" destClass="StartPanelComposited::StartPanelPriv" destPart="29"/>
		<properties sourceClass="SIB_StartPanelComposited::StartPanelPriv" sourcePart="30" destClass="StartPanelComposited::StartPanelPriv" destPart="30"/>
		<properties sourceClass="SIB_StartPanelComposited::StartPanelPriv" sourcePart="31" destClass="StartPanelComposited::StartPanelPriv" destPart="31"/>
		<properties sourceClass="SIB_StartPanelComposited::StartPanelPriv" sourcePart="32" destClass="StartPanelComposited::StartPanelPriv" destPart="32"/>
		<properties sourceClass="SIB_StartPanelComposited::StartPanelPriv" sourcePart="33" destClass="StartPanelComposited::StartPanelPriv" destPart="33"/>
		<properties sourceClass="SIB_StartPanelComposited::StartPanelPriv" sourcePart="34" destClass="StartPanelComposited::StartPanelPriv" destPart="34"/>
		<properties sourceClass="SIB_StartPanelComposited::StartPanelPriv" sourcePart="35" destClass="StartPanelComposited::StartPanelPriv" destPart="35"/>
		<properties sourceClass="SIB_StartPanelComposited::StartPanelPriv" sourcePart="36" destClass="StartPanelComposited::StartPanelPriv" destPart="36"/>
		<properties sourceClass="SIB_StartPanelComposited::StartPanelPriv" sourcePart="37" destClass="StartPanelComposited::StartPanelPriv" destPart="37"/>
		<properties sourceClass="SIB_StartPanelComposited::StartPanelPriv" sourcePart="37" sourceState="1" destClass="StartPanelComposited::StartPanelPriv" destPart="37" destState="1"/>
		<properties sourceClass="SIB_StartPanelComposited::StartPanelPriv" sourcePart="37" sourceState="2" destClass="StartPanelComposited::StartPanelPriv" destPart="37" destState="2"/>
		<properties sourceClass="SIB_StartPanelComposited::StartPanelPriv" sourcePart="37" sourceState="3" destClass="StartPanelComposited::StartPanelPriv" destPart="37" destState="3"/>
		<properties sourceClass="SIB_StartPanelComposited::StartPanelPriv" sourcePart="38" destClass="StartPanelComposited::StartPanelPriv" destPart="38"/>
		<properties sourceClass="SIB_StartPanelComposited::StartPanelPriv" sourcePart="38" sourceState="1" destClass="StartPanelComposited::StartPanelPriv" destPart="38" destState="1"/>
		<properties sourceClass="SIB_StartPanelComposited::StartPanelPriv" sourcePart="38" sourceState="2" destClass="StartPanelComposited::StartPanelPriv" destPart="38" destState="2"/>
		<properties sourceClass="SIB_StartPanelComposited::StartPanelPriv" sourcePart="38" sourceState="3" destClass="StartPanelComposited::StartPanelPriv" destPart="38" destState="3"/>
		<properties sourceClass="StartMenuPlaceListComposited::ListView" sourcePart="0" destClass="TaskbarJumpList::ListView" destPart="0"/>
		<properties sourceClass="StartMenuPlaceListComposited::ListView" sourcePart="1" destClass="TaskbarJumpList::ListView" destPart="1"/>
		<properties sourceClass="StartMenuPlaceListComposited::ListView" sourcePart="6" destClass="TaskbarJumpList::ListView" destPart="6"/>
		<properties sourceClass="StartMenuPlaceListComposited::ListView" sourcePart="7" destClass="TaskbarJumpList::ListView" destPart="7"/>
		<properties sourceClass="StartMenuKeyBoard::TreeView" sourcePart="0" destClass="StartMenuKeyBoardComposited::TreeView" destPart="0"/>
		<properties sourceClass="StartMenuKeyBoard::TreeView" sourcePart="1" destClass="StartMenuKeyBoardComposited::TreeView" destPart="1"/>
		<properties sourceClass="StartMenuKeyBoard::TreeView" sourcePart="2" destClass="StartMenuKeyBoardComposited::TreeView" destPart="2"/>
		<properties sourceClass="StartMenuKeyBoard::TreeView" sourcePart="3" destClass="StartMenuKeyBoardComposited::TreeView" destPart="3"/>
		<properties sourceClass="StartMenuKeyBoard::TreeView" sourcePart="4" destClass="StartMenuKeyBoardComposited::TreeView" destPart="4"/>
		<properties sourceClass="StartMenuKeyBoard::TreeView" sourcePart="1" sourceState="6" destClass="StartMenuKeyBoardComposited::TreeView" destPart="1" destState="6"/>
		<properties sourceClass="StartMenuKeyBoard::TreeView" sourcePart="1" sourceState="1" destClass="StartMenuKeyBoardComposited::TreeView" destPart="1" destState="1"/>
		<properties sourceClass="StartMenuKeyBoard::TreeView" sourcePart="1" sourceState="2" destClass="StartMenuKeyBoardComposited::TreeView" destPart="1" destState="2"/>
		<properties sourceClass="StartMenuKeyBoard::TreeView" sourcePart="1" sourceState="3" destClass="StartMenuKeyBoardComposited::TreeView" destPart="1" destState="3"/>
		<properties sourceClass="StartMenuKeyBoard::TreeView" sourcePart="1" sourceState="4" destClass="StartMenuKeyBoardComposited::TreeView" destPart="1" destState="4"/>
		<properties sourceClass="StartMenuKeyBoard::TreeView" sourcePart="1" sourceState="5" destClass="StartMenuKeyBoardComposited::TreeView" destPart="1" destState="5"/>
		<properties sourceClass="StartMenuKeyBoard::TreeView" sourcePart="1" sourceState="6" destClass="StartMenuKeyBoardComposited::TreeView" destPart="1" destState="6"/>
		<properties sourceClass="StartMenuHover::TreeView" sourcePart="0" destClass="StartMenuHoverComposited::TreeView" destPart="0"/>
		<properties sourceClass="StartMenuHover::TreeView" sourcePart="1" destClass="StartMenuHoverComposited::TreeView" destPart="1"/>
		<properties sourceClass="StartMenuHover::TreeView" sourcePart="2" destClass="StartMenuHoverComposited::TreeView" destPart="2"/>
		<properties sourceClass="StartMenuHover::TreeView" sourcePart="3" destClass="StartMenuHoverComposited::TreeView" destPart="3"/>
		<properties sourceClass="StartMenuHover::TreeView" sourcePart="4" destClass="StartMenuHoverComposited::TreeView" destPart="4"/>
		<properties sourceClass="StartMenuHover::TreeView" sourcePart="1" sourceState="1" destClass="StartMenuHoverComposited::TreeView" destPart="1" destState="1"/>
		<properties sourceClass="StartMenuHover::TreeView" sourcePart="1" sourceState="2" destClass="StartMenuHoverComposited::TreeView" destPart="1" destState="2"/>
		<properties sourceClass="StartMenuHover::TreeView" sourcePart="1" sourceState="3" destClass="StartMenuHoverComposited::TreeView" destPart="1" destState="3"/>
		<properties sourceClass="StartMenuHover::TreeView" sourcePart="1" sourceState="4" destClass="StartMenuHoverComposited::TreeView" destPart="1" destState="4"/>
		<properties sourceClass="StartMenuHover::TreeView" sourcePart="1" sourceState="5" destClass="StartMenuHoverComposited::TreeView" destPart="1" destState="5"/>
	</copy>
	<add>
		<property class="TaskbandExtendedUI" part="0" state="0" name="COMPOSITED:BOOL" value="true"/>
		<property class="TaskbandExtendedUI" part="1" state="0" name="BGTYPE:ENUM" value="BORDERFILL"/>
		<property class="TaskbandExtendedUI" part="1" state="0" name="CONTENTMARGINS:MARGINS" value="8, 8, 8, 8"/>
		<property class="TaskbandExtendedUI" part="10" state="0" name="BGTYPE:ENUM" value="IMAGEFILE"/>
		<property class="TaskbandExtendedUI" part="10" state="0" name="SIZINGTYPE:ENUM" value="STRETCH"/>
		<property class="TaskbandExtendedUI" part="10" state="0" name="IMAGELAYOUT:ENUM" value="VERTICAL"/>
		<property class="TaskbandExtendedUI" part="10" state="0" name="GLYPHTYPE:ENUM" value="IMAGEGLYPH"/>
		<property class="TaskbandExtendedUI" part="10" state="0" name="IMAGESELECTTYPE:ENUM" value="DPI"/>
		<property class="TaskbandExtendedUI" part="10" state="0" name="IMAGECOUNT:INT" value="2"/>
		<property class="TaskbandExtendedUI" part="10" state="0" name="TRANSPARENT:BOOL" value="true"/>
		<property class="TaskbandExtendedUI" part="10" state="0" name="GLYPHTRANSPARENT:BOOL" value="true"/>
		<property class="TaskbandExtendedUI" part="10" state="0" name="CONTENTMARGINS:MARGINS" value="0, 0, 0, 0"/>
		<property class="TaskbandExtendedUI" part="10" state="0" name="IMAGEFILE:FILENAME" value="Win10\TaskbandExtendedUI_CloseCaptionImage.png"/>
		<property class="TaskbandExtendedUI" part="10" state="0" name="WIDTH:INT" value="32"/>
		<property class="TaskbandExtendedUI" part="10" state="0" name="HEIGHT:INT" value="32"/>
		<property class="TaskbandExtendedUI" part="11" state="0" name="BGTYPE:ENUM" value="IMAGEFILE"/>
		<property class="TaskbandExtendedUI" part="11" state="0" name="SIZINGTYPE:ENUM" value="TRUESIZE"/>
		<property class="TaskbandExtendedUI" part="11" state="0" name="IMAGELAYOUT:ENUM" value="VERTICAL"/>
		<property class="TaskbandExtendedUI" part="11" state="0" name="IMAGECOUNT:INT" value="24"/>
		<property class="TaskbandExtendedUI" part="11" state="0" name="FILLCOLORHINT:COLOR" value="77775C"/>
		<property class="TaskbandExtendedUI" part="11" state="0" name="CONTENTMARGINS:MARGINS" value="0, 0, 0, 0"/>
		<property class="TaskbandExtendedUI" part="11" state="0" name="IMAGEFILE:FILENAME" value="Win10\TaskbandExtendedUI_ScrollBarImage.png"/>
		<property class="TaskbandExtendedUI" part="12" state="0" name="BGTYPE:ENUM" value="IMAGEFILE"/>
		<property class="TaskbandExtendedUI" part="12" state="0" name="SIZINGTYPE:ENUM" value="STRETCH"/>
		<property class="TaskbandExtendedUI" part="12" state="0" name="IMAGELAYOUT:ENUM" value="VERTICAL"/>
		<property class="TaskbandExtendedUI" part="12" state="0" name="IMAGECOUNT:INT" value="2"/>
		<property class="TaskbandExtendedUI" part="12" state="0" name="TRANSPARENT:BOOL" value="true"/>
		<property class="TaskbandExtendedUI" part="12" state="0" name="SIZINGMARGINS:MARGINS" value="38, 38, 0, 0"/>
		<property class="TaskbandExtendedUI" part="12" state="0" name="CONTENTMARGINS:MARGINS" value="1, 0, 0, 0"/>
		<property class="TaskbandExtendedUI" part="12" state="0" name="IMAGEFILE:FILENAME" value="Win10\TaskbandExtendedUI_Shadow TopImage.png"/>
		<property class="TaskbandExtendedUI" part="13" state="0" name="BGTYPE:ENUM" value="IMAGEFILE"/>
		<property class="TaskbandExtendedUI" part="13" state="0" name="SIZINGTYPE:ENUM" value="STRETCH"/>
		<property class="TaskbandExtendedUI" part="13" state="0" name="IMAGELAYOUT:ENUM" value="VERTICAL"/>
		<property class="TaskbandExtendedUI" part="13" state="0" name="IMAGECOUNT:INT" value="2"/>
		<property class="TaskbandExtendedUI" part="13" state="0" name="TRANSPARENT:BOOL" value="true"/>
		<property class="TaskbandExtendedUI" part="13" state="0" name="SIZINGMARGINS:MARGINS" value="0, 0, 13, 13"/>
		<property class="TaskbandExtendedUI" part="13" state="0" name="IMAGEFILE:FILENAME" value="Win10\TaskbandExtendedUI_Shadow LeftImage.png"/>
		<property class="TaskbandExtendedUI" part="14" state="0" name="BGTYPE:ENUM" value="IMAGEFILE"/>
		<property class="TaskbandExtendedUI" part="14" state="0" name="SIZINGTYPE:ENUM" value="STRETCH"/>
		<property class="TaskbandExtendedUI" part="14" state="0" name="IMAGELAYOUT:ENUM" value="VERTICAL"/>
		<property class="TaskbandExtendedUI" part="14" state="0" name="IMAGECOUNT:INT" value="2"/>
		<property class="TaskbandExtendedUI" part="14" state="0" name="TRANSPARENT:BOOL" value="true"/>
		<property class="TaskbandExtendedUI" part="14" state="0" name="SIZINGMARGINS:MARGINS" value="0, 0, 13, 13"/>
		<property class="TaskbandExtendedUI" part="14" state="0" name="IMAGEFILE:FILENAME" value="Win10\TaskbandExtendedUI_Shadow RightImage.png"/>
		<property class="TaskbandExtendedUI" part="15" state="0" name="BGTYPE:ENUM" value="IMAGEFILE"/>
		<property class="TaskbandExtendedUI" part="15" state="0" name="SIZINGTYPE:ENUM" value="STRETCH"/>
		<property class="TaskbandExtendedUI" part="15" state="0" name="IMAGELAYOUT:ENUM" value="VERTICAL"/>
		<property class="TaskbandExtendedUI" part="15" state="0" name="IMAGECOUNT:INT" value="2"/>
		<property class="TaskbandExtendedUI" part="15" state="0" name="TRANSPARENT:BOOL" value="true"/>
		<property class="TaskbandExtendedUI" part="15" state="0" name="SIZINGMARGINS:MARGINS" value="38, 38, 0, 0"/>
		<property class="TaskbandExtendedUI" part="15" state="0" name="IMAGEFILE:FILENAME" value="Win10\TaskbandExtendedUI_Shadow BottomImage.png"/>
		<property class="TaskbandExtendedUI" part="16" state="0" name="BGTYPE:ENUM" value="BORDERFILL"/>
		<property class="TaskbandExtendedUI" part="16" state="0" name="ALPHALEVEL:INT" value="51"/>
		<property class="TaskbandExtendedUI" part="16" state="0" name="FILLCOLOR:COLOR" value="CCCCCC"/>
	<!-- Taskband2 -->
		<property class="Taskband2" part="5" state="0" name="SIZINGMARGINS:MARGINS" value="3, 3, 3, 3"/>
		<property class="TaskBand2Vertical::TaskBand2" part="5" state="0" name="SIZINGMARGINS:MARGINS" value="3, 3, 3, 3"/>
		<property class="Taskband2SmallIcons::Taskband2" part="5" state="0" name="SIZINGMARGINS:MARGINS" value="3, 3, 3, 3"/>
		<property class="Taskband2" part="6" state="0" name="WIDTH:INT" value="3"/>
		<property class="Taskband2" part="7" state="0" name="WIDTH:INT" value="8"/>
		<property class="Taskband2" part="8" state="0" name="WIDTH:INT" value="3"/>
		<property class="Taskband2" part="9" state="0" name="WIDTH:INT" value="2"/>
		<property class="Taskband2" part="10" state="0" name="WIDTH:INT" value="1"/>
	<!-- TrayNotify -->
		<property class="TrayNotifyHoriz::TrayNotify" part="1" state="0" name="CONTENTMARGINS:MARGINS" value="0, 1, 0, 0"/>
		<property class="TrayNotifyHoriz::TrayNotify" part="0" state="0" name="TEXTGLOWSIZE:INT" value="0"/>
		<property class="TrayNotifyHoriz::TrayNotify" part="0" state="0" name="COMPOSITED:BOOL" value="true"/>
		<property class="TrayNotifyVert::TrayNotify" part="1" state="0" name="CONTENTMARGINS:MARGINS" value="6, 5, 0, 1"/>
		<property class="TrayNotifyVert::TrayNotify" part="0" state="0" name="TEXTGLOWSIZE:INT" value="0"/>
		<property class="TrayNotifyVert::TrayNotify" part="0" state="0" name="COMPOSITED:BOOL" value="true"/>
		<property class="TrayNotify::Clock" part="0" state="0" name="TEXTGLOWSIZE:INT" value="0"/>
		<property class="TrayNotifyFlyout" part="3" state="0" name="CONTENTMARGINS:MARGINS" value="12, 12, 12, 12"/>
		<property class="TrayNotifyFlyout" part="3" state="0" name="WIDTH:INT" value="16"/>
		<property class="TrayNotifyFlyout" part="3" state="0" name="HEIGHT:INT" value="16"/>
	</add>
	<copy>
		<properties sourceClass="ShowDesktop::Button" sourcePart="1" sourceState="0" destClass="ShowDesktop::Button" destPart="0" destState="0"/>
		<properties sourceClass="VerticalShowDesktop::Button" sourcePart="1" sourceState="0" destClass="VerticalShowDesktop::Button" destPart="0" destState="0"/>
		<properties sourceClass="TrayNotifyComposited::Clock" sourcePart="0" sourceState="0" destClass="TrayNotify::Clock" destPart="0" destState="0"/>
		<property sourceClass="TrayNotify::Clock" sourcePart="0" sourceState="0" name="TEXTCOLOR:COLOR" destClass="TrayNotify::Clock" destPart="0" destState="1"/>
		<property sourceClass="TrayNotify::Clock" sourcePart="0" sourceState="0" name="TEXTCOLOR:COLOR" destClass="TrayNotify::Clock" destPart="0" destState="2"/>
		<property sourceClass="TrayNotify::Clock" sourcePart="0" sourceState="0" name="TEXTCOLOR:COLOR" destClass="TrayNotify::Clock" destPart="0" destState="3"/>
	<!-- Desktop::ListView -->
		<properties sourceClass="ItemsView::ListView" sourcePart="1" sourceState="2" destClass="Desktop::ListView" destPart="1" destState="2"/>
		<properties sourceClass="ItemsView::ListView" sourcePart="1" sourceState="3" destClass="Desktop::ListView" destPart="1" destState="3"/>
		<properties sourceClass="ItemsView::ListView" sourcePart="1" sourceState="6" destClass="Desktop::ListView" destPart="1" destState="6"/>
	</copy>
	<remove>
		<class class="StartPanel"/>
		<class class="SIB_StartPanelComposited::StartPanelPriv"/>
		<class class="StartPanelPriv"/>
		<class class="Taskband"/>
		<property class="DWMWindow" part="0" state="0" name="BGTYPE:ENUM"/>
		<property class="DWMWindow" part="0" state="0" name="COLOR:COLOR"/>
		<property class="DWMWindow" part="0" state="0" name="FILLCOLOR:COLOR"/>
		<property class="DWMWindow" part="0" state="0" name="TEXTCOLOR:COLOR"/>
		<property class="DWMWindow" part="0" state="0" name="ATLASRECT:RECT"/>
		<property class="DWMWindow" part="33" state="3" name="OPACITY:INT"/>
		<property class="DWMWindow" part="33" state="4" name="OPACITY:INT"/>
		<property class="DWMWindow" part="62" state="1" name="OPACITY:INT"/>
		<property class="DWMWindow" part="62" state="2" name="OPACITY:INT"/>
		<property class="DWMWindow" part="62" state="3" name="OPACITY:INT"/>
		<property class="DWMWindow" part="62" state="4" name="OPACITY:INT"/>
		<property class="DWMWindow" part="46" state="0" name="CAPTIONMARGINS:MARGINS"/>
		<property class="ShowDesktop::Button" part="1" state="0" name="BGTYPE:ENUM"/>
		<property class="ShowDesktop::Button" part="1" state="0" name="SIZINGTYPE:ENUM"/>
		<property class="ShowDesktop::Button" part="1" state="0" name="IMAGELAYOUT:ENUM"/>
		<property class="ShowDesktop::Button" part="1" state="0" name="IMAGECOUNT:INT"/>
		<property class="ShowDesktop::Button" part="1" state="0" name="TRANSPARENT:BOOL"/>
		<property class="ShowDesktop::Button" part="1" state="0" name="MIRRORIMAGE:BOOL"/>
		<property class="ShowDesktop::Button" part="1" state="0" name="SIZINGMARGINS:MARGINS"/>
		<property class="ShowDesktop::Button" part="1" state="0" name="IMAGEFILE:FILENAME"/>
		<property class="VerticalShowDesktop::Button" part="1" state="0" name="BGTYPE:ENUM"/>
		<property class="VerticalShowDesktop::Button" part="1" state="0" name="SIZINGTYPE:ENUM"/>
		<property class="VerticalShowDesktop::Button" part="1" state="0" name="IMAGELAYOUT:ENUM"/>
		<property class="VerticalShowDesktop::Button" part="1" state="0" name="IMAGECOUNT:INT"/>
		<property class="VerticalShowDesktop::Button" part="1" state="0" name="TRANSPARENT:BOOL"/>
		<property class="VerticalShowDesktop::Button" part="1" state="0" name="MIRRORIMAGE:BOOL"/>
		<property class="VerticalShowDesktop::Button" part="1" state="0" name="SIZINGMARGINS:MARGINS"/>
		<property class="VerticalShowDesktop::Button" part="1" state="0" name="IMAGEFILE:FILENAME"/>
	</remove>
	<add>
		<property class="StartPanel" part="0" state="0" name="BGTYPE:ENUM" value="NONE"/>
		<property class="StartPanelPriv" part="0" state="0" name="BGTYPE:ENUM" value="NONE"/>
		<property class="Taskband" part="0" state="0" name="BGTYPE:ENUM" value="NONE"/>
	</add>
</stylescript>