<!--
	Author:	Mr GRiM
-->
<stylescript>
	<add>
		<class name="StartPanelCompositedBottom::StartPanelPriv"/>
		<class name="StartMenuComposited::Link"/>
		<class name="StartMenuComposited::EmptyMarkup"/>
		<class name="StartMenuComposited::ListView"/>
		<class name="StartMenuCompositedMFU::ListView"/>
		<class name="StartMenuPlaceListComposited::ListView"/>
		<class name="StartPanelComposited::StartPanelPriv"/>
		<class name="StartMenuKeyBoardComposited::TreeView"/>
		<class name="StartMenuHoverComposited::TreeView"/>
		<class name="StartMenuKeyBoard::TreeView"/>
		<class name="StartMenuHover::TreeView"/>
		<class name="SIB_StartPanelComposited::StartPanelPriv"/>
		<class name="Taskbar2Composited::TaskBar"/>
		<class name="ShowDesktop::Button"/>
		<class name="VerticalShowDesktop::Button"/>
		<class name="TrayNotifyComposited::Clock"/>
		<class name="TaskbarJumpList::ListView"/>
		<class name="W10::TaskbandExtendedUI"/>
	</add>
	<remove>
		<class class="StartPanelComposited::StartPanelPriv"/>
		<class class="StartPanelPriv"/>	
		<class class="TaskbarJumpList::ListView"/>
		<property class="TrayNotify::Toolbar" part="0" state="0" name="CONTENTMARGINS:MARGINS"/>
		<property class="Window" part="23" state="0" name="LOCALIZEDMIRRORIMAGE:BOOL"/>
		<class class="TaskbandExtendedUI"/>
		<class class="TaskDialog"/>
	</remove>
</stylescript>