<!--
	Author:	Mr GRiM
-->
<stylescript>
	<copy>
		<properties sourceClass="CommandModule" sourcePart="0" sourceState="0" destClass="DarkMode::CommandModule" destPart="0" destState="0"/>
		<properties sourceClass="CommandModule" sourcePart="1" sourceState="0" destClass="DarkMode::CommandModule" destPart="1" destState="0"/>
		<properties sourceClass="CommandModule" sourcePart="2" sourceState="0" destClass="DarkMode::CommandModule" destPart="2" destState="0"/>
		<properties sourceClass="CommandModule" sourcePart="3" sourceState="0" destClass="DarkMode::CommandModule" destPart="3" destState="0"/>
		<properties sourceClass="CommandModule" sourcePart="3" sourceState="1" destClass="DarkMode::CommandModule" destPart="3" destState="1"/>
		<properties sourceClass="CommandModule" sourcePart="3" sourceState="2" destClass="DarkMode::CommandModule" destPart="3" destState="2"/>
		<properties sourceClass="CommandModule" sourcePart="3" sourceState="6" destClass="DarkMode::CommandModule" destPart="3" destState="6"/>
		<properties sourceClass="CommandModule" sourcePart="4" sourceState="0" destClass="DarkMode::CommandModule" destPart="4" destState="0"/>
		<properties sourceClass="CommandModule" sourcePart="4" sourceState="1" destClass="DarkMode::CommandModule" destPart="4" destState="1"/>
		<properties sourceClass="CommandModule" sourcePart="4" sourceState="6" destClass="DarkMode::CommandModule" destPart="4" destState="6"/>
		<properties sourceClass="CommandModule" sourcePart="5" sourceState="0" destClass="DarkMode::CommandModule" destPart="5" destState="0"/>
		<properties sourceClass="CommandModule" sourcePart="5" sourceState="1" destClass="DarkMode::CommandModule" destPart="5" destState="1"/>
		<properties sourceClass="CommandModule" sourcePart="5" sourceState="6" destClass="DarkMode::CommandModule" destPart="5" destState="6"/>
		<properties sourceClass="CommandModule" sourcePart="6" sourceState="0" destClass="DarkMode::CommandModule" destPart="6" destState="0"/>
		<properties sourceClass="CommandModule" sourcePart="7" sourceState="0" destClass="DarkMode::CommandModule" destPart="7" destState="0"/>
		<properties sourceClass="CommandModule" sourcePart="8" sourceState="0" destClass="DarkMode::CommandModule" destPart="8" destState="0"/>
		<properties sourceClass="CommandModule" sourcePart="9" sourceState="0" destClass="DarkMode::CommandModule" destPart="9" destState="0"/>
		<properties sourceClass="CommandModule" sourcePart="9" sourceState="1" destClass="DarkMode::CommandModule" destPart="9" destState="1"/>
		<properties sourceClass="CommandModule" sourcePart="9" sourceState="2" destClass="DarkMode::CommandModule" destPart="9" destState="2"/>
		<properties sourceClass="CommandModule" sourcePart="9" sourceState="3" destClass="DarkMode::CommandModule" destPart="9" destState="3"/>
		<properties sourceClass="CommandModule" sourcePart="9" sourceState="6" destClass="DarkMode::CommandModule" destPart="9" destState="6"/>
		<properties sourceClass="CommandModule" sourcePart="10" sourceState="0" destClass="DarkMode::CommandModule" destPart="10" destState="0"/>
		<properties sourceClass="CommandModule" sourcePart="10" sourceState="1" destClass="DarkMode::CommandModule" destPart="10" destState="1"/>
	</copy>
</stylescript>