<!--
	Author:	Mr GRiM
-->
<stylescript>
	<add>
		<class name="FileExplorerBannerContainer"/>
		<class name="DarkMode::FileExplorerBannerContainer"/>
		<class name="LightMode_ImmersiveStart::Menu"/>
		<class name="TaskBarLight::Rebar"/>
		<class name="TaskBarSmallIconsLight::Rebar"/>
		<class name="TaskBarLight::Toolbar"/>
		<class name="TaskBarVertLight::Toolbar"/>
		<class name="LightMode_ImmersiveStart::Menu"/>
		<class name="TaskBandExtendedUILight::TaskBandExtendedUI"/>
		<class name="TaskBand2CompositedLight::TaskBand2"/>
		<class name="TaskBand2CompositedSmallIconsLight::TaskBand2"/>
		<class name="TaskBand2CompositedVertical8Light::TaskBand2"/>
		<class name="TaskBand2CompositedSmallIconsVertical8Light::TaskBand2"/>
		<class name="TaskBand2Light::TaskBand2"/>
		<class name="TaskBand2VerticalLight::TaskBand2"/>
		<class name="TaskBand2SmallIconsLight::TaskBand2"/>
		<class name="TaskBand2SmallIconsVerticalLight::TaskBand2"/>
		<class name="FileExplorerBannerContainer"/>
		<class name="DarkMode::FileExplorerBannerContainer"/>
	</add>
	<copy>
	<!-- Windows 10 Dark Mode > Taskbar & System Tray -->

		<properties sourceClass="TaskBar::Rebar" sourcePart="0" sourceState="0" destClass="TaskBarLight::Rebar" destPart="0" destState="0"/>
		<properties sourceClass="TaskBar::Rebar" sourcePart="1" sourceState="0" destClass="TaskBarLight::Rebar" destPart="1" destState="0"/>
		<properties sourceClass="TaskBar::Rebar" sourcePart="2" sourceState="0" destClass="TaskBarLight::Rebar" destPart="2" destState="0"/>
		<properties sourceClass="TaskBar::Rebar" sourcePart="4" sourceState="0" destClass="TaskBarLight::Rebar" destPart="4" destState="0"/>
		<properties sourceClass="TaskBar::Rebar" sourcePart="5" sourceState="0" destClass="TaskBarLight::Rebar" destPart="5" destState="0"/>

		<properties sourceClass="TaskBarSmallIcons::Rebar" sourcePart="0" sourceState="0" destClass="TaskBarSmallIconsLight::Rebar" destPart="0" destState="0"/>
		<properties sourceClass="TaskBarSmallIcons::Rebar" sourcePart="1" sourceState="0" destClass="TaskBarSmallIconsLight::Rebar" destPart="1" destState="0"/>
		<properties sourceClass="TaskBarSmallIcons::Rebar" sourcePart="2" sourceState="0" destClass="TaskBarSmallIconsLight::Rebar" destPart="2" destState="0"/>
		<properties sourceClass="TaskBarSmallIcons::Rebar" sourcePart="4" sourceState="0" destClass="TaskBarSmallIconsLight::Rebar" destPart="4" destState="0"/>
		<properties sourceClass="TaskBarSmallIcons::Rebar" sourcePart="5" sourceState="0" destClass="TaskBarSmallIconsLight::Rebar" destPart="5" destState="0"/>

		<properties sourceClass="TaskBar::Toolbar" sourcePart="0" sourceState="0" destClass="TaskBarLight::Toolbar" destPart="0" destState="0"/>
		<properties sourceClass="TaskBar::Toolbar" sourcePart="1" sourceState="0" destClass="TaskBarLight::Toolbar" destPart="1" destState="0"/>
		<properties sourceClass="TaskBar::Toolbar" sourcePart="2" sourceState="0" destClass="TaskBarLight::Toolbar" destPart="2" destState="0"/>

		<properties sourceClass="TaskBarVert::Toolbar" sourcePart="0" sourceState="0" destClass="TaskBarVertLight::Toolbar" destPart="0" destState="0"/>
		<properties sourceClass="TaskBarVert::Toolbar" sourcePart="1" sourceState="0" destClass="TaskBarVertLight::Toolbar" destPart="1" destState="0"/>
		<properties sourceClass="TaskBarVert::Toolbar" sourcePart="2" sourceState="0" destClass="TaskBarVertLight::Toolbar" destPart="2" destState="0"/>

		<properties sourceClass="TaskBand2" sourcePart="0" sourceState="0" destClass="TaskBand2Light::TaskBand2" destPart="0" destState="0"/>
		<properties sourceClass="TaskBand2Composited::TaskBand2" sourcePart="0" sourceState="0" destClass="TaskBand2Light::TaskBand2" destPart="0" destState="0"/>
		<properties sourceClass="TaskBand2Light::TaskBand2" sourcePart="0" sourceState="0" destClass="TaskBand2CompositedLight::TaskBand2" destPart="0" destState="0"/>
		<properties sourceClass="TaskBand2Composited::TaskBand2" sourcePart="0" sourceState="0" destClass="TaskBand2CompositedLight::TaskBand2" destPart="0" destState="0"/>
		<properties sourceClass="TaskBand2Composited::TaskBand2" sourcePart="1" sourceState="0" destClass="TaskBand2CompositedLight::TaskBand2" destPart="1" destState="0"/>
		<properties sourceClass="TaskBand2Composited::TaskBand2" sourcePart="2" sourceState="0" destClass="TaskBand2CompositedLight::TaskBand2" destPart="2" destState="0"/>
		<properties sourceClass="TaskBand2Composited::TaskBand2" sourcePart="3" sourceState="0" destClass="TaskBand2CompositedLight::TaskBand2" destPart="3" destState="0"/>
		<properties sourceClass="TaskBand2Composited::TaskBand2" sourcePart="4" sourceState="0" destClass="TaskBand2CompositedLight::TaskBand2" destPart="4" destState="0"/>
		<properties sourceClass="TaskBand2" sourcePart="5" sourceState="0" destClass="TaskBand2CompositedLight::TaskBand2" destPart="5" destState="0"/>

		<properties sourceClass="TaskBand2Light::TaskBand2" sourcePart="0" sourceState="0" destClass="TaskBand2CompositedSmallIconsLight::TaskBand2" destPart="0" destState="0"/>
		<properties sourceClass="TaskBand2CompositedSmallIcons::TaskBand2" sourcePart="0" sourceState="0" destClass="TaskBand2CompositedSmallIconsLight::TaskBand2" destPart="0" destState="0"/>
		<properties sourceClass="TaskBand2CompositedSmallIcons::TaskBand2" sourcePart="1" sourceState="0" destClass="TaskBand2CompositedSmallIconsLight::TaskBand2" destPart="1" destState="0"/>
		<properties sourceClass="TaskBand2CompositedSmallIcons::TaskBand2" sourcePart="2" sourceState="0" destClass="TaskBand2CompositedSmallIconsLight::TaskBand2" destPart="2" destState="0"/>
		<properties sourceClass="TaskBand2CompositedSmallIcons::TaskBand2" sourcePart="3" sourceState="0" destClass="TaskBand2CompositedSmallIconsLight::TaskBand2" destPart="3" destState="0"/>
		<properties sourceClass="TaskBand2CompositedSmallIcons::TaskBand2" sourcePart="4" sourceState="0" destClass="TaskBand2CompositedSmallIconsLight::TaskBand2" destPart="4" destState="0"/>
		<properties sourceClass="TaskBand2SmallIcons::TaskBand2" sourcePart="5" sourceState="0" destClass="TaskBand2CompositedSmallIconsLight::TaskBand2" destPart="5" destState="0"/>

		<properties sourceClass="TaskBand2Light::TaskBand2" sourcePart="0" sourceState="0" destClass="TaskBand2CompositedVertical8Light::TaskBand2" destPart="0" destState="0"/>
		<properties sourceClass="TaskBand2Composited::TaskBand2" sourcePart="3" sourceState="0" destClass="TaskBand2CompositedVertical8Light::TaskBand2" destPart="3" destState="0"/>
		<properties sourceClass="TaskBand2Composited::TaskBand2" sourcePart="4" sourceState="0" destClass="TaskBand2CompositedVertical8Light::TaskBand2" destPart="4" destState="0"/>
		<properties sourceClass="TaskBand2CompositedVertical8::TaskBand2" sourcePart="5" sourceState="0" destClass="TaskBand2CompositedVertical8Light::TaskBand2" destPart="5" destState="0"/>
		<properties sourceClass="TaskBand2Light::TaskBand2" sourcePart="0" sourceState="0" destClass="TaskBand2CompositedSmallIconsVertical8Light::TaskBand2" destPart="0" destState="0"/>
		<properties sourceClass="TaskBand2CompositedSmallIcons::TaskBand2" sourcePart="3" sourceState="0" destClass="TaskBand2CompositedSmallIconsVertical8Light::TaskBand2" destPart="3" destState="0"/>
		<properties sourceClass="TaskBand2CompositedSmallIcons::TaskBand2" sourcePart="4" sourceState="0" destClass="TaskBand2CompositedSmallIconsVertical8Light::TaskBand2" destPart="4" destState="0"/>
		<properties sourceClass="TaskBand2CompositedSmallIconsVertical8::TaskBand2" sourcePart="5" sourceState="0" destClass="TaskBand2CompositedSmallIconsVertical8Light::TaskBand2" destPart="5" destState="0"/>

		<properties sourceClass="TaskBand2" sourcePart="0" sourceState="0" destClass="TaskBand2Light::TaskBand2" destPart="0" destState="0"/>
		<properties sourceClass="TaskBand2" sourcePart="5" sourceState="0" destClass="TaskBand2Light::TaskBand2" destPart="5" destState="0"/>
		<properties sourceClass="TaskBand2" sourcePart="6" sourceState="0" destClass="TaskBand2Light::TaskBand2" destPart="6" destState="0"/>
		<properties sourceClass="TaskBand2" sourcePart="7" sourceState="0" destClass="TaskBand2Light::TaskBand2" destPart="7" destState="0"/>
		<properties sourceClass="TaskBand2" sourcePart="8" sourceState="0" destClass="TaskBand2Light::TaskBand2" destPart="8" destState="0"/>
		<properties sourceClass="TaskBand2" sourcePart="9" sourceState="0" destClass="TaskBand2Light::TaskBand2" destPart="9" destState="0"/>
		<properties sourceClass="TaskBand2" sourcePart="10" sourceState="0" destClass="TaskBand2Light::TaskBand2" destPart="10" destState="0"/>
		<properties sourceClass="TaskBand2" sourcePart="11" sourceState="0" destClass="TaskBand2Light::TaskBand2" destPart="11" destState="0"/>
		<properties sourceClass="TaskBand2" sourcePart="12" sourceState="0" destClass="TaskBand2Light::TaskBand2" destPart="12" destState="0"/>
		<properties sourceClass="TaskBand2" sourcePart="13" sourceState="0" destClass="TaskBand2Light::TaskBand2" destPart="13" destState="0"/>
		<properties sourceClass="TaskBand2" sourcePart="14" sourceState="0" destClass="TaskBand2Light::TaskBand2" destPart="14" destState="0"/>
		
		<properties sourceClass="TaskBand2Vertical::TaskBand2" sourcePart="5" sourceState="0" destClass="TaskBand2VerticalLight::TaskBand2" destPart="5" destState="0"/>
		<properties sourceClass="TaskBand2SmallIcons::TaskBand2" sourcePart="5" sourceState="0" destClass="TaskBand2SmallIconsLight::TaskBand2" destPart="5" destState="0"/>
		<properties sourceClass="TaskBand2SmallIconsVertical::TaskBand2" sourcePart="5" sourceState="0" destClass="TaskBand2SmallIconsVerticalLight::TaskBand2" destPart="5" destState="0"/>

	<!-- Windows 10 Dark Mode > Lists, Menus, & Tabs -->
	
		<properties sourceClass="ImmersiveStart::Menu" sourcePart="9" sourceState="0" destClass="LightMode_ImmersiveStart::Menu" destPart="9" destState="0"/>
		<properties sourceClass="ImmersiveStart::Menu" sourcePart="14" sourceState="0" destClass="LightMode_ImmersiveStart::Menu" destPart="14" destState="0"/>
		<properties sourceClass="ImmersiveStart::Menu" sourcePart="14" sourceState="1" destClass="LightMode_ImmersiveStart::Menu" destPart="14" destState="1"/>
		<properties sourceClass="ImmersiveStart::Menu" sourcePart="14" sourceState="2" destClass="LightMode_ImmersiveStart::Menu" destPart="14" destState="2"/>
		<properties sourceClass="ImmersiveStart::Menu" sourcePart="14" sourceState="3" destClass="LightMode_ImmersiveStart::Menu" destPart="14" destState="3"/>
		<properties sourceClass="ImmersiveStart::Menu" sourcePart="14" sourceState="4" destClass="LightMode_ImmersiveStart::Menu" destPart="14" destState="4"/>
		<properties sourceClass="ImmersiveStart::Menu" sourcePart="15" sourceState="0" destClass="LightMode_ImmersiveStart::Menu" destPart="15" destState="0"/>
	</copy>
	
	<add>
	<!-- Windows 10 Dark Mode > Explorer & Shell -->
	
		<property class="FileExplorerBannerContainer" part="0" state="0" name="FILLCOLOR:COLOR" value="f4f4f4"/>
		<property class="FileExplorerBannerContainer" part="0" state="0" name="TEXTCOLOR:COLOR" value="000000"/>
		<property class="FileExplorerBannerContainer" part="1" state="1" name="FILLCOLOR:COLOR" value="f4f4f4"/>
		<property class="FileExplorerBannerContainer" part="1" state="1" name="TEXTCOLOR:COLOR" value="000000"/>
		<property class="FileExplorerBannerContainer" part="1" state="2" name="FILLCOLOR:COLOR" value="f4f4f4"/>
		<property class="FileExplorerBannerContainer" part="1" state="2" name="TEXTCOLOR:COLOR" value="b3b3b3"/>
		
		<property class="DarkMode::FileExplorerBannerContainer" part="0" state="0" name="FILLCOLOR:COLOR" value="333333"/>
		<property class="DarkMode::FileExplorerBannerContainer" part="0" state="0" name="TEXTCOLOR:COLOR" value="dedede"/>
		<property class="DarkMode::FileExplorerBannerContainer" part="1" state="1" name="FILLCOLOR:COLOR" value="333333"/>
		<property class="DarkMode::FileExplorerBannerContainer" part="1" state="1" name="TEXTCOLOR:COLOR" value="ffffff"/>
		<property class="DarkMode::FileExplorerBannerContainer" part="1" state="2" name="FILLCOLOR:COLOR" value="333333"/>
		<property class="DarkMode::FileExplorerBannerContainer" part="1" state="2" name="TEXTCOLOR:COLOR" value="6a6a6a"/>
	
	<!-- Stupid fix for removing the TaskBar height adjust on my themes -->
	
		<property class="TaskBar" part="0" state="0" name="HEIGHT:INT" value="4"/>
	</add>
	<remove>
		<property class="TaskBand2CompositedLight::TaskBand2" part="1" state="0" name="IMAGEFILE:FILENAME"/>
		<property class="TaskBand2CompositedLight::TaskBand2" part="2" state="0" name="IMAGEFILE:FILENAME"/>
		<property class="TaskBand2CompositedLight::TaskBand2" part="3" state="0" name="IMAGEFILE:FILENAME"/>
		<property class="TaskBand2CompositedLight::TaskBand2" part="4" state="0" name="IMAGEFILE:FILENAME"/>
		<property class="TaskBand2CompositedLight::TaskBand2" part="5" state="0" name="IMAGEFILE:FILENAME"/>
		<property class="TaskBand2CompositedSmallIconsLight::TaskBand2" part="1" state="0" name="IMAGEFILE:FILENAME"/>
		<property class="TaskBand2CompositedSmallIconsLight::TaskBand2" part="2" state="0" name="IMAGEFILE:FILENAME"/>
		<property class="TaskBand2CompositedSmallIconsLight::TaskBand2" part="3" state="0" name="IMAGEFILE:FILENAME"/>
		<property class="TaskBand2CompositedSmallIconsLight::TaskBand2" part="4" state="0" name="IMAGEFILE:FILENAME"/>
		<property class="TaskBand2CompositedSmallIconsLight::TaskBand2" part="5" state="0" name="IMAGEFILE:FILENAME"/>
		<property class="TaskBand2CompositedVertical8Light::TaskBand2" part="3" state="0" name="IMAGEFILE:FILENAME"/>
		<property class="TaskBand2CompositedVertical8Light::TaskBand2" part="4" state="0" name="IMAGEFILE:FILENAME"/>
		<property class="TaskBand2CompositedVertical8Light::TaskBand2" part="5" state="0" name="IMAGEFILE:FILENAME"/>
		<property class="TaskBand2CompositedSmallIconsVertical8Light::TaskBand2" part="3" state="0" name="IMAGEFILE:FILENAME"/>
		<property class="TaskBand2CompositedSmallIconsVertical8Light::TaskBand2" part="4" state="0" name="IMAGEFILE:FILENAME"/>
		<property class="TaskBand2CompositedSmallIconsVertical8Light::TaskBand2" part="5" state="0" name="IMAGEFILE:FILENAME"/>
		<property class="TaskBand2Light::TaskBand2" part="5" state="0" name="IMAGEFILE:FILENAME"/>
		<property class="TaskBand2Light::TaskBand2" part="6" state="0" name="IMAGEFILE:FILENAME"/>
		<property class="TaskBand2Light::TaskBand2" part="7" state="0" name="IMAGEFILE:FILENAME"/>
		<property class="TaskBand2Light::TaskBand2" part="8" state="0" name="IMAGEFILE:FILENAME"/>
		<property class="TaskBand2SmallIconsLight::TaskBand2" part="5" state="0" name="IMAGEFILE:FILENAME"/>
		<property class="TaskBand2VerticalLight::TaskBand2" part="5" state="0" name="IMAGEFILE:FILENAME"/>
		<property class="TaskBand2SmallIconsVerticalLight::TaskBand2" part="5" state="0" name="IMAGEFILE:FILENAME"/>
		<class class="Taskbar2CompositedLight::TaskBar"/>
		<class class="ShowDesktopLight::Button"/>
		<class class="VerticalShowDesktopLight::Button"/>
	</remove>
</stylescript>