<!--
	Author:	Mr GRiM
-->
<stylescript>
	<remove>
		<class class="FileExplorerBannerContainer"/>
		<class class="DarkMode::FileExplorerBannerContainer"/>
		<class class="LightMode_ImmersiveStart::Menu"/>
		<class class="TaskBarLight::Rebar"/>
		<class class="TaskBarSmallIconsLight::Rebar"/>
		<class class="TaskBarLight::Toolbar"/>
		<class class="TaskBarVertLight::Toolbar"/>
		<class class="LightMode_ImmersiveStart::Menu"/>
		<class class="TaskBandExtendedUILight::TaskBandExtendedUI"/>
		<class class="TaskBand2CompositedLight::TaskBand2"/>
		<class class="TaskBand2CompositedSmallIconsLight::TaskBand2"/>
		<class class="TaskBand2CompositedVertical8Light::TaskBand2"/>
		<class class="TaskBand2CompositedSmallIconsVertical8Light::TaskBand2"/>
		<class class="TaskBand2Light::TaskBand2"/>
		<class class="TaskBand2VerticalLight::TaskBand2"/>
		<class class="TaskBand2SmallIconsLight::TaskBand2"/>
		<class class="TaskBand2SmallIconsVerticalLight::TaskBand2"/>
		<class class="FileExplorerBannerContainer"/>
		<class class="DarkMode::FileExplorerBannerContainer"/>
		<class class="Taskbar2CompositedLight::TaskBar"/>
		<class class="ShowDesktopLight::Button"/>
		<class class="VerticalShowDesktopLight::Button"/>
	</remove>
</stylescript>