<!--
	Author:	Mr GRiM
-->
<stylescript>
	<remove>
	<!-- Windows 10 Dark Mode > Toolbars, Headers, & Rebar -->
		<class class="DarkModeNavbarComposited::Rebar"/>
		<class class="DarkModeInactiveNavbarComposited::Rebar"/>
		<class class="DarkModeMaxNavbarComposited::Rebar"/>
		<class class="DarkModeMaxInactiveNavbarComposited::Rebar"/>
		<class class="DarkModeNavbarBase::Rebar"/>
		<class class="DarkModeNavbarNonTopmost::Rebar"/>
		<class class="DarkModeNavbar::Rebar"/>
		<class class="DarkModeInactiveNavbar::Rebar"/>
		<class class="DarkModeMaxNavbar::Rebar"/>
		<class class="DarkModeMaxInactiveNavbar::Rebar"/>
		<class class="DarkMode::Toolbar"/>
		<class class="DarkMode_ItemsView::Header"/>
	<!-- Windows 10 Dark Mode > Address, Breadcrumb, & Search -->
		<class class="DarkMode_ABComposited::AddressBand"/>
		<class class="DarkMode_AddressComposited::ComboBox"/>
		<class class="DarkMode_InactiveAddressComposited::ComboBox"/>
		<class class="DarkMode_MaxAddressComposited::ComboBox"/>
		<class class="DarkMode_MaxInactiveAddressComposited::ComboBox"/>
		<class class="DarkMode_AddressComposited::Edit"/>
		<class class="DarkMode_InactiveAddressComposited::Edit"/>
		<class class="DarkMode_MaxAddressComposited::Edit"/>
		<class class="DarkMode_MaxInactiveAddressComposited::Edit"/>
		<class class="DarkMode_BBComposited::Toolbar"/>
		<class class="DarkMode_InactiveBBComposited::Toolbar"/>
		<class class="DarkMode_MaxBBComposited::Toolbar"/>
		<class class="DarkMode_MaxInactiveBBComposited::Toolbar"/>
		<class class="DarkMode::TryHarder"/>
		<class class="DarkMode_SearchBoxEditComposited::Edit"/>
		<class class="DarkMode_InactiveSearchBoxEditComposited::Edit"/>
		<class class="DarkMode_MaxSearchBoxEditComposited::Edit"/>
		<class class="DarkMode_MaxInactiveSearchBoxEditComposited::Edit"/>
		<class class="DarkMode_SearchBoxComposited::SearchBox"/>
		<class class="DarkMode_InactiveSearchBoxComposited::SearchBox"/>
		<class class="DarkMode_MaxSearchBoxComposited::SearchBox"/>
		<class class="DarkMode_MaxInactiveSearchBoxComposited::SearchBox"/>
		<class class="DarkMode::SearchBox"/>
	<!-- Windows 10 Dark Mode > Buttons, Boxes, & Controls -->
		<class class="Explorer::Button"/>
		<class class="DarkMode_Explorer::Button"/>
		<class class="DarkMode::Navigation"/>
		<class class="CFD::Combobox"/>
		<class class="DarkMode_CFD::Combobox"/>
		<class class="Explorer::ScrollBar"/>
		<class class="DarkMode_Explorer::ScrollBar"/>
	<!-- Windows 10 Dark Mode > Lists, Menus, & Tabs -->
		<class class="DarkMode::Menu"/>
		<class class="DarkMode_ImmersiveStart::Menu"/>
	<!-- Windows 10 Dark Mode > Explorer & Shell -->
		<class class="DarkMode_Explorer::TreeView"/>
		<class class="DarkMode::CommandModule"/>
		<class class="Explorer::CommandModule"/>
		<class class="DarkMode_Explorer::CommandModule"/>
		<class class="DarkMode_Explorer::Tooltip"/>
		<class class="DarkMode::ReadingPane"/>
		<class class="DarkMode::PreviewPane"/>
		<class class="DarkMode::ProperTree"/>
		<class class="ExplorerNavPane"/>
		<class class="DarkMode::ExplorerNavPane"/>
		<class class="DarkMode::ItemsView"/>
		<class class="DarkMode_CFD::Edit"/>
		<class class="DarkMode_Explorer::Edit"/>
		<class class="DarkMode_ItemsView::ListView"/>
		<class class="ExplorerStatusBar"/>
		<class class="DarkMode::ExplorerStatusBar"/>
		<class class="DarkMode_InfoPaneToolbar::Toolbar"/>
		<class class="CommonItemsDialog"/>
		<class class="DarkMode::CommonItemsDialog"/>
	</remove>
</stylescript>