<!--
	Author:	UK.Intel (T.Springham) & Panda X
	
	Version:	1.7.2			Revised: January 21st, 2013
	Base:		1.0.0			Revised: February 25th, 2011
	
	Created:	June 9th, 2008

	This file is used to put classes into groups:
		For example, we could group all StartMenu related items under the
		Group StartMenu. We could even add a subgroup for the StartMenuButton under this group.

		The class-node name attribute is used to match classes:
			*			matches every class
			str*			matches everything that begins with str
			*str			matches everything that ends with str
			str			matches classes that are named str
			str1*str2		matches anything that begins with str1 and ends with str2

			A class can have a displayName that overrides its real name for display,
			with the following patterns:
			
			{1}			will be replaced by the first match
			{2}			will be replaced by the second match
			{match}		will be replaced by the * part that matched in the classname
			{name}		will be replaced by the whole display name
			{id}			will be replaced by the id of the class
			{prettyname}	will be replaced by a prettier name for the class (based on inheritance)

			Examples:
			<class name='Start*::Button' displayName='Button{match}' />
			<class name='StartMenu::*' displayName='StartMenu {name}' />
-->
<groups>
	<group display="yes" name="Documentation">
		<classes>
			<class displayName="Documentation" name="documentation"/>
		</classes>
		<groups>
			<group name="Variant">
				<classes>
					<class displayName="Color: Normal" name="colorvariant.NormalColor"/>
					<class displayName="Size: Normal" name="sizevariant.NormalSize"/>
					<class displayName="Size: Default" name="sizevariant.Default"/>
				</classes>
			</group>
		</groups>
	</group>
	<group display="yes" name="Fonts, Colors, &amp; System Metrics">
		<classes>
			<class displayName="Colors (Globals)" name="globals"/>
			<class displayName="Fonts &amp; System Metrics" name="sysmetrics"/>
		</classes>
	</group>
	<group display="yes" name="Styles">
		<classes>
			<class displayName="{name}" name="*Style"/>
		</classes>
	</group>
<!--Aero Start Menu-->	
	<group display="yes" name="Start Menu">
		<groups>
			<group name="Menus">
				<groups>
					<group name="Aero">
						<classes>
							<class displayName="{match}" name="StartMenuComposited::*"/>
							<class displayName="{1}:{2}" name="StartMenu*Composited::*"/>
							<class displayName="StartMenuCompositedMFU::ListView" name="StartMenuCompositedMFU::ListView"/>
							<class displayName="TopMatchComposited::ListView" name="TopMatchComposited::ListView"/>
							<class displayName="Taskbar JumpList" name="TaskbarJumpList::ListView"/>
						</classes>
					</group>
					<group name="Basic">
						<classes>
							<class displayName="{match}" name="StartMenu::*"/>
							<class displayName="{1}:{2}" name="StartMenu*::*"/>
							<class displayName="TopMatch::ListView" name="TopMatch::ListView"/>
						</classes>
					</group>
				</groups>
			</group>
			<group name="Panels">
				<classes>
					<class displayName="Aero (For SIB Only)" name="StartPanelComposited::StartPanelPriv">
						<groups>
							<group name="Programs List">
								<groups>
									<group name="Panels">
										<parts>
											<part displayName="Programs List" id="6"/>
											<part displayName="Programs List Extended" id="7"/>
											<part displayName="Programs List Separator" id="8"/>
											<part displayName="More Programs" id="2"/>
											<part displayName="More Programs Extended" id="3"/>
											<part displayName="NSCHost" id="17"/>
										</parts>
									</group>
									<group name="Controls">
										<parts>
											<part displayName="Programs List Item" id="29"/>
											<part displayName="Programs List Split Button Left" id="28"/>
											<part displayName="Programs List Split Button Right" id="31"/>
											<part displayName="More Programs Tab" id="16"/>
											<part displayName="More Programs Arrow" id="4"/>
											<part displayName="More Programs Arrow Back" id="21"/>
										</parts>
									</group>
								</groups>
							</group>
							<group name="Places List">
								<groups>
									<group name="Panels">
										<parts>
											<part displayName="User Pane" id="1"/>
											<part displayName="Places List" id="9"/>
											<part displayName="Places List Extended" id="10"/>
											<part displayName="Places List Separator" id="11"/>
											<part displayName="Logoff" id="14"/>
											<part displayName="Logoff Extended" id="15"/>
										</parts>
									</group>
									<group name="Controls">
										<parts>
											<part displayName="Places List Item Hover" id="36"/>
											<part displayName="Logoff Split Button Left" id="37"/>
											<part displayName="Logoff Split Button Left Extended" id="38"/>
											<part displayName="Logoff Split Button Right" id="23"/>
											<part displayName="Logoff Split Button Right Extended" id="24"/>
										</parts>
									</group>
								</groups>
							</group>
							<group name="Jump List">
								<groups>
									<group name="Panels">
										<parts>
											<part displayName="Jump List User" id="12"/>
											<part displayName="Jump List System" id="13"/>
										</parts>
									</group>
									<group name="Controls">
										<parts>
											<part displayName="Jump List Arrow" id="5"/>
											<part displayName="Pin Item Icon Size" id="25"/>
											<part displayName="Pin Item Icon Vertical Offset" id="26"/>
											<part displayName="Pin Item Icon Horizontal Offset" id="27"/>
											<part displayName="Jump List Item" id="32"/>
											<part displayName="Jump List Split Button Left" id="33"/>
											<part displayName="Jump List Split Button Right" id="35"/>
										</parts>
									</group>
								</groups>
							</group>
							<group name="Search">
								<parts>
									<part displayName="Open Box" id="18"/>
									<part displayName="Open Box Extended" id="19"/>
									<part displayName="Search View" id="20"/>
									<part displayName="More Results" id="22"/>
								</parts>
							</group>
						</groups>
					</class>
					<class display="no" displayName="Bottom" name="StartPanelCompositedBottom::StartPanelPriv">
						<group name="Places List">
							<parts>
								<part displayName="User Pane" id="1"/>
								<part displayName="Places List" id="9"/>
							</parts>
						</group>
					</class>
				</classes>
				<classes>
					<class displayName="Basic" name="StartPanelPriv">
						<groups>
							<group name="Programs List">
								<groups>
									<group name="Panels">
										<parts>
											<part displayName="Programs List" id="6"/>
											<part displayName="Programs List Extended" id="7"/>
											<part displayName="Programs List Separator" id="8"/>
											<part displayName="More Programs" id="2"/>
											<part displayName="More Programs Extended" id="3"/>
											<part displayName="NSCHost" id="17"/>
										</parts>
									</group>
									<group name="Controls">
										<parts>
											<part displayName="Programs List Item" id="29"/>
											<part displayName="Programs List Split Button Left" id="28"/>
											<part displayName="Programs List Split Button Right" id="31"/>
											<part displayName="More Programs Tab" id="16"/>
											<part displayName="More Programs Arrow" id="4"/>
											<part displayName="More Programs Arrow Back" id="21"/>
										</parts>
									</group>
								</groups>
							</group>
							<group name="Places List">
								<groups>
									<group name="Panels">
										<parts>
											<part displayName="User Pane" id="1"/>
											<part displayName="Places List" id="9"/>
											<part displayName="Places List Extended" id="10"/>
											<part displayName="Places List Separator" id="11"/>
											<part displayName="Logoff" id="14"/>
											<part displayName="Logoff Extended" id="15"/>
										</parts>
									</group>
									<group name="Controls">
										<parts>
											<part displayName="Places List Item Hover" id="36"/>
											<part displayName="Logoff Split Button Left" id="37"/>
											<part displayName="Logoff Split Button Left Extended" id="38"/>
											<part displayName="Logoff Split Button Right" id="23"/>
											<part displayName="Logoff Split Button Right Extended" id="24"/>
										</parts>
									</group>
								</groups>
							</group>
							<group name="Jump List">
								<groups>
									<group name="Panels">
										<parts>
											<part displayName="Jump List User" id="12"/>
											<part displayName="Jump List System" id="13"/>
										</parts>
									</group>
									<group name="Controls">
										<parts>
											<part displayName="Jump List Arrow" id="5"/>
											<part displayName="Pin Item Icon Size" id="25"/>
											<part displayName="Pin Item Icon Vertical Offset" id="26"/>
											<part displayName="Pin Item Icon Horizontal Offset" id="27"/>
											<part displayName="Jump List Item" id="32"/>
											<part displayName="Jump List Split Button Left" id="33"/>
											<part displayName="Jump List Split Button Right" id="35"/>
										</parts>
									</group>
								</groups>
							</group>
							<group name="Search">
								<parts>
									<part displayName="Open Box" id="18"/>
									<part displayName="Open Box Extended" id="19"/>
									<part displayName="Search View" id="20"/>
									<part displayName="More Results" id="22"/>
								</parts>
							</group>
						</groups>
					</class>
				</classes>
			</group>
			<group display="no" name="SiB Import">
				<classes>
					<class displayName="Aero" name="SiB_StartPanelComposited::StartPanelPriv">
						<groups>
							<group name="Programs List">
								<groups>
									<group name="Panels">
										<parts>
											<part displayName="Programs List" id="6"/>
											<part displayName="Programs List Extended" id="7"/>
											<part displayName="Programs List Separator" id="8"/>
											<part displayName="More Programs" id="2"/>
											<part displayName="More Programs Extended" id="3"/>
											<part displayName="NSCHost" id="17"/>
										</parts>
									</group>
									<group name="Controls">
										<parts>
											<part displayName="Programs List Item" id="29"/>
											<part displayName="Programs List Split Button Left" id="28"/>
											<part displayName="Programs List Split Button Right" id="31"/>
											<part displayName="More Programs Tab" id="16"/>
											<part displayName="More Programs Arrow" id="4"/>
											<part displayName="More Programs Arrow Back" id="21"/>
										</parts>
									</group>
								</groups>
							</group>
							<group name="Places List">
								<groups>
									<group name="Panels">
										<parts>
											<part displayName="User Pane" id="1"/>
											<part displayName="Places List" id="9"/>
											<part displayName="Places List Extended" id="10"/>
											<part displayName="Places List Separator" id="11"/>
											<part displayName="Logoff" id="14"/>
											<part displayName="Logoff Extended" id="15"/>
										</parts>
									</group>
									<group name="Controls">
										<parts>
											<part displayName="Places List Item Hover" id="36"/>
											<part displayName="Logoff Split Button Left" id="37"/>
											<part displayName="Logoff Split Button Left Extended" id="38"/>
											<part displayName="Logoff Split Button Right" id="23"/>
											<part displayName="Logoff Split Button Right Extended" id="24"/>
										</parts>
									</group>
								</groups>
							</group>
							<group name="Jump List">
								<groups>
									<group name="Panels">
										<parts>
											<part displayName="Jump List User" id="12"/>
											<part displayName="Jump List System" id="13"/>
										</parts>
									</group>
									<group name="Controls">
										<parts>
											<part displayName="Jump List Arrow" id="5"/>
											<part displayName="Pin Item Icon Size" id="25"/>
											<part displayName="Pin Item Icon Vertical Offset" id="26"/>
											<part displayName="Pin Item Icon Horizontal Offset" id="27"/>
											<part displayName="Jump List Item" id="32"/>
											<part displayName="Jump List Split Button Left" id="33"/>
											<part displayName="Jump List Split Button Right" id="35"/>
										</parts>
									</group>
								</groups>
							</group>
							<group name="Search">
								<parts>
									<part displayName="Open Box" id="18"/>
									<part displayName="Open Box Extended" id="19"/>
									<part displayName="Search View" id="20"/>
									<part displayName="More Results" id="22"/>
								</parts>
							</group>
						</groups>
					</class>
					<class displayName="Bottom" name="StartPanelCompositedBottom::StartPanelPriv">
						<group name="Places List">
							<parts>
								<part displayName="User Pane" id="1"/>
								<part displayName="Places List" id="9"/>
							</parts>
						</group>
					</class>
				</classes>
			</group>
		</groups>
	</group>
	<group display="yes" name="Windows &amp; Caption Buttons">
		<classes>
			<class displayName="Basic" name="Window">
				<groups>
					<group display="yes" name="Frames">
						<groups>
							<group display="yes" name="Window">
								<parts>
									<part displayName="Top" id="1"/>
									<part displayName="Left" id="7"/>
									<part displayName="Right" id="8"/>
									<part displayName="Bottom" id="9"/>
									<part displayName="Minimized" id="3"/>
									<part displayName="Maximized" id="5"/>
								</parts>
							</group>
							<group display="yes" name="Tool Window">
								<parts>
									<part displayName="Top" id="2"/>
									<part displayName="Left" id="10"/>
									<part displayName="Right" id="11"/>
									<part displayName="Bottom" id="12"/>
									<part displayName="Minimized" id="4"/>
									<part displayName="Maximized" id="6"/>
								</parts>
							</group>
							<group display="yes" name="Sizing Template">
								<parts>
									<part displayName="Window" id="30"/>
									<part displayName="Tool Window" id="31"/>
									<part displayName="Left Window Border" id="32"/>
									<part displayName="Left Tool Window Border" id="33"/>
									<part displayName="Right Window Border" id="34"/>
									<part displayName="Right Tool Window Border" id="35"/>
									<part displayName="Bottom Window Border" id="36"/>
									<part displayName="Bottom Tool Window Border" id="37"/>
									<part displayName="Frame" id="38"/>
								</parts>
							</group>
						</groups>
					</group>
					<group display="yes" name="Controls">
						<groups>
							<group display="yes" name="Captions">
								<groups>
									<group display="yes" name="Window">
										<parts>
											<part displayName="Close Button" id="18"/>
											<part displayName="Maximized Button" id="17"/>
											<part displayName="Restore Button" id="21"/>
											<part displayName="Minimized Button" id="15"/>
											<part displayName="Help Button" id="23"/>
											<part displayName="System Menu" id="13"/>
										</parts>
									</group>
									<group display="yes" name="Tool Window">
										<parts>
											<part displayName="Close Button" id="19"/>
										</parts>
									</group>
									<group display="yes" name="MDI Window">
										<parts>
											<part displayName="Close Button" id="20"/>
											<part displayName="Restore Button" id="22"/>
											<part displayName="Minimized Button" id="16"/>
											<part displayName="Help Button" id="24"/>
											<part displayName="System Menu" id="14"/>
										</parts>
									</group>
								</groups>
							</group>
							<group display="yes" name="Misc">
								<groups>
									<group display="yes" name="Horizontal">
										<parts>
											<part displayName="Scroll" id="25"/>
											<part displayName="Thumb" id="26"/>
										</parts>
									</group>
									<group display="yes" name="Vertical">
										<parts>
											<part displayName="Scroll" id="27"/>
											<part displayName="Thumb" id="28"/>
										</parts>
									</group>
								</groups>
								<parts>
									<part displayName="Dialog" id="29"/>
								</parts>
							</group>
						</groups>
					</group>
				</groups>
			</class>
		</classes>
		<groups>
			<group name="Aero">
				<classes>
					<class displayName="DWM Window" name="DwmWindow">
						<groups>
							<group name="Frames">
								<groups>
									<group name="Window">
										<parts>
											<part displayName="Bottom" id="1"/>
											<part displayName="Left" id="31"/>
											<part displayName="Right" id="33"/>
											<part displayName="Top" id="46"/>
										</parts>
									</group>
									<group name="Tool Window">
										<parts>
											<part displayName="Bottom" id="35"/>
											<part displayName="Left" id="42"/>
											<part displayName="Right" id="43"/>
											<part displayName="Top" id="44"/>
										</parts>
									</group>
									<group name="Aero Peek Window">
										<groups>
											<group name="Normal">
												<parts>
													<part displayName="Bottom" id="53"/>
													<part displayName="Left" id="50"/>
													<part displayName="Right" id="51"/>
													<part displayName="Top" id="52"/>
												</parts>
											</group>
											<group name="Tool Window">
												<parts>
													<part displayName="Bottom" id="57"/>
													<part displayName="Left" id="54"/>
													<part displayName="Right" id="55"/>
													<part displayName="Top" id="56"/>
												</parts>
											</group>
										</groups>
									</group>
									<group name="Shadowless Window">
										<groups>
											<group name="Normal">
												<parts>
													<part displayName="Bottom" id="49"/>
													<part displayName="Top" id="48"/>
												</parts>
											</group>
											<group name="Aero Peek">
												<parts>
													<part displayName="Bottom" id="61"/>
													<part displayName="Top" id="60"/>
												</parts>
											</group>
										</groups>
									</group>
									<group name="Window Shadows">
										<parts>
											<part displayName="Bottom" id="2"/>
											<part displayName="Left" id="32"/>
											<part displayName="Right" id="34"/>
											<part displayName="Top" id="47"/>
										</parts>
									</group>
									<group name="Details">
										<groups>
											<group name="Reflections">
												<parts>
													<part displayName="Aero Peek Background" id="62"/>
												</parts>
											</group>
											<group name="Glows">
												<parts>
													<part displayName="Caption Text" id="45"/>
												</parts>
											</group>
										</groups>
									</group>
								</groups>
							</group>
							<group name="Controls">
								<groups>
									<group name="Captions">
										<groups>
											<group name="Window">
												<groups>
													<group name="Close Button">
														<groups>
															<group name="Normal Button">
																<parts>
																	<part displayName="Active" id="7"/>
																	<part displayName="Inactive" id="8"/>
																</parts>
															</group>
															<group name="Lone Button">
																<parts>
																	<part displayName="Active" id="9"/>
																	<part displayName="Inactive" id="10"/>
																</parts>
															</group>
															<group name="Close Glyph">
																<parts>
																	<part displayName="96dpi" id="11"/>
																	<part displayName="120dpi" id="12"/>
																	<part displayName="144dpi" id="13"/>
																	<part displayName="192dpi" id="14"/>
																</parts>
															</group>
														</groups>
													</group>
													<group name="Restore/Maximize Button">
														<groups>
															<group name="Button">
																<parts>
																	<part displayName="Active" id="3"/>
																	<part displayName="Inactive" id="4"/>
																</parts>
															</group>
															<group name="Restore Glyph">
																<parts>
																	<part displayName="96dpi" id="27"/>
																	<part displayName="120dpi" id="28"/>
																	<part displayName="144dpi" id="29"/>
																	<part displayName="192dpi" id="30"/>
																</parts>
															</group>
															<group name="Maximize Glyph">
																<parts>
																	<part displayName="96dpi" id="19"/>
																	<part displayName="120dpi" id="20"/>
																	<part displayName="144dpi" id="21"/>
																	<part displayName="192dpi" id="22"/>
																</parts>
															</group>
														</groups>
													</group>
													<group name="Minimize/Help Button">
														<groups>
															<group name="Button">
																<parts>
																	<part displayName="Active" id="5"/>
																	<part displayName="Inactive" id="6"/>
																</parts>
															</group>
															<group name="Minimize Glyph">
																<parts>
																	<part displayName="96dpi" id="23"/>
																	<part displayName="120dpi" id="24"/>
																	<part displayName="144dpi" id="25"/>
																	<part displayName="192dpi" id="26"/>
																</parts>
															</group>
															<group name="Help Glyph">
																<parts>
																	<part displayName="96dpi" id="15"/>
																	<part displayName="120dpi" id="16"/>
																	<part displayName="144dpi" id="17"/>
																	<part displayName="192dpi" id="18"/>
																</parts>
															</group>
														</groups>
													</group>
												</groups>
											</group>
											<group name="Tool Window">
												<groups>
													<group name="Small Button">
														<parts>
															<part displayName="Active" id="36"/>
															<part displayName="Inactive" id="37"/>
														</parts>
													</group>
													<group name="Small Button Glyph">
														<parts>
															<part displayName="96dpi" id="38"/>
															<part displayName="120dpi" id="39"/>
															<part displayName="144dpi" id="40"/>
															<part displayName="192dpi" id="41"/>
														</parts>
													</group>
												</groups>
											</group>
										</groups>
									</group>
									<group name="Windows 10 Captions">
										<groups>
											<group name="Window">
												<groups>
													<group name="Close Button">
														<groups>
															<group name="Close Glyph">
																<parts>
																	<part displayName="96dpi" id="64"/>
																	<part displayName="120dpi" id="65"/>
																	<part displayName="144dpi" id="66"/>
																	<part displayName="192dpi" id="67"/>
																</parts>
															</group>
														</groups>
													</group>
													<group name="Restore/Maximize Button">
														<groups>
															<group name="Button">
																<parts>
																	<part displayName="Active" id="88"/>
																	<part displayName="Inactive" id="89"/>
																</parts>
															</group>
															<group name="Restore Glyph">
																<parts>
																	<part displayName="96dpi" id="80"/>
																	<part displayName="120dpi" id="81"/>
																	<part displayName="144dpi" id="82"/>
																	<part displayName="192dpi" id="83"/>
																</parts>
															</group>
															<group name="Maximize Glyph">
																<parts>
																	<part displayName="96dpi" id="72"/>
																	<part displayName="120dpi" id="73"/>
																	<part displayName="144dpi" id="74"/>
																	<part displayName="192dpi" id="75"/>
																</parts>
															</group>
														</groups>
													</group>
													<group name="Minimize/Help Button">
														<groups>
															<group name="Button">
																<parts>
																	<part displayName="Active" id="90"/>
																	<part displayName="Inactive" id="91"/>
																</parts>
															</group>
															<group name="Minimize Glyph">
																<parts>
																	<part displayName="96dpi" id="76"/>
																	<part displayName="120dpi" id="77"/>
																	<part displayName="144dpi" id="78"/>
																	<part displayName="192dpi" id="79"/>
																</parts>
															</group>
															<group name="Help Glyph">
																<parts>
																	<part displayName="96dpi" id="68"/>
																	<part displayName="120dpi" id="69"/>
																	<part displayName="144dpi" id="70"/>
																	<part displayName="192dpi" id="71"/>
																</parts>
															</group>
														</groups>
													</group>
												</groups>
											</group>
											<group name="Tool Window">
												<groups>
													<group name="Small Button Glyph">
														<parts>
															<part displayName="96dpi" id="84"/>
															<part displayName="120dpi" id="85"/>
															<part displayName="144dpi" id="86"/>
															<part displayName="192dpi" id="87"/>
														</parts>
													</group>
												</groups>
											</group>
										</groups>
									</group>
									<group name="Misc">
										<parts>
											<part displayName="Loading Spin Animation" id="58"/>
											<part displayName="Touch Indicators" id="59"/>
											<part displayName="Start Button/Metro App Switcher" id="63"/>
										</parts>
									</group>
								</groups>
							</group>
						</groups>
					</class>
					<class displayName="Window" name="CompositedWindow::Window">
						<groups>
							<group display="yes" name="Frames">
								<groups>
									<group display="yes" name="Window">
										<parts>
											<part displayName="Top" id="1"/>
											<part displayName="Left" id="7"/>
											<part displayName="Right" id="8"/>
											<part displayName="Bottom" id="9"/>
											<part displayName="Minimized" id="3"/>
											<part displayName="Maximized" id="5"/>
										</parts>
									</group>
									<group display="yes" name="Tool Window">
										<parts>
											<part displayName="Top" id="2"/>
											<part displayName="Left" id="10"/>
											<part displayName="Right" id="11"/>
											<part displayName="Bottom" id="12"/>
											<part displayName="Minimized" id="4"/>
											<part displayName="Maximized" id="6"/>
										</parts>
									</group>
									<group display="yes" name="Sizing Template">
										<parts>
											<part displayName="Window" id="30"/>
											<part displayName="Tool Window" id="31"/>
											<part displayName="Left Window Border" id="32"/>
											<part displayName="Left Tool Window Border" id="33"/>
											<part displayName="Right Window Border" id="34"/>
											<part displayName="Right Tool Window Border" id="35"/>
											<part displayName="Bottom Window Border" id="36"/>
											<part displayName="Bottom Tool Window Border" id="37"/>
											<part displayName="Frame" id="38"/>
										</parts>
									</group>
								</groups>
							</group>
							<group display="yes" name="Controls">
								<groups>
									<group display="yes" name="Captions">
										<groups>
											<group display="yes" name="Window">
												<parts>
													<part displayName="Close Button" id="18"/>
													<part displayName="Maximized Button" id="17"/>
													<part displayName="Restore Button" id="21"/>
													<part displayName="Minimized Button" id="15"/>
													<part displayName="Help Button" id="23"/>
													<part displayName="System Menu" id="13"/>
												</parts>
											</group>
											<group display="yes" name="Tool Window">
												<parts>
													<part displayName="Close Button" id="19"/>
												</parts>
											</group>
											<group display="yes" name="MDI Window">
												<parts>
													<part displayName="Close Button" id="20"/>
													<part displayName="Restore Button" id="22"/>
													<part displayName="Minimized Button" id="16"/>
													<part displayName="Help Button" id="24"/>
													<part displayName="System Menu" id="14"/>
												</parts>
											</group>
										</groups>
									</group>
									<group display="yes" name="Misc">
										<groups>
											<group display="yes" name="Horizontal">
												<parts>
													<part displayName="Scroll" id="25"/>
													<part displayName="Thumb" id="26"/>
												</parts>
											</group>
											<group display="yes" name="Vertical">
												<parts>
													<part displayName="Scroll" id="27"/>
													<part displayName="Thumb" id="28"/>
												</parts>
											</group>
										</groups>
										<parts>
											<part displayName="Dialog" id="29"/>
										</parts>
									</group>
								</groups>
							</group>
						</groups>
					</class>
				</classes>
			</group>
		</groups>
	</group>
	<group display="yes" name="Taskbar &amp; System Tray">
		<groups>
			<group display="yes" name="TaskBar">
				<groups>
					<group name="Aero">
						<classes>
							<class displayName="TaskBar (For SIB Only)" name="TaskBar2Composited::Taskbar"/>
							<class displayName="ToolBar" name="TaskBarComposited::Toolbar"/>
							<class displayName="ToolBar (Vertical)" name="TaskBarVertComposited::Toolbar"/>
							<class displayName="Rebar" name="TaskBarComposited::Rebar"/>
							<class displayName="Rebar (Small Icons)" name="TaskBarSmallIcons::Rebar"/>
							<class displayName="Show Desktop (For SIB Only)" name="ShowDesktop::Button"/>
							<class displayName="Show Desktop (Vertical) (For SIB Only)" name="VerticalShowDesktop::Button"/>
							<class displayName="Taskbar Show Desktop" name="TaskbarShowDesktop"/>
							<class displayName="Start Button" name="TaskbarPearl"/>
						</classes>
					</group>
					<group name="Basic">
						<classes>
							<class displayName="TaskBar" name="TaskBar2::Taskbar"/>
							<class displayName="ToolBar" name="TaskBar::Toolbar"/>
							<class displayName="ToolBar (Vertical)" name="TaskBarVert::Toolbar"/>
							<class displayName="Rebar" name="TaskBar::Rebar"/>
							<class displayName="HC Black Rebar" name="TaskBarHCBlack::Rebar"/>
							<class displayName="Small Icons HC Black Rebar" name="TaskBarSmallIconsHCBlack::Rebar"/>
							<class displayName="HC White Rebar" name="TaskBarHCWhite::Rebar"/>
							<class displayName="Small Icons HC White Rebar" name="TaskBarSmallIconsHCWhite::Rebar"/>
						</classes>
					</group>
				</groups>
			</group>
			<group display="yes" name="TaskBand">
				<groups>
					<group name="Aero">
						<classes>
							<class displayName="TaskBand" name="TaskBand2Composited::TaskBand2"/>
							<class displayName="TaskBand ({match})" name="TaskBand2Composited*::TaskBand2"/>
							<class displayName="Scroll Bar" name="TaskBand2Composited::ScrollBar"/>
							<class displayName="Scroll Bar" name="TaskBand2Composited8::ScrollBar"/>
						</classes>
						<groups>
							<group display="yes" name="TaskBandExtendedUI">
								<classes>
									<class displayName="Thumbnails &amp; Controls" name="TaskbandExtendedUI"/>
									<class displayName="Windows 8 Thumbnails &amp; Controls" name="W8::TaskbandExtendedUI"/>
									<class displayName="SiB Thumbnails &amp; Controls" name="W10::TaskbandExtendedUI"/>
								</classes>
							</group>
						</groups>
					</group>
					<group name="Basic">
						<classes>
							<class displayName="TaskBand" name="TaskBand2"/>
							<class displayName="TaskBand ({match})" name="TaskBand2*::Taskband2"/>
							<class displayName="Scroll Bar" name="TaskBand2::ScrollBar"/>
						</classes>
					</group>
				</groups>
			</group>
			<group display="yes" name="System Tray">
				<groups>
					<group displayName="yes" name="Aero">
						<classes>
							<class displayName="{match}" name="TrayNotifyComposited::*"/>
							<class displayName="Flyout" name="Composited::TrayNotifyFlyout"/>
						</classes>
						<groups>
							<group displayName="yes" name="Horizontal">
								<classes>
									<class displayName="System Tray Flyout Button Top" name="TrayNotifyHorizOpenComposited::Button"/>
									<class displayName="System Tray Flyout Button Bottom" name="TrayNotifyHorizComposited::Button"/>
									<class displayName="{match}" name="TrayNotifyHorizComposited::*"/>
								</classes>
							</group>
							<group displayName="yes" name="Vertical">
								<classes>
									<class displayName="System Tray Flyout Button Left" name="TrayNotifyVertOpenComposited::Button"/>
									<class displayName="System Tray Flyout Button Right" name="TrayNotifyVertComposited::Button"/>
									<class displayName="{match}" name="TrayNotifyVertComposited::*"/>
									</classes>
							</group>
						</groups>
					</group>
					<group displayName="yes" name="Basic">
						<classes>
							<class displayName="{match}" name="TrayNotify::*"/>
							<class displayName="Tray Notify Flyout" name="TrayNotifyFlyout"/>
							<class displayName="System Tray Icons Panel Flyout" name="Flyout"/>
						</classes>
						<groups>
							<group displayName="yes" name="Horizontal">
								<classes>
									<class displayName="System Tray Flyout Button Top" name="TrayNotifyHorizOpen::Button"/>
									<class displayName="System Tray Flyout Button Bottom" name="TrayNotifyHoriz::Button"/>
									<class displayName="HC System Tray Flyout Button Top" name="TrayNotifyHorizOpenHCWhite::Button"/>
									<class displayName="HC System Tray Flyout Button Bottom" name="TrayNotifyHorizHCWhite::Button"/>									
									<class displayName="{match}" name="TrayNotifyHoriz::*"/>
									</classes>
							</group>
							<group displayName="yes" name="Vertical">
								<classes>
									<class displayName="System Tray Flyout Button Left" name="TrayNotifyVertOpen::Button"/>
									<class displayName="System Tray Flyout Button Right" name="TrayNotifyVert::Button"/>
									<class displayName="HC System Tray Flyout Button Left" name="TrayNotifyVertOpenHCWhite::Button"/>
									<class displayName="HC System Tray Flyout Button Right" name="TrayNotifyVertHCWhite::Button"/>									
									<class displayName="{match}" name="TrayNotifyVert::*"/>
									</classes>
							</group>
						</groups>
					</group>
				</groups>
			</group>
		</groups>
	</group>
	<group display="yes" name="Toolbars, Headers, &amp; Rebar">
		<groups>
			<group name="Rebar">
				<classes>
					<class displayName="AlternateRebar" name="AlternateRebar::Rebar"/>
					<class displayName="BrowserTabBar" name="BrowserTabBar::Rebar"/>
					<class displayName="Communications" name="Communications::Rebar"/>
					<class displayName="ITBarBase" name="ITBarBase::Rebar"/>
					<class displayName="Media" name="Media::Rebar"/>
					<class displayName="Rebar" name="Rebar"/>
				</classes>
				<groups>
					<group name="NavBar">
						<groups>
							<group name="Aero">
								<groups>
									<group name="Normal">
										<classes>
											<class displayName="Active" name="NavbarComposited::Rebar"/>
											<class displayName="Inactive" name="InactiveNavbarComposited::Rebar"/>
										</classes>
									</group>
									<group name="Max">
										<classes>
											<class displayName="Active" name="MaxNavbarComposited::Rebar"/>
											<class displayName="Inactive" name="MaxInactiveNavbarComposited::Rebar"/>
										</classes>
									</group>
								</groups>
							</group>
							<group name="Basic">
								<classes>
									<class displayName="Base" name="NavbarBase::Rebar"/>
									<class displayName="NonTopmost" name="NavbarNonTopmost::Rebar"/>
								</classes>
								<groups>
									<group name="Normal">
										<classes>
											<class displayName="Active" name="Navbar::Rebar"/>
											<class displayName="Inactive" name="InactiveNavbar::Rebar"/>
										</classes>
									</group>
									<group name="Max">
										<classes>
											<class displayName="Active" name="MaxNavbar::Rebar"/>
											<class displayName="Inactive" name="MaxInactiveNavbar::Rebar"/>
										</classes>
									</group>
								</groups>
							</group>
						</groups>
					</group>
				</groups>
			</group>
			<group name="Toolbars &amp; Headers">
				<classes>
					<class displayName="Alternate" name="Alternate::Toolbar"/>
					<class displayName="Communications" name="Communications::Toolbar"/>
					<class displayName="Header" name="Header"/>
					<class displayName="LVPopup" name="LVPopup::Toolbar"/>
					<class displayName="Media" name="Media::Toolbar"/>
					<class displayName="Status" name="Status"/>
					<class displayName="Toolbar" name="Toolbar"/>
					<class displayName="List View Pop-up" name="ListViewPopUp"/>
					<class displayName="List View Pop-up (Bottom)" name="LVPopUpBottom::Toolbar"/>
					<class displayName="Items View Header" name="ItemsView::Header"/>
				</classes>
			</group>
		</groups>
	</group>
	<group display="yes" name="Address, Breadcrumb, &amp; Search">
		<groups>
			<group name="Address">
				<groups>
					<group name="AddressBand">
						<groups>
							<group name="Aero">
								<classes>
									<class displayName="AddressBand" name="ABComposited::AddressBand"/>
									<class displayName="AddressBand: Green" name="ABGreenComposited::AddressBand"/>
									<class displayName="AddressBand: Red" name="ABRedComposited::AddressBand"/>
									<class displayName="AddressBand: Yellow" name="ABYellowComposited::AddressBand"/>
								</classes>
							</group>
							<group name="Basic">
								<classes>
									<class displayName="AddressBand" name="AB::AddressBand"/>
									<class displayName="AddressBand: Green" name="ABGreen::AddressBand"/>
									<class displayName="AddressBand: Red" name="ABRed::AddressBand"/>
									<class displayName="AddressBand: Yellow" name="ABYellow::AddressBand"/>
								</classes>
							</group>
						</groups>
					</group>
					<group name="Go Toolbar">
						<groups>
							<group name="Aero">
								<groups>
									<group name="Normal">
										<classes>
											<class displayName="Active" name="GoComposited::Toolbar"/>
											<class displayName="InActive" name="InactiveGoComposited::Toolbar"/>
										</classes>
									</group>
									<group name="Max">
										<classes>
											<class displayName="Active" name="MaxGoComposited::Toolbar"/>
											<class displayName="InActive" name="MaxInactiveGoComposited::Toolbar"/>
										</classes>
									</group>
								</groups>
							</group>
							<group name="Basic">
								<groups>
									<group name="Normal">
										<classes>
											<class displayName="Active" name="Go::Toolbar"/>
											<class displayName="InActive" name="InactiveGo::Toolbar"/>
										</classes>
									</group>
									<group name="Max">
										<classes>
											<class displayName="Active" name="MaxGo::Toolbar"/>
											<class displayName="InActive" name="MaxInactiveGo::Toolbar"/>
										</classes>
									</group>
								</groups>
							</group>
						</groups>
					</group>
					<group name="ComboBox">
						<groups>
							<group name="Aero">
								<groups>
									<group name="Normal">
										<classes>
											<class displayName="Active" name="AddressComposited::ComboBox"/>
											<class displayName="Inactive" name="InactiveAddressComposited::ComboBox"/>
										</classes>
									</group>
									<group name="Max">
										<classes>
											<class displayName="Active" name="MaxAddressComposited::ComboBox"/>
											<class displayName="Inactive" name="MaxInactiveAddressComposited::ComboBox"/>
										</classes>
									</group>
								</groups>
							</group>
							<group name="Basic">
								<groups>
									<group name="Normal">
										<classes>
											<class displayName="Active" name="Address::ComboBox"/>
											<class displayName="Inactive" name="InactiveAddress::ComboBox"/>
										</classes>
									</group>
									<group name="Max">
										<classes>
											<class displayName="Active" name="MaxAddress::ComboBox"/>
											<class displayName="Inactive" name="MaxInactiveAddress::ComboBox"/>
										</classes>
									</group>
								</groups>
							</group>
						</groups>
					</group>
					<group name="Edit">
						<groups>
							<group name="Aero">
								<groups>
									<group name="Normal">
										<classes>
											<class displayName="Active" name="AddressComposited::Edit"/>
											<class displayName="Inactive" name="InactiveAddressComposited::Edit"/>
										</classes>
									</group>
									<group name="Max">
										<classes>
											<class displayName="Active" name="MaxAddressComposited::Edit"/>
											<class displayName="Inactive" name="MaxInactiveAddressComposited::Edit"/>
										</classes>
									</group>
								</groups>
							</group>
							<group name="Basic">
								<groups>
									<group name="Normal">
										<classes>
											<class displayName="Active" name="Address::Edit"/>
											<class displayName="Inactive" name="InactiveAddress::Edit"/>
										</classes>
									</group>
									<group name="Max">
										<classes>
											<class displayName="Active" name="MaxAddress::Edit"/>
											<class displayName="Inactive" name="MaxInactiveAddress::Edit"/>
										</classes>
									</group>
								</groups>
							</group>
						</groups>
					</group>
				</groups>
			</group>
			<group name="Breadcrumb">
				<groups>
					<group name="Aero">
						<groups>
							<group name="Normal">
								<classes>
									<class displayName="Overflow Active" name="BreadcrumbBarComposited::BreadcrumbBar"/>
									<class displayName="Overflow Inactive" name="InactiveBreadcrumbBarComposited::BreadcrumbBar"/>
									<class displayName="Active Crumbs" name="BBComposited::Toolbar"/>
									<class displayName="Inactive Crumbs" name="InactiveBBComposited::Toolbar"/>
								</classes>
							</group>
							<group name="Max">
								<classes>
									<class displayName="Overflow Active" name="MaxBreadcrumbBarComposited::BreadcrumbBar"/>
									<class displayName="Overflow Inactive" name="MaxInactiveBreadcrumbBarComposited::BreadcrumbBar"/>
									<class displayName="Active Crumbs" name="MaxBBComposited::Toolbar"/>
									<class displayName="Inactive Crumbs" name="MaxInactiveBBComposited::Toolbar"/>
								</classes>
							</group>
						</groups>
					</group>
					<group name="Basic">
						<groups>
							<group name="Normal">
								<classes>
									<class displayName="Overflow Active" name="BreadcrumbBar"/>
									<class displayName="Overflow Inactive" name="InactiveBreadcrumbBar::BreadcrumbBar"/>
									<class displayName="Active Crumbs" name="BB::Toolbar"/>
									<class displayName="InActive Crumbs" name="InactiveBB::Toolbar"/>
								</classes>
							</group>
							<group name="Max">
								<classes>
									<class displayName="Overflow Active" name="MaxBreadcrumbBar::BreadcrumbBar"/>
									<class displayName="Overflow Inactive" name="MaxInactiveBreadcrumbBar::BreadcrumbBar"/>
									<class displayName="Active Crumbs" name="MaxBB::Toolbar"/>
									<class displayName="InActive Crumbs" name="MaxInactiveBB::Toolbar"/>
								</classes>
							</group>
						</groups>
					</group>
				</groups>
			</group>
			<group name="Search">
				<classes>
					<class displayName="SearchHome" name="SearchHome"/>
					<class displayName="TryHarder" name="TryHarder"/>
				</classes>
				<groups>
					<group name="Button Toolbar">
						<classes>
							<class displayName="Aero" name="SearchButtonComposited::Toolbar"/>
							<class displayName="Basic" name="SearchButton::Toolbar"/>
						</classes>
					</group>
					<group name="Edit">
						<groups>
							<group name="Aero">
								<groups>
									<group name="Normal">
										<classes>
											<class displayName="Active" name="SearchBoxEditComposited::Edit"/>
											<class displayName="Inactive" name="InactiveSearchBoxEditComposited::Edit"/>
										</classes>
									</group>
									<group name="Max">
										<classes>
											<class displayName="Active" name="MaxSearchBoxEditComposited::Edit"/>
											<class displayName="Inactive" name="MaxInactiveSearchBoxEditComposited::Edit"/>
										</classes>
									</group>
								</groups>
							</group>
							<group name="Basic">
								<groups>
									<group name="Normal">
										<classes>
											<class displayName="Active" name="SearchBoxEdit::Edit"/>
											<class displayName="Inactive" name="InactiveSearchBoxEdit::Edit"/>
										</classes>
									</group>
									<group name="Max">
										<classes>
											<class displayName="Active" name="MaxSearchBoxEdit::Edit"/>
											<class displayName="Inactive" name="MaxInactiveSearchBoxEdit::Edit"/>
										</classes>
									</group>
								</groups>
							</group>
						</groups>
						<classes>
							<class displayName="SearchEdit" name="SearchEditBox"/>
						</classes>
					</group>
					<group name="SearchBox">
						<groups>
							<group name="Aero">
								<groups>
									<group name="Normal">
										<classes>
											<class displayName="Active" name="SearchBoxComposited::SearchBox"/>
											<class displayName="Inactive" name="InactiveSearchBoxComposited::SearchBox"/>
										</classes>
									</group>
									<group name="Max">
										<classes>
											<class displayName="Active" name="MaxSearchBoxComposited::SearchBox"/>
											<class displayName="Inactive" name="MaxInactiveSearchBoxComposited::SearchBox"/>
										</classes>
									</group>
								</groups>
							</group>
							<group name="Basic">
								<groups>
									<group name="Normal">
										<classes>
											<class displayName="Active" name="SearchBox"/>
											<class displayName="Inactive" name="InactiveSearchBox::SearchBox"/>
										</classes>
									</group>
									<group name="Max">
										<classes>
											<class displayName="Active" name="MaxSearchBox::SearchBox"/>
											<class displayName="Inactive" name="MaxInactiveSearchBox::SearchBox"/>
										</classes>
									</group>
								</groups>
							</group>
						</groups>
					</group>
				</groups>
			</group>
		</groups>
	</group>
	<group display="yes" name="Buttons, Boxes, &amp; Controls">
		<groups>
			<group name="Buttons">
				<classes>
					<class displayName="Button" name="Button"/>
					<class displayName="Spin" name="Spin"/>
					<class displayName="Navigation" name="Navigation"/>
				</classes>
			</group>
			<group name="Boxes">
				<classes>
					<class displayName="ListBox" name="ListBox"/>
					<class displayName="ComboBox" name="Combobox"/>
					<class displayName="Communications ComboBox" name="Communications::Combobox"/>
				</classes>
				<groups>
					<group name="Edit">
						<classes>
							<class displayName="Aero" name="EditComposited::Edit"/>
							<class displayName="Basic" name="Edit"/>
						</classes>
					</group>
				</groups>
			</group>
			<group name="Scroll Bars &amp; Trackers">
				<classes>
					<class displayName="ScrollBar" name="ScrollBar"/>
					<class displayName="TrackBar" name="TrackBar"/>
				</classes>
			</group>
			<group name="Progress Bars">
				<classes>
					<class displayName="Normal" name="Progress"/>
					<class displayName="Indeterminate" name="Indeterminate::Progress"/>
				</classes>
			</group>
		</groups>
	</group>
	<group display="yes" name="Lists, Menus, &amp; Tabs">
		<classes>
			<class displayName="BrowserTab" name="BrowserTab::Tab"/>
			<class displayName="Tab" name="Tab"/>
			<class displayName="EmptyMarkup" name="EmptyMarkup"/>
			<class displayName="ListView" name="ListView"/>
			<class displayName="TreeView" name="TreeView"/>
			<class displayName="Context Menu" name="Menu"/>
			<class displayName="Immersive Context Menu" name="ImmersiveStart::Menu"/>
			<class displayName="Immersive Dark Context Menu" name="ImmersiveStartDark::Menu"/>
			<class displayName="Communications Menu" name="Communications::Menu"/>
			<class displayName="Media Menu" name="Media::Menu"/>
			<class displayName="DropList" name="DropListControl"/>
		</classes>
	</group>
	<group display="yes" name="Explorer &amp; Shell">
		<groups>
			<group name="Explorer">
				<classes>
					<class displayName="Menu Bar" name="Default::Rebar"/>
					<class displayName="Edit" name="Explorer::Edit"/>
					<class displayName="ListView" name="Explorer::ListView"/>
					<class displayName="TreeView" name="Explorer::TreeView"/>
					<class displayName="CommandModule" name="CommandModule"/>
					<class displayName="Tooltip" name="Tooltip"/>
					<class displayName="ReadingPane" name="ReadingPane"/>
					<class displayName="InfoBar" name="InfoBar"/>
					<class displayName="PreviewPane" name="PreviewPane"/>
					<class displayName="ProperTree (Navigation Pane)" name="ProperTree"/>
					<class displayName="PlacesBar" name="Placesbar::Toolbar"/>
				</classes>
				<groups>
					<group name="Items View">
						<classes>
							<class displayName="ItemsView" name="ItemsView"/>
							<class displayName="ListView" name="ItemsView::ListView"/>
						</classes>
					</group>
					<group name="Control Panel">
						<classes>
							<class displayName="CommandModule" name="CPLCommandModule::CommandModule"/>
							<class displayName="ControlPanel" name="ControlPanel"/>
						</classes>
					</group>
					<group name="Explorer Bar">
						<classes>
							<class displayName="Bar" name="ExplorerBar"/>
							<class displayName="Rebar" name="ExplorerBar::Rebar"/>
						</classes>
					</group>
					<group name="Menu">
						<classes>
							<class displayName="MenuBand" name="ExplorerMenu::MenuBand"/>
							<class displayName="Toolbar" name="ExplorerMenu::Toolbar"/>
						</classes>
					</group>
					<group name="Help">
						<classes>
							<class displayName="Header" name="Help::ReBar"/>
							<class displayName="{match}" name="Help::*"/>
							<class displayName="SearchBox" name="HelpSearchBox"/>
						</classes>
					</group>
				</groups>
			</group>
			<group name="Shell">
				<classes>
					<class displayName="AeroWizard" name="AeroWizard"/>
					<class displayName="AltTab" name="AltTab"/>
					<class displayName="MonthCal" name="MonthCal"/>
					<class displayName="TaskDialog" name="TaskDialog"/>
					<class displayName="DatePicker" name="DatePicker"/>
					<class displayName="DragDrop" name="DragDrop"/>
					<class displayName="Link" name="Link"/>
					<class displayName="TextGlow" name="TextGlow"/>
				</classes>
				<groups>
					<group name="InfoPane">
						<classes>
							<class displayName="Static" name="InfoPaneStatic::Static"/>
							<class displayName="Button" name="InfoPaneButton::Button"/>
							<class displayName="Toolbar" name="InfoPaneToolbar::Toolbar"/>
						</classes>
					</group>
					<group name="PreviewPaneControl">
						<classes>
							<class displayName="{match}:Edit" name="*PreviewPaneControl:*"/>
						</classes>
					</group>
				</groups>
			</group>
		</groups>
	</group>
	<group display="yes" name="Vista Legacy">
		<groups>
			<group display="yes" name="Start Menu">
				<classes>
					<class displayName="Basic" name="StartPanel"/>
				</classes>
			</group>
			<group display="yes" name="Taskbar &amp; System Tray">
				<groups>
					<group display="yes" name="Taskbar">
						<groups>
							<group name="Aero">
								<classes>
									<class displayName="{match}" name="TaskbarComposited::*"/>
								</classes>
							</group>
							<group name="Basic">
								<classes>
									<class displayName="{match}" name="Taskbar::*"/>
									<class displayName="{name}" name="Taskbar"/>
								</classes>
							</group>
						</groups>
					</group>
					<group display="yes" name="Taskband">
						<groups>
							<group name="Basic">
								<classes>
									<class displayName="" name="Taskband"/>
									<class displayName="{match}" name="Taskband::*"/>
									<class displayName="Toolbar:GroupMenu" name="TaskBandGroupMenu::Toolbar"/>
									<class displayName="Toolbar:Vert" name="TaskBandVert::Toolbar"/>
								</classes>
							</group>
						</groups>
					</group>
				</groups>
			</group>
		</groups>
	</group>
	<group display="yes" name="Windows 10 (New Classes)">
		<groups>
			<group name="Task Manager">
				<classes>
					<class displayName="Task Manager" name="TaskManager">
						<groups>
							<group name="Heatmap">
								<parts>
									<part id="3" displayName="Background"/>
									<part id="4" displayName="Level 0"/>
									<part id="5" displayName="Level 1"/>
									<part id="6" displayName="Level 2"/>
									<part id="7" displayName="Level 3"/>
									<part id="8" displayName="Level 4"/>
									<part id="9" displayName="Level 5"/>
									<part id="10" displayName="Level 6"/>
									<part id="11" displayName="Level 7"/>
									<part id="12" displayName="Level 8"/>
									<part id="13" displayName="Level 9"/>
									<part id="43" displayName="Header Level 9"/>
									<part id="45" displayName="Highlighted Program Separator"/>
									<part id="46" displayName="Selected Program Separator"/>
								</parts>
							</group>
							<group name="CPU Heatmap">
								<parts>
									<part id="25" displayName="Usage Label"/>
									<part id="26" displayName="Level 0"/>
									<part id="27" displayName="Level 1"/>
									<part id="28" displayName="Level 2"/>
									<part id="29" displayName="Level 3"/>
									<part id="30" displayName="Level 4"/>
									<part id="31" displayName="Level 5"/>
									<part id="32" displayName="Unknown Level 0"/>
									<part id="33" displayName="Unknown Level 1"/>
									<part id="34" displayName="Unknown Level 2"/>
									<part id="35" displayName="Unknown Level 3"/>
									<part id="36" displayName="Unknown Level 4"/>
									<part id="37" displayName="Unknown Level 5"/>
									<part id="38" displayName="Border"/>
									<part id="39" displayName="Row Line"/>
									<part id="40" displayName="Column Line"/>
								</parts>
							</group>
							<group name="Headers">
								<parts>
									<part id="14" displayName="Chart Name"/>
									<part id="15" displayName="Hardware Name"/>
									<part id="16" displayName="Group Header"/>
									<part id="17" displayName="Attribute Label"/>
									<part id="18" displayName="Attribute Value / Child Window Label"/>
									<part id="19" displayName="Statistic Value"/>
									<part id="24" displayName="Header Label"/>
									<part id="42" displayName="Separator Gradient 1"/>
									<part id="41" displayName="Separator Gradient 2"/>
									<part id="44" displayName="Graph Scale"/>
								</parts>
							</group>
							<group name="Memory Composition">
								<parts>
									<part id="20" displayName="Free and Standby"/>
									<part id="21" displayName="In use"/>
									<part id="22" displayName="Modified"/>
									<part id="23" displayName="Separator"/>
								</parts>
							</group>
						</groups>
					</class>
					<class displayName="Performance Charts" name="ChartView">
						<groups>
							<group name="CPU">
								<parts>
									<part id="1" displayName="Background"/>
									<part id="2" displayName="Border"/>
									<part id="3" displayName="Grid"/>
									<part id="4" displayName="Utilization Border"/>
									<part id="5" displayName="Utilization Fill"/>
									<part id="6" displayName="Kerning Border"/>
									<part id="7" displayName="Kerning Fill"/>
								</parts>
							</group>
							<group name="Memory">
								<parts>
									<part id="8" displayName="Background"/>
									<part id="9" displayName="Border"/>
									<part id="10" displayName="Grid"/>
									<part id="11" displayName="Usage Border"/>
									<part id="12" displayName="Usage Fill"/>
									<part id="13" displayName="Not Used"/>
									<part id="14" displayName="Not Used"/>
								</parts>
							</group>
							<group name="Disk">
								<parts>
									<part id="15" displayName="Background"/>
									<part id="16" displayName="Border"/>
									<part id="17" displayName="Grid"/>
									<part id="18" displayName="Read Speed / Active Time Border"/>
									<part id="19" displayName="Active Time Fill"/>
									<part id="20" displayName="Write Speed Border"/>
									<part id="21" displayName="Not Used"/>
								</parts>
							</group>
							<group name="Ethernet / Wi-Fi">
								<parts>
									<part id="22" displayName="Background"/>
									<part id="23" displayName="Border"/>
									<part id="24" displayName="Grid"/>
									<part id="25" displayName="Receive Border"/>
									<part id="26" displayName="Receive Fill"/>
									<part id="27" displayName="Send Border"/>
									<part id="28" displayName="Not Used"/>
								</parts>
							</group>
							<group name="Copy">
								<parts>
									<part id="30" displayName="Grid"/>
									<part id="31" displayName="Transfer Speed Border"/>
									<part id="32" displayName="Transfer Speed Fill"/>
									<part id="33" displayName="Transfer Speed Progress Border"/>
									<part id="34" displayName="Transfer Speed Top Fill"/>
								</parts>
							</group>
						</groups>
					</class>
				</classes>
			</group>
		</groups>
		<classes>
			<class displayName="DWM Touch" name="DWMTouch"/>
			<class displayName="DWM Pen" name="DWMPen"/>
			<class displayName="Copy Close" name="CopyClose"/>
			<class displayName="Pause" name="Pause"/>
			<class displayName="Text Selection Gripper" name="TextSelectionGripper"/>
			<class displayName="Status Bar Separator" name="ShellStatusBarSeparator"/>
			<class displayName="Barrier Page (Home Groups)" name="BarrierPage"/>
			<class displayName="Static" name="Static"/>
			<class displayName="Desktop ListView" name="Desktop::ListView"/>
			<class displayName="People Band" name="PeopleBand"/>
		</classes>
	</group>
	<group display="yes" name="Windows 10 Dark Mode">
		<groups>
			<group display="yes" name="Toolbars, Headers, &amp; Rebar">
				<groups>
					<group name="Rebar">
						<groups>
							<group name="NavBar">
								<groups>
									<group name="Aero">
										<groups>
											<group name="Normal">
												<classes>
													<class displayName="Active" name="DarkModeNavbarComposited::Rebar"/>
													<class displayName="Inactive" name="DarkModeInactiveNavbarComposited::Rebar"/>
												</classes>
											</group>
											<group name="Max">
												<classes>
													<class displayName="Active" name="DarkModeMaxNavbarComposited::Rebar"/>
													<class displayName="Inactive" name="DarkModeMaxInactiveNavbarComposited::Rebar"/>
												</classes>
											</group>
										</groups>
									</group>
									<group name="Basic">
										<classes>
											<class displayName="Base" name="DarkModeNavbarBase::Rebar"/>
											<class displayName="NonTopmost" name="DarkModeNavbarNonTopmost::Rebar"/>
										</classes>
										<groups>
											<group name="Normal">
												<classes>
													<class displayName="Active" name="DarkModeNavbar::Rebar"/>
													<class displayName="Inactive" name="DarkModeInactiveNavbar::Rebar"/>
												</classes>
											</group>
											<group name="Max">
												<classes>
													<class displayName="Active" name="DarkModeMaxNavbar::Rebar"/>
													<class displayName="Inactive" name="DarkModeMaxInactiveNavbar::Rebar"/>
												</classes>
											</group>
										</groups>
									</group>
								</groups>
							</group>
						</groups>
					</group>
					<group name="Toolbars &amp; Headers">
						<classes>
							<class displayName="Toolbar" name="DarkMode::Toolbar"/>
							<class displayName="Items View Header" name="DarkMode_ItemsView::Header"/>
						</classes>
					</group>
				</groups>
			</group>
			<group display="yes" name="Address, Breadcrumb, &amp; Search">
				<groups>
					<group name="Address">
						<groups>
							<group name="AddressBand">
								<classes>
									<class displayName="AddressBand" name="DarkMode_ABComposited::AddressBand"/>
								</classes>
							</group>
							<group name="ComboBox">
								<groups>
									<group name="Normal">
										<classes>
											<class displayName="Active" name="DarkMode_AddressComposited::ComboBox"/>
											<class displayName="Inactive" name="DarkMode_InactiveAddressComposited::ComboBox"/>
										</classes>
									</group>
									<group name="Max">
										<classes>
											<class displayName="Active" name="DarkMode_MaxAddressComposited::ComboBox"/>
											<class displayName="Inactive" name="DarkMode_MaxInactiveAddressComposited::ComboBox"/>
										</classes>
									</group>
								</groups>
							</group>
							<group name="Edit">
								<groups>
									<group name="Normal">
										<classes>
											<class displayName="Active" name="DarkMode_AddressComposited::Edit"/>
											<class displayName="Inactive" name="DarkMode_InactiveAddressComposited::Edit"/>
										</classes>
									</group>
									<group name="Max">
										<classes>
											<class displayName="Active" name="DarkMode_MaxAddressComposited::Edit"/>
											<class displayName="Inactive" name="DarkMode_MaxInactiveAddressComposited::Edit"/>
										</classes>
									</group>
								</groups>
							</group>
						</groups>
					</group>
					<group name="Breadcrumb">
						<groups>
							<group name="Normal">
								<classes>
									<class displayName="Active Crumbs" name="DarkMode_BBComposited::Toolbar"/>
									<class displayName="Inactive Crumbs" name="DarkMode_InactiveBBComposited::Toolbar"/>
								</classes>
							</group>
							<group name="Max">
								<classes>
									<class displayName="Active Crumbs" name="DarkMode_MaxBBComposited::Toolbar"/>
									<class displayName="Inactive Crumbs" name="DarkMode_MaxInactiveBBComposited::Toolbar"/>
								</classes>
							</group>
						</groups>
					</group>
					<group name="Search">
						<classes>
							<class displayName="TryHarder" name="DarkMode::TryHarder"/>
						</classes>
						<groups>
							<group name="Edit">
								<groups>
									<group name="Aero">
										<groups>
											<group name="Normal">
												<classes>
													<class displayName="Active" name="DarkMode_SearchBoxEditComposited::Edit"/>
													<class displayName="Inactive" name="DarkMode_InactiveSearchBoxEditComposited::Edit"/>
												</classes>
											</group>
											<group name="Max">
												<classes>
													<class displayName="Active" name="DarkMode_MaxSearchBoxEditComposited::Edit"/>
													<class displayName="Inactive" name="DarkMode_MaxInactiveSearchBoxEditComposited::Edit"/>
												</classes>
											</group>
										</groups>
									</group>
								</groups>
							</group>
							<group name="SearchBox">
								<groups>
									<group name="Aero">
										<groups>
											<group name="Normal">
												<classes>
													<class displayName="Active" name="DarkMode_SearchBoxComposited::SearchBox"/>
													<class displayName="Inactive" name="DarkMode_InactiveSearchBoxComposited::SearchBox"/>
												</classes>
											</group>
											<group name="Max">
												<classes>
													<class displayName="Active" name="DarkMode_MaxSearchBoxComposited::SearchBox"/>
													<class displayName="Inactive" name="DarkMode_MaxInactiveSearchBoxComposited::SearchBox"/>
												</classes>
											</group>
										</groups>
									</group>
									<group name="Basic">
										<groups>
											<group name="Normal">
												<classes>
													<class displayName="Active" name="DarkMode::SearchBox"/>
												</classes>
											</group>
										</groups>
									</group>
								</groups>
							</group>
						</groups>
					</group>
				</groups>
			</group>
			<group display="yes" name="Buttons, Boxes, &amp; Controls">
				<groups>
					<group name="Buttons">
						<classes>
							<class displayName="Explorer Button" name="Explorer::Button"/>
							<class displayName="DarkMode Explorer Button" name="DarkMode_Explorer::Button"/>
							<class displayName="Navigation" name="DarkMode::Navigation"/>
						</classes>
					</group>
					<group name="Boxes">
						<classes>
							<class displayName="CFD ComboBox" name="CFD::Combobox"/>
							<class displayName="DarkMode CFD ComboBox" name="DarkMode_CFD::Combobox"/>
						</classes>
					</group>
					<group name="Scroll Bars &amp; Trackers">
						<classes>
							<class displayName="Explorer ScrollBar" name="Explorer::ScrollBar"/>
							<class displayName="DarkMode Explorer ScrollBar" name="DarkMode_Explorer::ScrollBar"/>
						</classes>
					</group>
				</groups>
			</group>
			<group display="yes" name="Lists, Menus, &amp; Tabs">
				<classes>
					<class displayName="Context Menu" name="DarkMode::Menu"/>
					<class displayName="Immersive Context Menu" name="DarkMode_ImmersiveStart::Menu"/>
				</classes>
			</group>
			<group display="yes" name="Explorer &amp; Shell">
				<groups>
					<group name="Explorer">
						<classes>
							<class displayName="TreeView" name="DarkMode_Explorer::TreeView"/>
							<class displayName="CommandModule" name="DarkMode::CommandModule"/>
							<class displayName="Explorer CommandModule" name="Explorer::CommandModule"/>
							<class displayName="DarkMode Explorer CommandModule" name="DarkMode_Explorer::CommandModule"/>
							<class displayName="Explorer Tooltip" name="DarkMode_Explorer::Tooltip"/>
							<class displayName="ReadingPane" name="DarkMode::ReadingPane"/>
							<class displayName="PreviewPane" name="DarkMode::PreviewPane"/>
							<class displayName="ProperTree" name="DarkMode::ProperTree"/>
							<class displayName="Explorer Nav Pane" name="ExplorerNavPane"/>
							<class displayName="DarkMode Explorer Nav Pane" name="DarkMode::ExplorerNavPane"/>
						</classes>
						<groups>
							<group name="Edit">
								<classes>
									<class displayName="Explorer Edit" name="DarkMode_Explorer::Edit"/>
									<class displayName="CFD Edit" name="DarkMode_CFD::Edit"/>
								</classes>
							</group>
						</groups>
						<groups>
							<group name="Items View">
								<classes>
									<class displayName="ItemsView" name="DarkMode::ItemsView"/>
									<class displayName="ListView" name="DarkMode_ItemsView::ListView"/>
								</classes>
							</group>
							<group name="Status Bar">
								<classes>
									<class displayName="Explorer Status Bar" name="ExplorerStatusBar"/>
									<class displayName="DarkMode Explorer Status Bar" name="DarkMode::ExplorerStatusBar"/>
								</classes>
							</group>
						</groups>
					</group>
					<group name="Shell">
						<groups>
							<group name="InfoPane">
								<classes>
									<class displayName="DarkMode Toolbar" name="DarkMode_InfoPaneToolbar::Toolbar"/>
								</classes>
							</group>
							<group name="PreviewPaneControl">
								<classes>
									<class displayName="CommonItemsDialog:Edit" name="CommonItemsDialog"/>
									<class displayName="DarkMode CommonItemsDialog:Edit" name="DarkMode::CommonItemsDialog"/>
								</classes>
							</group>
						</groups>
					</group>
				</groups>
			</group>
		</groups>
	</group>
	<group display="yes" name="Animations Map">
		<classes>
			<class displayName="Timing Function" name="TimingFunction"/>
			<class displayName="Animations" name="Animations"/>
		</classes>
	</group>
	<group display="yes" name="Unknown">
		<classes>
			<class displayName="{match}" name="*"/>
			<class displayName="{match}" name="*8::*"/>
		</classes>
	</group>
</groups>